{
  "n_synthetic": 8,
  "n_trials_per_condition": 200,
  "mcmc_config": {
    "num_warmup": 1000,
    "num_samples": 1000,
    "num_chains": 2,
    "target_accept_prob": 0.95
  },
  "per_parameter_per_condition": {
    "changepoint": {
      "H": {
        "r": 0.849552320417029,
        "r2": 0.7217391451259583,
        "passes_gate": false,
        "n_valid": 8,
        "true": [
          0.007836730219423771,
          0.04518304765224457,
          0.10275430232286453,
          0.08635666966438293,
          0.04130474105477333,
          0.0685000941157341,
          0.01039010751992464,
          0.032128021121025085
        ],
        "recovered": [
          0.005443747621029615,
          0.012554971501231194,
          0.018964221701025963,
          0.015584704466164112,
          0.005468839779496193,
          0.017247306182980537,
          0.009594885632395744,
          0.011095230467617512
        ]
      },
      "LW": {
        "r": 0.42506653829732644,
        "r2": 0.18068156198007249,
        "passes_gate": false,
        "n_valid": 8,
        "true": [
          0.7978686094284058,
          0.6235897541046143,
          0.11800038814544678,
          0.15522344410419464,
          0.28075265884399414,
          0.9840368628501892,
          0.577356219291687,
          0.7914087176322937
        ],
        "recovered": [
          0.2080998569726944,
          0.19847604632377625,
          0.046889666467905045,
          0.0159256961196661,
          0.05081159994006157,
          0.03376956284046173,
          0.06554678082466125,
          0.09219632297754288
        ]
      },
      "log_UU": {
        "r": -0.20553139551590385,
        "r2": 0.042243154542714906,
        "passes_gate": false,
        "n_valid": 8,
        "true": [
          3.0857298374176025,
          4.912992000579834,
          0.014442418701946735,
          1.9855655431747437,
          2.0632805824279785,
          0.8861018419265747,
          6.1182355880737305,
          5.165445804595947
        ],
        "recovered": [
          0.7874112725257874,
          0.7661318182945251,
          0.9001122117042542,
          1.199974536895752,
          0.9562954306602478,
          1.366966962814331,
          1.1934350728988647,
          0.9182340502738953
        ]
      },
      "sigma_motor": {
        "r": 0.5581723409390684,
        "r2": 0.31155636218939964,
        "passes_gate": false,
        "n_valid": 8,
        "true": [
          9.305743217468262,
          1.9024248123168945,
          8.670432090759277,
          7.622062683105469,
          3.900512218475342,
          12.656167030334473,
          7.677738666534424,
          10.397985458374023
        ],
        "recovered": [
          26.610794067382812,
          12.07027530670166,
          14.744288444519043,
          51.67413330078125,
          20.099233627319336,
          56.599647521972656,
          31.776620864868164,
          19.882823944091797
        ]
      },
      "sigma_LR": {
        "r": -0.31089894220053277,
        "r2": 0.09665815226141021,
        "passes_gate": false,
        "n_valid": 8,
        "true": [
          1.076920747756958,
          0.3364160358905792,
          0.31091010570526123,
          1.7627604007720947,
          0.26643863320350647,
          1.5535939931869507,
          0.8069083094596863,
          0.5092069506645203
        ],
        "recovered": [
          3.2684192657470703,
          3.0359702110290527,
          3.6830058097839355,
          3.606562614440918,
          5.554566860198975,
          3.6050546169281006,
          3.3557097911834717,
          3.7687857151031494
        ]
      }
    },
    "oddball": {
      "H": {
        "r": -0.8699321179715391,
        "r2": 0.7567818898784479,
        "passes_gate": false,
        "n_valid": 8,
        "true": [
          0.007836730219423771,
          0.04518304765224457,
          0.10275430232286453,
          0.08635666966438293,
          0.04130474105477333,
          0.0685000941157341,
          0.01039010751992464,
          0.032128021121025085
        ],
        "recovered": [
          0.06212083250284195,
          0.05832671374082565,
          0.05669160187244415,
          0.05411125347018242,
          0.05755008012056351,
          0.05671997368335724,
          0.06317546963691711,
          0.058561332523822784
        ]
      },
      "LW": {
        "r": 0.9016396070875108,
        "r2": 0.8129539810689208,
        "passes_gate": true,
        "n_valid": 8,
        "true": [
          0.7978686094284058,
          0.6235897541046143,
          0.11800038814544678,
          0.15522344410419464,
          0.28075265884399414,
          0.9840368628501892,
          0.577356219291687,
          0.7914087176322937
        ],
        "recovered": [
          0.7250136733055115,
          0.7480751872062683,
          0.6765969395637512,
          0.6639292240142822,
          0.6659172177314758,
          0.7473703622817993,
          0.7042807936668396,
          0.727445125579834
        ]
      },
      "log_UU": {
        "r": -0.15909424667596112,
        "r2": 0.025310979325391565,
        "passes_gate": false,
        "n_valid": 8,
        "true": [
          3.0857298374176025,
          4.912992000579834,
          0.014442418701946735,
          1.9855655431747437,
          2.0632805824279785,
          0.8861018419265747,
          6.1182355880737305,
          5.165445804595947
        ],
        "recovered": [
          3.986243963241577,
          3.745298147201538,
          3.9666030406951904,
          3.779644727706909,
          3.4332005977630615,
          3.7295985221862793,
          3.559831142425537,
          3.952280044555664
        ]
      },
      "sigma_motor": {
        "r": 0.10272179398178638,
        "r2": 0.010551766958836565,
        "passes_gate": false,
        "n_valid": 8,
        "true": [
          9.305743217468262,
          1.9024248123168945,
          8.670432090759277,
          7.622062683105469,
          3.900512218475342,
          12.656167030334473,
          7.677738666534424,
          10.397985458374023
        ],
        "recovered": [
          36.27682876586914,
          17.202768325805664,
          22.84632110595703,
          45.62791442871094,
          16.799428939819336,
          13.887226104736328,
          28.166955947875977,
          21.86436653137207
        ]
      },
      "sigma_LR": {
        "r": 0.4682569651130679,
        "r2": 0.2192645853769009,
        "passes_gate": false,
        "n_valid": 8,
        "true": [
          1.076920747756958,
          0.3364160358905792,
          0.31091010570526123,
          1.7627604007720947,
          0.26643863320350647,
          1.5535939931869507,
          0.8069083094596863,
          0.5092069506645203
        ],
        "recovered": [
          0.6808873414993286,
          0.7668626308441162,
          0.6632914543151855,
          0.7431182861328125,
          0.6610632538795471,
          0.7773399949073792,
          0.7754356861114502,
          0.7079775929450989
        ]
      }
    }
  },
  "overall_passes": false,
  "n_failed_fits": 0,
  "failed_indices": [],
  "elapsed_seconds": 1089.676027059555
}