{
  "dataset_idx": 0,
  "condition": "oddball",
  "true_params": {
    "H": 0.007836730219423771,
    "LW": 0.7978686094284058,
    "log_UU": 3.0857298374176025,
    "sigma_motor": 9.305743217468262,
    "sigma_LR": 1.076920747756958,
    "UU": 21.883432388305664
  },
  "status": "PASS",
  "attempts": [
    {
      "attempt": 1,
      "num_warmup": 1000,
      "target_accept_prob": 0.95,
      "rhat_max": 1.002909730654989,
      "ess_min": 922.4245273938864,
      "n_divergences": 0,
      "passes_rhat": true,
      "passes_ess": true,
      "passes_gate": true
    }
  ],
  "params": {
    "H": {
      "mean": 0.06212083250284195,
      "median": 0.04918539896607399,
      "sd": 0.052994273602962494,
      "hdi_2.5": 7.880721386754885e-05,
      "hdi_97.5": 0.16878138482570648,
      "rhat": 1.000624227662189,
      "ess_bulk": 1444.4678358419494
    },
    "LW": {
      "mean": 0.7250136733055115,
      "median": 0.7742100954055786,
      "sd": 0.21588532626628876,
      "hdi_2.5": 0.27478477358818054,
      "hdi_97.5": 0.9998973608016968,
      "rhat": 1.0015360598033172,
      "ess_bulk": 922.4245273938864
    },
    "log_UU": {
      "mean": 3.986243963241577,
      "median": 3.639557361602783,
      "sd": 2.3613176345825195,
      "hdi_2.5": 0.0853072851896286,
      "hdi_97.5": 8.547844886779785,
      "rhat": 1.0002361455494073,
      "ess_bulk": 2012.0468291368197
    },
    "sigma_motor": {
      "mean": 36.27682876586914,
      "median": 36.22003936767578,
      "sd": 1.7173538208007812,
      "hdi_2.5": 33.21969985961914,
      "hdi_97.5": 39.761695861816406,
      "rhat": 1.002909730654989,
      "ess_bulk": 2061.415426343769
    },
    "sigma_LR": {
      "mean": 0.6808873414993286,
      "median": 0.5368886590003967,
      "sd": 0.5559921264648438,
      "hdi_2.5": 0.0006777074304409325,
      "hdi_97.5": 1.7898772954940796,
      "rhat": 1.0002724411989727,
      "ess_bulk": 1504.5808606782512
    }
  },
  "n_divergences": 0,
  "n_chains": 2,
  "n_samples_per_chain": 1000
}