{
  "dataset_idx": 7,
  "condition": "changepoint",
  "true_params": {
    "H": 0.032128021121025085,
    "LW": 0.7914087176322937,
    "log_UU": 5.165445804595947,
    "sigma_motor": 10.397985458374023,
    "sigma_LR": 0.5092069506645203,
    "UU": 175.11550903320312
  },
  "status": "PASS",
  "attempts": [
    {
      "attempt": 1,
      "num_warmup": 1000,
      "target_accept_prob": 0.95,
      "rhat_max": 1.0036463389931418,
      "ess_min": 1097.2678876426987,
      "n_divergences": 0,
      "passes_rhat": true,
      "passes_ess": true,
      "passes_gate": true
    }
  ],
  "params": {
    "H": {
      "mean": 0.011095230467617512,
      "median": 0.01023172028362751,
      "sd": 0.005147586110979319,
      "hdi_2.5": 0.003153445664793253,
      "hdi_97.5": 0.021559391170740128,
      "rhat": 1.000298468103581,
      "ess_bulk": 1254.85691765969
    },
    "LW": {
      "mean": 0.09219632297754288,
      "median": 0.09005405008792877,
      "sd": 0.025843122974038124,
      "hdi_2.5": 0.042310938239097595,
      "hdi_97.5": 0.14326217770576477,
      "rhat": 1.0012017354433258,
      "ess_bulk": 1322.1904734514494
    },
    "log_UU": {
      "mean": 0.9182340502738953,
      "median": 0.9030001759529114,
      "sd": 0.21148978173732758,
      "hdi_2.5": 0.5428197979927063,
      "hdi_97.5": 1.332923173904419,
      "rhat": 1.0014576882853123,
      "ess_bulk": 1202.8927326353717
    },
    "sigma_motor": {
      "mean": 19.882823944091797,
      "median": 19.818973541259766,
      "sd": 1.765039324760437,
      "hdi_2.5": 16.546783447265625,
      "hdi_97.5": 23.401777267456055,
      "rhat": 1.0036463389931418,
      "ess_bulk": 1258.556845862118
    },
    "sigma_LR": {
      "mean": 3.7687857151031494,
      "median": 3.742400646209717,
      "sd": 0.5720511674880981,
      "hdi_2.5": 2.694632053375244,
      "hdi_97.5": 4.911288738250732,
      "rhat": 1.0004073426165079,
      "ess_bulk": 1223.8396300316406
    }
  },
  "n_divergences": 0,
  "n_chains": 2,
  "n_samples_per_chain": 1000
}