{
  "dataset_idx": 1,
  "condition": "changepoint",
  "true_params": {
    "H": 0.04518304765224457,
    "LW": 0.6235897541046143,
    "log_UU": 4.912992000579834,
    "sigma_motor": 1.9024248123168945,
    "sigma_LR": 0.3364160358905792,
    "UU": 136.0458526611328
  },
  "status": "PASS",
  "attempts": [
    {
      "attempt": 1,
      "num_warmup": 1000,
      "target_accept_prob": 0.95,
      "rhat_max": 1.001755163502453,
      "ess_min": 1172.5374881799464,
      "n_divergences": 0,
      "passes_rhat": true,
      "passes_ess": true,
      "passes_gate": true
    }
  ],
  "params": {
    "H": {
      "mean": 0.012554971501231194,
      "median": 0.011372747831046581,
      "sd": 0.0064116595312952995,
      "hdi_2.5": 0.0019803124014288187,
      "hdi_97.5": 0.02518329955637455,
      "rhat": 0.999758886020127,
      "ess_bulk": 1199.8654621895269
    },
    "LW": {
      "mean": 0.19847604632377625,
      "median": 0.1924261897802353,
      "sd": 0.052576322108507156,
      "hdi_2.5": 0.10437741130590439,
      "hdi_97.5": 0.30325278639793396,
      "rhat": 1.001535107597799,
      "ess_bulk": 1396.9958232939698
    },
    "log_UU": {
      "mean": 0.7661318182945251,
      "median": 0.7424112558364868,
      "sd": 0.22451940178871155,
      "hdi_2.5": 0.33072784543037415,
      "hdi_97.5": 1.195081353187561,
      "rhat": 1.0006340972970216,
      "ess_bulk": 1619.3637464635556
    },
    "sigma_motor": {
      "mean": 12.07027530670166,
      "median": 12.029767990112305,
      "sd": 1.0896941423416138,
      "hdi_2.5": 10.014272689819336,
      "hdi_97.5": 14.236117362976074,
      "rhat": 1.0003426517691023,
      "ess_bulk": 1282.1589174972805
    },
    "sigma_LR": {
      "mean": 3.0359702110290527,
      "median": 3.015498638153076,
      "sd": 0.5099971294403076,
      "hdi_2.5": 2.1223604679107666,
      "hdi_97.5": 4.109312534332275,
      "rhat": 1.001755163502453,
      "ess_bulk": 1252.330961662005
    }
  },
  "n_divergences": 0,
  "n_chains": 2,
  "n_samples_per_chain": 1000
}