{
  "dataset_idx": 6,
  "condition": "changepoint",
  "true_params": {
    "H": 0.01039010751992464,
    "LW": 0.577356219291687,
    "log_UU": 6.1182355880737305,
    "sigma_motor": 7.677738666534424,
    "sigma_LR": 0.8069083094596863,
    "UU": 454.0628356933594
  },
  "status": "PASS",
  "attempts": [
    {
      "attempt": 1,
      "num_warmup": 1000,
      "target_accept_prob": 0.95,
      "rhat_max": 1.0028292224563455,
      "ess_min": 1228.8404552302375,
      "n_divergences": 0,
      "passes_rhat": true,
      "passes_ess": true,
      "passes_gate": true
    }
  ],
  "params": {
    "H": {
      "mean": 0.009594885632395744,
      "median": 0.009003743529319763,
      "sd": 0.004390905611217022,
      "hdi_2.5": 0.002279797801747918,
      "hdi_97.5": 0.018260909244418144,
      "rhat": 0.9997624281530579,
      "ess_bulk": 1399.4758112135673
    },
    "LW": {
      "mean": 0.06554678082466125,
      "median": 0.06390678137540817,
      "sd": 0.019842378795146942,
      "hdi_2.5": 0.031235871836543083,
      "hdi_97.5": 0.10406727343797684,
      "rhat": 1.0004023589791469,
      "ess_bulk": 1261.604189511955
    },
    "log_UU": {
      "mean": 1.1934350728988647,
      "median": 1.1743417978286743,
      "sd": 0.283232718706131,
      "hdi_2.5": 0.6941397190093994,
      "hdi_97.5": 1.782011866569519,
      "rhat": 1.0004100315486317,
      "ess_bulk": 1377.8499812717419
    },
    "sigma_motor": {
      "mean": 31.776620864868164,
      "median": 31.72314453125,
      "sd": 2.1094963550567627,
      "hdi_2.5": 27.45841407775879,
      "hdi_97.5": 35.585933685302734,
      "rhat": 1.0007623528314344,
      "ess_bulk": 1423.6902045778209
    },
    "sigma_LR": {
      "mean": 3.3557097911834717,
      "median": 3.331282615661621,
      "sd": 0.5575098991394043,
      "hdi_2.5": 2.2956104278564453,
      "hdi_97.5": 4.517757415771484,
      "rhat": 1.001924148442123,
      "ess_bulk": 1410.747929556163
    }
  },
  "n_divergences": 0,
  "n_chains": 2,
  "n_samples_per_chain": 1000
}