{
  "dataset_idx": 5,
  "condition": "changepoint",
  "true_params": {
    "H": 0.0685000941157341,
    "LW": 0.9840368628501892,
    "log_UU": 0.8861018419265747,
    "sigma_motor": 12.656167030334473,
    "sigma_LR": 1.5535939931869507,
    "UU": 2.4256556034088135
  },
  "status": "PASS",
  "attempts": [
    {
      "attempt": 1,
      "num_warmup": 1000,
      "target_accept_prob": 0.95,
      "rhat_max": 1.0026390657148265,
      "ess_min": 1071.4725941700203,
      "n_divergences": 0,
      "passes_rhat": true,
      "passes_ess": true,
      "passes_gate": true
    }
  ],
  "params": {
    "H": {
      "mean": 0.017247306182980537,
      "median": 0.015937644988298416,
      "sd": 0.00753844203427434,
      "hdi_2.5": 0.005179575178772211,
      "hdi_97.5": 0.03320843353867531,
      "rhat": 1.0012415826229046,
      "ess_bulk": 1385.0678465851886
    },
    "LW": {
      "mean": 0.03376956284046173,
      "median": 0.03190293908119202,
      "sd": 0.014165041968226433,
      "hdi_2.5": 0.011493599973618984,
      "hdi_97.5": 0.06617199629545212,
      "rhat": 1.0006294889515353,
      "ess_bulk": 1422.158239940855
    },
    "log_UU": {
      "mean": 1.366966962814331,
      "median": 1.3487775325775146,
      "sd": 0.31998464465141296,
      "hdi_2.5": 0.7960577011108398,
      "hdi_97.5": 2.0428953170776367,
      "rhat": 1.0005467247280309,
      "ess_bulk": 1557.210730464836
    },
    "sigma_motor": {
      "mean": 56.599647521972656,
      "median": 56.473541259765625,
      "sd": 3.4857099056243896,
      "hdi_2.5": 49.72660827636719,
      "hdi_97.5": 63.36320495605469,
      "rhat": 1.0026121671116832,
      "ess_bulk": 1501.2686485867664
    },
    "sigma_LR": {
      "mean": 3.6050546169281006,
      "median": 3.588494300842285,
      "sd": 0.5738040208816528,
      "hdi_2.5": 2.482694149017334,
      "hdi_97.5": 4.731338024139404,
      "rhat": 0.999969566696096,
      "ess_bulk": 1575.052822491917
    }
  },
  "n_divergences": 0,
  "n_chains": 2,
  "n_samples_per_chain": 1000
}