{
  "dataset_idx": 5,
  "condition": "oddball",
  "true_params": {
    "H": 0.0685000941157341,
    "LW": 0.9840368628501892,
    "log_UU": 0.8861018419265747,
    "sigma_motor": 12.656167030334473,
    "sigma_LR": 1.5535939931869507,
    "UU": 2.4256556034088135
  },
  "status": "PASS",
  "attempts": [
    {
      "attempt": 1,
      "num_warmup": 1000,
      "target_accept_prob": 0.95,
      "rhat_max": 1.004480247315889,
      "ess_min": 1041.660746847374,
      "n_divergences": 37,
      "passes_rhat": true,
      "passes_ess": true,
      "passes_gate": true
    }
  ],
  "params": {
    "H": {
      "mean": 0.05671997368335724,
      "median": 0.04331328347325325,
      "sd": 0.050966326147317886,
      "hdi_2.5": 0.0004015141457784921,
      "hdi_97.5": 0.1578669250011444,
      "rhat": 1.0033823664622288,
      "ess_bulk": 1191.2800022384647
    },
    "LW": {
      "mean": 0.7473703622817993,
      "median": 0.7789973020553589,
      "sd": 0.17718298733234406,
      "hdi_2.5": 0.42073675990104675,
      "hdi_97.5": 0.9998742341995239,
      "rhat": 1.0012653545889305,
      "ess_bulk": 1178.0910364768865
    },
    "log_UU": {
      "mean": 3.7295985221862793,
      "median": 3.178710460662842,
      "sd": 2.618086099624634,
      "hdi_2.5": 0.029723549261689186,
      "hdi_97.5": 8.815030097961426,
      "rhat": 1.0005233818107724,
      "ess_bulk": 1394.1222601944903
    },
    "sigma_motor": {
      "mean": 13.887226104736328,
      "median": 13.857285499572754,
      "sd": 0.7217437624931335,
      "hdi_2.5": 12.606602668762207,
      "hdi_97.5": 15.439580917358398,
      "rhat": 1.0021337547253182,
      "ess_bulk": 1608.44523202974
    },
    "sigma_LR": {
      "mean": 0.7773399949073792,
      "median": 0.6514329314231873,
      "sd": 0.5939193964004517,
      "hdi_2.5": 0.0010294640669599175,
      "hdi_97.5": 1.9475229978561401,
      "rhat": 1.002188637627761,
      "ess_bulk": 1081.0202111006531
    }
  },
  "n_divergences": 37,
  "n_chains": 2,
  "n_samples_per_chain": 1000
}