{
  "dataset_idx": 2,
  "condition": "changepoint",
  "true_params": {
    "H": 0.10275430232286453,
    "LW": 0.11800038814544678,
    "log_UU": 0.014442418701946735,
    "sigma_motor": 8.670432090759277,
    "sigma_LR": 0.31091010570526123,
    "UU": 1.0145472288131714
  },
  "status": "PASS",
  "attempts": [
    {
      "attempt": 1,
      "num_warmup": 1000,
      "target_accept_prob": 0.95,
      "rhat_max": 1.0036184987477026,
      "ess_min": 1008.1680142741037,
      "n_divergences": 0,
      "passes_rhat": true,
      "passes_ess": true,
      "passes_gate": true
    }
  ],
  "params": {
    "H": {
      "mean": 0.018964221701025963,
      "median": 0.017972517758607864,
      "sd": 0.006701794918626547,
      "hdi_2.5": 0.007355370093137026,
      "hdi_97.5": 0.03230440244078636,
      "rhat": 1.0013016099954293,
      "ess_bulk": 1111.983002616856
    },
    "LW": {
      "mean": 0.046889666467905045,
      "median": 0.04398582503199577,
      "sd": 0.022158967331051826,
      "hdi_2.5": 0.011638026684522629,
      "hdi_97.5": 0.09174734354019165,
      "rhat": 1.0002858042994884,
      "ess_bulk": 1008.1680142741037
    },
    "log_UU": {
      "mean": 0.9001122117042542,
      "median": 0.8879993557929993,
      "sd": 0.22965186834335327,
      "hdi_2.5": 0.4806290864944458,
      "hdi_97.5": 1.3600091934204102,
      "rhat": 0.9998352210958863,
      "ess_bulk": 1543.4659812027826
    },
    "sigma_motor": {
      "mean": 14.744288444519043,
      "median": 14.704421997070312,
      "sd": 1.2887237071990967,
      "hdi_2.5": 12.141895294189453,
      "hdi_97.5": 17.139677047729492,
      "rhat": 1.0036184987477026,
      "ess_bulk": 1709.776773136251
    },
    "sigma_LR": {
      "mean": 3.6830058097839355,
      "median": 3.6685168743133545,
      "sd": 0.5322996973991394,
      "hdi_2.5": 2.6760413646698,
      "hdi_97.5": 4.709327697753906,
      "rhat": 1.0014726604328965,
      "ess_bulk": 1279.0895531821852
    }
  },
  "n_divergences": 0,
  "n_chains": 2,
  "n_samples_per_chain": 1000
}