{
  "dataset_idx": 4,
  "condition": "changepoint",
  "true_params": {
    "H": 0.04130474105477333,
    "LW": 0.28075265884399414,
    "log_UU": 2.0632805824279785,
    "sigma_motor": 3.900512218475342,
    "sigma_LR": 0.26643863320350647,
    "UU": 7.871751308441162
  },
  "status": "PASS",
  "attempts": [
    {
      "attempt": 1,
      "num_warmup": 1000,
      "target_accept_prob": 0.95,
      "rhat_max": 1.003314065580276,
      "ess_min": 920.0222489640157,
      "n_divergences": 0,
      "passes_rhat": true,
      "passes_ess": true,
      "passes_gate": true
    }
  ],
  "params": {
    "H": {
      "mean": 0.005468839779496193,
      "median": 0.005119694396853447,
      "sd": 0.00246235984377563,
      "hdi_2.5": 0.001212627743370831,
      "hdi_97.5": 0.009839644655585289,
      "rhat": 1.0002534493443755,
      "ess_bulk": 1289.9092641324528
    },
    "LW": {
      "mean": 0.05081159994006157,
      "median": 0.0497315339744091,
      "sd": 0.011939026415348053,
      "hdi_2.5": 0.029525218531489372,
      "hdi_97.5": 0.07591058313846588,
      "rhat": 0.9998675501692045,
      "ess_bulk": 1536.491388538614
    },
    "log_UU": {
      "mean": 0.9562954306602478,
      "median": 0.9443957805633545,
      "sd": 0.2138490229845047,
      "hdi_2.5": 0.5562551021575928,
      "hdi_97.5": 1.3889219760894775,
      "rhat": 1.001663190964285,
      "ess_bulk": 1142.4450081981229
    },
    "sigma_motor": {
      "mean": 20.099233627319336,
      "median": 20.02657127380371,
      "sd": 1.5763838291168213,
      "hdi_2.5": 17.090009689331055,
      "hdi_97.5": 23.188810348510742,
      "rhat": 1.0013256294390218,
      "ess_bulk": 1010.5650969264382
    },
    "sigma_LR": {
      "mean": 5.554566860198975,
      "median": 5.536137580871582,
      "sd": 0.6896354556083679,
      "hdi_2.5": 4.240396499633789,
      "hdi_97.5": 6.872533321380615,
      "rhat": 1.000684327126752,
      "ess_bulk": 920.0222489640157
    }
  },
  "n_divergences": 0,
  "n_chains": 2,
  "n_samples_per_chain": 1000
}