{
  "dataset_idx": 7,
  "condition": "oddball",
  "true_params": {
    "H": 0.032128021121025085,
    "LW": 0.7914087176322937,
    "log_UU": 5.165445804595947,
    "sigma_motor": 10.397985458374023,
    "sigma_LR": 0.5092069506645203,
    "UU": 175.11550903320312
  },
  "status": "PASS",
  "attempts": [
    {
      "attempt": 1,
      "num_warmup": 1000,
      "target_accept_prob": 0.95,
      "rhat_max": 1.0037487173246538,
      "ess_min": 1027.0381703253581,
      "n_divergences": 0,
      "passes_rhat": true,
      "passes_ess": true,
      "passes_gate": true
    }
  ],
  "params": {
    "H": {
      "mean": 0.058561332523822784,
      "median": 0.0463951900601387,
      "sd": 0.048336390405893326,
      "hdi_2.5": 0.00018002712749876082,
      "hdi_97.5": 0.15154695510864258,
      "rhat": 1.0011259138850783,
      "ess_bulk": 1727.2789419243575
    },
    "LW": {
      "mean": 0.727445125579834,
      "median": 0.7612519264221191,
      "sd": 0.19423672556877136,
      "hdi_2.5": 0.36292049288749695,
      "hdi_97.5": 0.9934899806976318,
      "rhat": 1.0030548082778814,
      "ess_bulk": 1775.9743495339433
    },
    "log_UU": {
      "mean": 3.952280044555664,
      "median": 3.7179412841796875,
      "sd": 2.357614040374756,
      "hdi_2.5": 0.13197970390319824,
      "hdi_97.5": 8.440313339233398,
      "rhat": 1.0011199927523486,
      "ess_bulk": 1712.580360128803
    },
    "sigma_motor": {
      "mean": 21.86436653137207,
      "median": 21.814300537109375,
      "sd": 1.060756802558899,
      "hdi_2.5": 19.929367065429688,
      "hdi_97.5": 23.962600708007812,
      "rhat": 1.001364259872554,
      "ess_bulk": 1725.6093686586319
    },
    "sigma_LR": {
      "mean": 0.7079775929450989,
      "median": 0.5851837992668152,
      "sd": 0.5682179927825928,
      "hdi_2.5": 0.0011918599484488368,
      "hdi_97.5": 1.7860727310180664,
      "rhat": 1.000352378817382,
      "ess_bulk": 1027.0381703253581
    }
  },
  "n_divergences": 0,
  "n_chains": 2,
  "n_samples_per_chain": 1000
}