{
  "dataset_idx": 1,
  "condition": "oddball",
  "true_params": {
    "H": 0.04518304765224457,
    "LW": 0.6235897541046143,
    "log_UU": 4.912992000579834,
    "sigma_motor": 1.9024248123168945,
    "sigma_LR": 0.3364160358905792,
    "UU": 136.0458526611328
  },
  "status": "PASS",
  "attempts": [
    {
      "attempt": 1,
      "num_warmup": 1000,
      "target_accept_prob": 0.95,
      "rhat_max": 1.0063892573663327,
      "ess_min": 962.9729558071541,
      "n_divergences": 7,
      "passes_rhat": true,
      "passes_ess": true,
      "passes_gate": true
    }
  ],
  "params": {
    "H": {
      "mean": 0.05832671374082565,
      "median": 0.043551817536354065,
      "sd": 0.05202879384160042,
      "hdi_2.5": 0.00017711678810883313,
      "hdi_97.5": 0.16109682619571686,
      "rhat": 1.0002847334828846,
      "ess_bulk": 1461.5021497003534
    },
    "LW": {
      "mean": 0.7480751872062683,
      "median": 0.7755393981933594,
      "sd": 0.18025921285152435,
      "hdi_2.5": 0.41061273217201233,
      "hdi_97.5": 0.9994756579399109,
      "rhat": 1.0012674230164014,
      "ess_bulk": 1058.1517805802707
    },
    "log_UU": {
      "mean": 3.745298147201538,
      "median": 3.482948064804077,
      "sd": 2.387589693069458,
      "hdi_2.5": 0.13929559290409088,
      "hdi_97.5": 8.217513084411621,
      "rhat": 1.0055163247491063,
      "ess_bulk": 1111.2782756995555
    },
    "sigma_motor": {
      "mean": 17.202768325805664,
      "median": 17.17070960998535,
      "sd": 0.8579856157302856,
      "hdi_2.5": 15.681713104248047,
      "hdi_97.5": 18.95765495300293,
      "rhat": 1.0007795215484059,
      "ess_bulk": 1566.4677543023756
    },
    "sigma_LR": {
      "mean": 0.7668626308441162,
      "median": 0.6524443626403809,
      "sd": 0.5655375719070435,
      "hdi_2.5": 0.006289858836680651,
      "hdi_97.5": 1.838183879852295,
      "rhat": 1.0015218887216186,
      "ess_bulk": 1104.4449993500864
    }
  },
  "n_divergences": 7,
  "n_chains": 2,
  "n_samples_per_chain": 1000
}