{
  "dataset_idx": 0,
  "condition": "changepoint",
  "true_params": {
    "H": 0.007836730219423771,
    "LW": 0.7978686094284058,
    "log_UU": 3.0857298374176025,
    "sigma_motor": 9.305743217468262,
    "sigma_LR": 1.076920747756958,
    "UU": 21.883432388305664
  },
  "status": "FAILED",
  "attempts": [
    {
      "attempt": 1,
      "num_warmup": 1000,
      "target_accept_prob": 0.95,
      "rhat_max": 1.0050912159547207,
      "ess_min": 381.97013179846493,
      "n_divergences": 0,
      "passes_rhat": true,
      "passes_ess": false,
      "passes_gate": false
    },
    {
      "attempt": 2,
      "num_warmup": 2000,
      "target_accept_prob": 0.99,
      "rhat_max": 1.006411481884693,
      "ess_min": 188.26058014322598,
      "n_divergences": 0,
      "passes_rhat": true,
      "passes_ess": false,
      "passes_gate": false
    }
  ],
  "params": {
    "H": {
      "mean": 0.005443747621029615,
      "median": 0.004536832682788372,
      "sd": 0.003721395507454872,
      "hdi_2.5": 0.0002448268642183393,
      "hdi_97.5": 0.012452303431928158,
      "rhat": 1.000495345978828,
      "ess_bulk": 900.7739443538188
    },
    "LW": {
      "mean": 0.2080998569726944,
      "median": 0.21355390548706055,
      "sd": 0.06200973689556122,
      "hdi_2.5": 0.04892120510339737,
      "hdi_97.5": 0.30684858560562134,
      "rhat": 1.003946778518676,
      "ess_bulk": 211.06757808495252
    },
    "log_UU": {
      "mean": 0.7874112725257874,
      "median": 0.7676427960395813,
      "sd": 0.27679550647735596,
      "hdi_2.5": 0.27305033802986145,
      "hdi_97.5": 1.3043174743652344,
      "rhat": 1.002899210848525,
      "ess_bulk": 589.5540298993645
    },
    "sigma_motor": {
      "mean": 26.610794067382812,
      "median": 26.558717727661133,
      "sd": 1.9971556663513184,
      "hdi_2.5": 22.854379653930664,
      "hdi_97.5": 30.661205291748047,
      "rhat": 1.0008713811971517,
      "ess_bulk": 894.0292639703672
    },
    "sigma_LR": {
      "mean": 3.2684192657470703,
      "median": 3.2453250885009766,
      "sd": 0.4631411135196686,
      "hdi_2.5": 2.411771297454834,
      "hdi_97.5": 4.121736526489258,
      "rhat": 1.0012893188266059,
      "ess_bulk": 710.448008750683
    }
  },
  "n_divergences": 0,
  "n_chains": 2,
  "n_samples_per_chain": 1000
}