{
  "dataset_idx": 2,
  "condition": "oddball",
  "true_params": {
    "H": 0.10275430232286453,
    "LW": 0.11800038814544678,
    "log_UU": 0.014442418701946735,
    "sigma_motor": 8.670432090759277,
    "sigma_LR": 0.31091010570526123,
    "UU": 1.0145472288131714
  },
  "status": "PASS",
  "attempts": [
    {
      "attempt": 1,
      "num_warmup": 1000,
      "target_accept_prob": 0.95,
      "rhat_max": 1.005273562479025,
      "ess_min": 1067.2828477931675,
      "n_divergences": 0,
      "passes_rhat": true,
      "passes_ess": true,
      "passes_gate": true
    }
  ],
  "params": {
    "H": {
      "mean": 0.05669160187244415,
      "median": 0.04077013581991196,
      "sd": 0.052125126123428345,
      "hdi_2.5": 0.0003073214611504227,
      "hdi_97.5": 0.16407613456249237,
      "rhat": 1.0004523645457106,
      "ess_bulk": 1303.6315793746053
    },
    "LW": {
      "mean": 0.6765969395637512,
      "median": 0.7130656242370605,
      "sd": 0.23299725353717804,
      "hdi_2.5": 0.23492078483104706,
      "hdi_97.5": 0.9998626708984375,
      "rhat": 1.0006297128887296,
      "ess_bulk": 1410.8436927851058
    },
    "log_UU": {
      "mean": 3.9666030406951904,
      "median": 3.595804214477539,
      "sd": 2.386267900466919,
      "hdi_2.5": 0.17167767882347107,
      "hdi_97.5": 8.50446605682373,
      "rhat": 1.0013017483102458,
      "ess_bulk": 1575.621536927488
    },
    "sigma_motor": {
      "mean": 22.84632110595703,
      "median": 22.80664825439453,
      "sd": 1.1310352087020874,
      "hdi_2.5": 20.573781967163086,
      "hdi_97.5": 25.05274200439453,
      "rhat": 1.0000358715236415,
      "ess_bulk": 1551.636619836146
    },
    "sigma_LR": {
      "mean": 0.6632914543151855,
      "median": 0.531153678894043,
      "sd": 0.5320085287094116,
      "hdi_2.5": 0.00014026236021891236,
      "hdi_97.5": 1.691593050956726,
      "rhat": 0.9995361288484642,
      "ess_bulk": 1067.2828477931675
    }
  },
  "n_divergences": 0,
  "n_chains": 2,
  "n_samples_per_chain": 1000
}