{
  "dataset_idx": 6,
  "condition": "oddball",
  "true_params": {
    "H": 0.01039010751992464,
    "LW": 0.577356219291687,
    "log_UU": 6.1182355880737305,
    "sigma_motor": 7.677738666534424,
    "sigma_LR": 0.8069083094596863,
    "UU": 454.0628356933594
  },
  "status": "PASS",
  "attempts": [
    {
      "attempt": 1,
      "num_warmup": 1000,
      "target_accept_prob": 0.95,
      "rhat_max": 1.0023935481645543,
      "ess_min": 911.3032865028422,
      "n_divergences": 0,
      "passes_rhat": true,
      "passes_ess": true,
      "passes_gate": true
    }
  ],
  "params": {
    "H": {
      "mean": 0.06317546963691711,
      "median": 0.049494579434394836,
      "sd": 0.054183557629585266,
      "hdi_2.5": 0.00020518114615697414,
      "hdi_97.5": 0.16922077536582947,
      "rhat": 1.0016847358895251,
      "ess_bulk": 1195.1451838745306
    },
    "LW": {
      "mean": 0.7042807936668396,
      "median": 0.7536898851394653,
      "sd": 0.22362619638442993,
      "hdi_2.5": 0.2583380937576294,
      "hdi_97.5": 0.9999040365219116,
      "rhat": 1.0002987999291144,
      "ess_bulk": 1839.6912167056162
    },
    "log_UU": {
      "mean": 3.559831142425537,
      "median": 3.1888160705566406,
      "sd": 2.3811275959014893,
      "hdi_2.5": 0.04824679717421532,
      "hdi_97.5": 8.114568710327148,
      "rhat": 1.000081457636815,
      "ess_bulk": 2187.619415135432
    },
    "sigma_motor": {
      "mean": 28.166955947875977,
      "median": 28.079387664794922,
      "sd": 1.3763128519058228,
      "hdi_2.5": 25.671058654785156,
      "hdi_97.5": 30.876747131347656,
      "rhat": 1.0005153621089997,
      "ess_bulk": 1789.740758493957
    },
    "sigma_LR": {
      "mean": 0.7754356861114502,
      "median": 0.6485419273376465,
      "sd": 0.6070971488952637,
      "hdi_2.5": 0.0006873616366647184,
      "hdi_97.5": 1.9558476209640503,
      "rhat": 1.0006092144474126,
      "ess_bulk": 911.3032865028422
    }
  },
  "n_divergences": 0,
  "n_chains": 2,
  "n_samples_per_chain": 1000
}