{
  "dataset_idx": 3,
  "condition": "oddball",
  "true_params": {
    "H": 0.08635666966438293,
    "LW": 0.15522344410419464,
    "log_UU": 1.9855655431747437,
    "sigma_motor": 7.622062683105469,
    "sigma_LR": 1.7627604007720947,
    "UU": 7.283164978027344
  },
  "status": "PASS",
  "attempts": [
    {
      "attempt": 1,
      "num_warmup": 1000,
      "target_accept_prob": 0.95,
      "rhat_max": 1.001871225838404,
      "ess_min": 1035.3524696757497,
      "n_divergences": 0,
      "passes_rhat": true,
      "passes_ess": true,
      "passes_gate": true
    }
  ],
  "params": {
    "H": {
      "mean": 0.05411125347018242,
      "median": 0.04002103954553604,
      "sd": 0.04954487085342407,
      "hdi_2.5": 2.1280622604535893e-05,
      "hdi_97.5": 0.15254007279872894,
      "rhat": 1.0007834483614866,
      "ess_bulk": 1345.5626824791054
    },
    "LW": {
      "mean": 0.6639292240142822,
      "median": 0.6961194276809692,
      "sd": 0.23249861598014832,
      "hdi_2.5": 0.23045441508293152,
      "hdi_97.5": 0.9995123147964478,
      "rhat": 1.0003033591675121,
      "ess_bulk": 1642.393895358106
    },
    "log_UU": {
      "mean": 3.779644727706909,
      "median": 3.3542909622192383,
      "sd": 2.5558717250823975,
      "hdi_2.5": 0.008471301756799221,
      "hdi_97.5": 8.673213958740234,
      "rhat": 1.0014085985004793,
      "ess_bulk": 1574.9733220253393
    },
    "sigma_motor": {
      "mean": 45.62791442871094,
      "median": 45.591094970703125,
      "sd": 2.123128890991211,
      "hdi_2.5": 41.881980895996094,
      "hdi_97.5": 49.878379821777344,
      "rhat": 1.001709962115019,
      "ess_bulk": 1654.1655239583
    },
    "sigma_LR": {
      "mean": 0.7431182861328125,
      "median": 0.5959950685501099,
      "sd": 0.6029592156410217,
      "hdi_2.5": 0.00018501198792364448,
      "hdi_97.5": 1.9350206851959229,
      "rhat": 1.001739744987517,
      "ess_bulk": 1035.3524696757497
    }
  },
  "n_divergences": 0,
  "n_chains": 2,
  "n_samples_per_chain": 1000
}