{
  "dataset_idx": 3,
  "condition": "changepoint",
  "true_params": {
    "H": 0.08635666966438293,
    "LW": 0.15522344410419464,
    "log_UU": 1.9855655431747437,
    "sigma_motor": 7.622062683105469,
    "sigma_LR": 1.7627604007720947,
    "UU": 7.283164978027344
  },
  "status": "PASS",
  "attempts": [
    {
      "attempt": 1,
      "num_warmup": 1000,
      "target_accept_prob": 0.95,
      "rhat_max": 1.0034671411613447,
      "ess_min": 853.1955531721077,
      "n_divergences": 0,
      "passes_rhat": true,
      "passes_ess": true,
      "passes_gate": true
    }
  ],
  "params": {
    "H": {
      "mean": 0.015584704466164112,
      "median": 0.014174139127135277,
      "sd": 0.007414244115352631,
      "hdi_2.5": 0.0039275516755878925,
      "hdi_97.5": 0.03021480329334736,
      "rhat": 1.001631581473861,
      "ess_bulk": 970.2351482773194
    },
    "LW": {
      "mean": 0.0159256961196661,
      "median": 0.014883652329444885,
      "sd": 0.00868299137800932,
      "hdi_2.5": 0.0016690045595169067,
      "hdi_97.5": 0.03139017894864082,
      "rhat": 1.001914367282548,
      "ess_bulk": 1409.30259752904
    },
    "log_UU": {
      "mean": 1.199974536895752,
      "median": 1.1752804517745972,
      "sd": 0.36066997051239014,
      "hdi_2.5": 0.5893232226371765,
      "hdi_97.5": 1.9468282461166382,
      "rhat": 1.0027841428444,
      "ess_bulk": 939.7311429648018
    },
    "sigma_motor": {
      "mean": 51.67413330078125,
      "median": 51.62090301513672,
      "sd": 3.3092682361602783,
      "hdi_2.5": 45.418212890625,
      "hdi_97.5": 58.473907470703125,
      "rhat": 1.0014325690171073,
      "ess_bulk": 1551.6433482220236
    },
    "sigma_LR": {
      "mean": 3.606562614440918,
      "median": 3.576206684112549,
      "sd": 0.5141317844390869,
      "hdi_2.5": 2.719729423522949,
      "hdi_97.5": 4.706655025482178,
      "rhat": 1.0004423943428435,
      "ess_bulk": 1444.82153058859
    }
  },
  "n_divergences": 0,
  "n_chains": 2,
  "n_samples_per_chain": 1000
}