{
  "dataset_idx": 4,
  "condition": "oddball",
  "true_params": {
    "H": 0.04130474105477333,
    "LW": 0.28075265884399414,
    "log_UU": 2.0632805824279785,
    "sigma_motor": 3.900512218475342,
    "sigma_LR": 0.26643863320350647,
    "UU": 7.871751308441162
  },
  "status": "PASS",
  "attempts": [
    {
      "attempt": 1,
      "num_warmup": 1000,
      "target_accept_prob": 0.95,
      "rhat_max": 1.0037393232879623,
      "ess_min": 1095.985973747052,
      "n_divergences": 0,
      "passes_rhat": true,
      "passes_ess": true,
      "passes_gate": true
    }
  ],
  "params": {
    "H": {
      "mean": 0.05755008012056351,
      "median": 0.04284977912902832,
      "sd": 0.050065405666828156,
      "hdi_2.5": 0.0008689417154528201,
      "hdi_97.5": 0.1572714000940323,
      "rhat": 1.0014156948566055,
      "ess_bulk": 1178.1344123721315
    },
    "LW": {
      "mean": 0.6659172177314758,
      "median": 0.7059452533721924,
      "sd": 0.23398132622241974,
      "hdi_2.5": 0.23044955730438232,
      "hdi_97.5": 0.9999539852142334,
      "rhat": 1.000324608945643,
      "ess_bulk": 1440.8578844564506
    },
    "log_UU": {
      "mean": 3.4332005977630615,
      "median": 2.9629123210906982,
      "sd": 2.474403142929077,
      "hdi_2.5": 0.043845340609550476,
      "hdi_97.5": 8.238761901855469,
      "rhat": 1.0016504015650067,
      "ess_bulk": 1761.2586393209895
    },
    "sigma_motor": {
      "mean": 16.799428939819336,
      "median": 16.757883071899414,
      "sd": 0.8810722231864929,
      "hdi_2.5": 15.038649559020996,
      "hdi_97.5": 18.436767578125,
      "rhat": 1.0013888025413678,
      "ess_bulk": 1466.6643694898587
    },
    "sigma_LR": {
      "mean": 0.6610632538795471,
      "median": 0.5550442934036255,
      "sd": 0.5110642313957214,
      "hdi_2.5": 0.0004644432628992945,
      "hdi_97.5": 1.6423529386520386,
      "rhat": 1.0037393232879623,
      "ess_bulk": 1254.828217653462
    }
  },
  "n_divergences": 0,
  "n_chains": 2,
  "n_samples_per_chain": 1000
}