{
  "all_nmse_y": [
    0.26885098218917847,
    0.4163465201854706,
    0.2473612278699875,
    0.24991090595722198,
    0.29621776938438416,
    0.3023424446582794,
    0.2549959719181061,
    0.2550753653049469,
    0.2821919023990631,
    0.2637881934642792,
    0.25021329522132874,
    0.25307127833366394,
    0.25174659490585327,
    0.2694815695285797,
    0.2693518400192261,
    0.27773427963256836,
    0.31614282727241516,
    0.258592814207077,
    0.26072895526885986,
    0.24989739060401917,
    0.25157877802848816,
    0.24773377180099487,
    0.27545005083084106,
    0.2526632249355316,
    0.2677862048149109,
    0.2639409005641937,
    0.25364720821380615,
    0.26394030451774597,
    0.2518050968647003,
    0.2662821412086487,
    0.2571313977241516,
    0.2799941897392273,
    0.2682532072067261,
    0.2454632818698883,
    0.270901620388031,
    0.35268065333366394,
    0.2630288004875183,
    0.2514187693595886,
    0.2542634904384613,
    0.25605249404907227,
    0.26353442668914795,
    0.24774834513664246,
    0.24455520510673523,
    0.25041303038597107,
    0.2662610113620758,
    0.2655184864997864,
    0.2666362226009369,
    0.26965826749801636,
    0.27442649006843567,
    0.2465294897556305,
    0.30872541666030884,
    0.2530076503753662,
    0.24548856914043427,
    0.24484284222126007,
    0.4090139865875244,
    0.2454175502061844,
    0.2495707869529724,
    0.2636984884738922,
    0.25374656915664673,
    0.2781602442264557,
    0.2635505497455597,
    0.2517840564250946,
    0.24706169962882996,
    0.2478771060705185,
    0.26556140184402466,
    0.24777379631996155,
    0.24907943606376648,
    0.24768604338169098,
    0.2513997554779053,
    0.24717727303504944,
    0.24816104769706726,
    0.24730515480041504,
    0.3098897337913513,
    0.3159412443637848,
    0.24796728789806366,
    0.2507016062736511,
    0.2662142217159271,
    0.2508426904678345,
    0.24805906414985657,
    0.26425695419311523,
    0.26850244402885437,
    0.2700614333152771,
    0.2628529369831085,
    0.2574378550052643,
    0.24885594844818115,
    0.29250049591064453,
    0.2601623833179474,
    0.24904164671897888,
    0.26897263526916504,
    0.460807204246521,
    0.2534436285495758,
    0.26128289103507996,
    0.2597528398036957,
    0.2503044605255127,
    0.2984999418258667,
    0.2556283175945282,
    0.2941562533378601,
    0.27023038268089294,
    0.25048908591270447,
    0.2693448066711426
  ],
  "all_mse_z": [
    0.13919703662395477,
    0.1560068279504776,
    0.1322624832391739,
    0.13430652022361755,
    0.16967588663101196,
    0.1665015071630478,
    0.1422351896762848,
    0.1418628692626953,
    0.15227827429771423,
    0.1318425089120865,
    0.13813987374305725,
    0.13821080327033997,
    0.1386549323797226,
    0.1393606811761856,
    0.14035196602344513,
    0.14457598328590393,
    0.141858771443367,
    0.14229226112365723,
    0.13988366723060608,
    0.13481497764587402,
    0.1359841525554657,
    0.13399638235569,
    0.14485935866832733,
    0.13739192485809326,
    0.14086061716079712,
    0.14710769057273865,
    0.14125186204910278,
    0.13210555911064148,
    0.13349471986293793,
    0.13824363052845,
    0.14102116227149963,
    0.14893221855163574,
    0.13793249428272247,
    0.13132864236831665,
    0.14421983063220978,
    0.17990782856941223,
    0.1327580213546753,
    0.14020569622516632,
    0.14010228216648102,
    0.1395394504070282,
    0.13914461433887482,
    0.1385229080915451,
    0.1323038637638092,
    0.1483302265405655,
    0.14060288667678833,
    0.1395394206047058,
    0.1434069573879242,
    0.139458566904068,
    0.15270107984542847,
    0.13500946760177612,
    0.14278702437877655,
    0.13778533041477203,
    0.13226895034313202,
    0.13891945779323578,
    0.15381787717342377,
    0.13822001218795776,
    0.13386905193328857,
    0.14152784645557404,
    0.14058084785938263,
    0.15040428936481476,
    0.1445593535900116,
    0.13789035379886627,
    0.13169153034687042,
    0.13811936974525452,
    0.13380351662635803,
    0.13270241022109985,
    0.13811755180358887,
    0.13832524418830872,
    0.13848362863063812,
    0.13268424570560455,
    0.13898137211799622,
    0.13770031929016113,
    0.17701409757137299,
    0.14733009040355682,
    0.13295148313045502,
    0.13846732676029205,
    0.14407886564731598,
    0.14058856666088104,
    0.13825978338718414,
    0.13350316882133484,
    0.138365238904953,
    0.14102031290531158,
    0.1419879049062729,
    0.14405646920204163,
    0.13487744331359863,
    0.13643263280391693,
    0.1470894068479538,
    0.1383422315120697,
    0.13875295221805573,
    0.15765148401260376,
    0.1391475945711136,
    0.1477777063846588,
    0.14197807013988495,
    0.13958650827407837,
    0.14810971915721893,
    0.14617717266082764,
    0.17142929136753082,
    0.14120648801326752,
    0.1399061232805252,
    0.13517004251480103
  ],
  "convergence_stats": {
    "mean_nmse_y": 0.26805628508329393,
    "std_nmse_y": 0.03399369500185764,
    "min_nmse_y": 0.24455520510673523,
    "max_nmse_y": 0.460807204246521
  }
}