{
  "n_synthetic": 4,
  "n_trials_per_condition": 100,
  "mcmc_config": {
    "num_warmup": 200,
    "num_samples": 200,
    "num_chains": 2,
    "target_accept_prob": 0.95
  },
  "per_parameter": {
    "H": {
      "r": 0.9003083029141339,
      "r2": 0.8105550402961279,
      "passes_gate": true,
      "n_valid": 4,
      "true": [
        0.19607742130756378,
        0.07445696741342545,
        0.05115726217627525,
        0.21073554456233978
      ],
      "recovered": [
        0.22825085371732712,
        0.13991888612508774,
        0.1657705269753933,
        0.21169489063322544
      ]
    },
    "LW": {
      "r": -0.4691658199250893,
      "r2": 0.22011656658598133,
      "passes_gate": false,
      "n_valid": 4,
      "true": [
        0.27167028188705444,
        0.5933623313903809,
        0.8386783003807068,
        0.4305186867713928
      ],
      "recovered": [
        0.4876843988895416,
        0.6153108030557632,
        0.3401547074317932,
        0.49777328968048096
      ]
    },
    "UU": {
      "r": 0.28311409044658803,
      "r2": 0.08015358820939883,
      "passes_gate": false,
      "n_valid": 4,
      "true": [
        0.61916583776474,
        0.22025816142559052,
        0.4850447177886963,
        0.1517694592475891
      ],
      "recovered": [
        1.1072322726249695,
        1.0767607986927032,
        1.2112714052200317,
        1.13407501578331
      ]
    },
    "sigma_motor": {
      "r": 0.7724652714738542,
      "r2": 0.5967025956331753,
      "passes_gate": false,
      "n_valid": 4,
      "true": [
        1.5649820566177368,
        4.656538486480713,
        5.708043098449707,
        12.817340850830078
      ],
      "recovered": [
        15.997049570083618,
        30.407919883728027,
        26.762761116027832,
        32.1421217918396
      ]
    },
    "sigma_LR": {
      "r": 0.11493420361804707,
      "r2": 0.013209871161314704,
      "passes_gate": false,
      "n_valid": 4,
      "true": [
        1.4813954830169678,
        1.1777993440628052,
        1.4357086420059204,
        0.282929927110672
      ],
      "recovered": [
        1.652024507522583,
        2.5132380723953247,
        2.4044599533081055,
        1.9622808694839478
      ]
    }
  },
  "overall_passes": false,
  "n_failed_fits": 0,
  "failed_indices": [],
  "elapsed_seconds": 1978.4471371173859
}