{
  "all_nmse_y": [
    0.2549181878566742,
    0.3047774136066437,
    0.2889304459095001,
    0.28538087010383606,
    0.36033183336257935,
    0.26090896129608154,
    0.2721150517463684,
    0.2724243998527527,
    0.28756651282310486,
    0.27871978282928467,
    0.27579745650291443,
    0.2738801836967468,
    0.26510241627693176,
    0.37704530358314514,
    0.2801089584827423,
    0.2780594825744629,
    0.3814184069633484,
    0.2860080897808075,
    0.26170966029167175,
    0.27690136432647705,
    0.325620174407959,
    0.28724488615989685,
    0.25864866375923157,
    0.28996676206588745,
    0.2692320942878723,
    0.3270445764064789,
    0.26462364196777344,
    0.27347856760025024,
    0.2570370137691498,
    0.29037994146347046,
    0.2640392780303955,
    0.35796770453453064,
    0.28655189275741577,
    0.2886491119861603,
    0.2727767527103424,
    0.2891307473182678,
    0.28036099672317505,
    0.2761760950088501,
    0.2676132321357727,
    0.28492239117622375,
    0.2782066762447357,
    0.2650122046470642,
    0.27580979466438293,
    0.2747388482093811,
    0.2643760144710541,
    0.26372990012168884,
    0.25859561562538147,
    0.2674756944179535,
    0.2655666470527649,
    0.2698133885860443,
    0.3117482662200928,
    0.27687618136405945,
    0.2766418755054474,
    0.2642105221748352,
    0.27380678057670593,
    0.2592403292655945,
    0.27526217699050903,
    0.2731621265411377,
    0.2787821292877197,
    0.28105059266090393,
    0.2870192229747772,
    0.272419810295105,
    0.28452685475349426,
    0.2767563760280609,
    0.27486833930015564,
    0.2623080909252167,
    0.27529487013816833,
    0.2761835753917694,
    0.2731369137763977,
    0.268248587846756,
    0.2730492949485779,
    0.2685071527957916,
    0.28439438343048096,
    0.26843178272247314,
    0.2471686154603958,
    0.2640678584575653,
    0.2957229018211365,
    0.2645512819290161,
    0.27309897541999817,
    0.27378591895103455,
    0.2672913074493408,
    0.2601448595523834,
    0.25717005133628845,
    0.2617189288139343,
    0.271664023399353,
    0.25656187534332275,
    0.2706085443496704,
    0.28078359365463257,
    0.2863337993621826,
    0.2881982922554016,
    0.2766483426094055,
    0.28459128737449646,
    0.26988452672958374,
    0.2636379599571228,
    0.29588231444358826,
    0.28596553206443787,
    0.26382434368133545,
    0.2649419903755188,
    0.25812050700187683,
    0.2897190749645233
  ],
  "all_mse_z": [
    0.27462440729141235,
    0.297856867313385,
    0.2917789816856384,
    0.2872595489025116,
    0.3108040392398834,
    0.28098562359809875,
    0.27730149030685425,
    0.28832176327705383,
    0.2862257957458496,
    0.2877391278743744,
    0.2843436896800995,
    0.280230849981308,
    0.2898710370063782,
    0.3545702397823334,
    0.29013484716415405,
    0.28418782353401184,
    0.33362752199172974,
    0.29449811577796936,
    0.27918344736099243,
    0.2919633090496063,
    0.29695427417755127,
    0.2977370321750641,
    0.2778595983982086,
    0.2877446115016937,
    0.29031363129615784,
    0.31763455271720886,
    0.27810317277908325,
    0.27806931734085083,
    0.2761261463165283,
    0.29952964186668396,
    0.2765829563140869,
    0.31085216999053955,
    0.28946179151535034,
    0.28985661268234253,
    0.2800230085849762,
    0.28115835785865784,
    0.29799097776412964,
    0.28472068905830383,
    0.28968316316604614,
    0.28790920972824097,
    0.2778964340686798,
    0.28241056203842163,
    0.28263819217681885,
    0.2827982008457184,
    0.2821691036224365,
    0.28024211525917053,
    0.2782039940357208,
    0.28269413113594055,
    0.28326305747032166,
    0.2790975272655487,
    0.29621732234954834,
    0.28722313046455383,
    0.2828388810157776,
    0.2767360210418701,
    0.28851762413978577,
    0.27439621090888977,
    0.2832725942134857,
    0.28167423605918884,
    0.2796568274497986,
    0.2833006978034973,
    0.29114392399787903,
    0.28636986017227173,
    0.28599637746810913,
    0.2793886065483093,
    0.2867657542228699,
    0.2791520357131958,
    0.2845879793167114,
    0.2808777689933777,
    0.27752965688705444,
    0.2837105095386505,
    0.28016868233680725,
    0.28491178154945374,
    0.2880031168460846,
    0.28255900740623474,
    0.27583447098731995,
    0.2811679542064667,
    0.2835700213909149,
    0.27880674600601196,
    0.28540244698524475,
    0.28051868081092834,
    0.28460782766342163,
    0.27871328592300415,
    0.27217158675193787,
    0.2757771611213684,
    0.27960869669914246,
    0.27673304080963135,
    0.28175121545791626,
    0.29208341240882874,
    0.2825982868671417,
    0.28676289319992065,
    0.2880410850048065,
    0.28665104508399963,
    0.2839459180831909,
    0.28253641724586487,
    0.28973549604415894,
    0.2814236581325531,
    0.27652204036712646,
    0.27947214245796204,
    0.27946385741233826,
    0.28895309567451477
  ],
  "convergence_stats": {
    "mean_nmse_y": 0.27904907032847404,
    "std_nmse_y": 0.02275435461544097,
    "min_nmse_y": 0.2471686154603958,
    "max_nmse_y": 0.3814184069633484
  }
}