{
  "dataset_idx": 3,
  "condition": "oddball",
  "true_params": {
    "H": 0.21073554456233978,
    "LW": 0.4305186867713928,
    "UU": 0.1517694592475891,
    "sigma_motor": 12.817340850830078,
    "sigma_LR": 0.282929927110672
  },
  "status": "FAILED",
  "attempts": [
    {
      "attempt": 1,
      "num_warmup": 200,
      "target_accept_prob": 0.95,
      "rhat_max": 2.3534960152641227,
      "ess_min": 2.4159885159480687,
      "n_divergences": 1,
      "passes_rhat": false,
      "passes_ess": false,
      "passes_gate": false
    },
    {
      "attempt": 2,
      "num_warmup": 400,
      "target_accept_prob": 0.99,
      "rhat_max": 4.00444396922743,
      "ess_min": 2.0833333333333335,
      "n_divergences": 0,
      "passes_rhat": false,
      "passes_ess": false,
      "passes_gate": false
    }
  ],
  "params": {
    "H": {
      "mean": 0.3671923875808716,
      "median": 0.36722099781036377,
      "sd": 0.10548143833875656,
      "hdi_2.5": 0.26180338859558105,
      "hdi_97.5": 0.4725419282913208,
      "rhat": 2.750103091083312,
      "ess_bulk": 2.4168689773020846
    },
    "LW": {
      "mean": 0.4793093800544739,
      "median": 0.4792742133140564,
      "sd": 0.12069878727197647,
      "hdi_2.5": 0.35876157879829407,
      "hdi_97.5": 0.5999158620834351,
      "rhat": 2.809662207395738,
      "ess_bulk": 2.393923270925485
    },
    "UU": {
      "mean": 0.7700673937797546,
      "median": 0.7698378562927246,
      "sd": 0.05446683242917061,
      "hdi_2.5": 0.715668797492981,
      "hdi_97.5": 0.8246848583221436,
      "rhat": 3.117328608620367,
      "ess_bulk": 2.342891940072718
    },
    "sigma_motor": {
      "mean": 11.855151176452637,
      "median": 11.856402397155762,
      "sd": 0.5561931133270264,
      "hdi_2.5": 11.296765327453613,
      "hdi_97.5": 12.410646438598633,
      "rhat": 4.00444396922743,
      "ess_bulk": 2.231237624455504
    },
    "sigma_LR": {
      "mean": 2.008791208267212,
      "median": 2.008969783782959,
      "sd": 0.21162424981594086,
      "hdi_2.5": 1.7969372272491455,
      "hdi_97.5": 2.220150947570801,
      "rhat": 2.983486956974072,
      "ess_bulk": 2.3615099467933574
    }
  },
  "n_divergences": 0,
  "n_chains": 2,
  "n_samples_per_chain": 200
}