{
  "dataset_idx": 3,
  "condition": "changepoint",
  "true_params": {
    "H": 0.21073554456233978,
    "LW": 0.4305186867713928,
    "UU": 0.1517694592475891,
    "sigma_motor": 12.817340850830078,
    "sigma_LR": 0.282929927110672
  },
  "status": "FAILED",
  "attempts": [
    {
      "attempt": 1,
      "num_warmup": 200,
      "target_accept_prob": 0.95,
      "rhat_max": 1.026868764716129,
      "ess_min": 248.94037901480854,
      "n_divergences": 0,
      "passes_rhat": false,
      "passes_ess": false,
      "passes_gate": false
    },
    {
      "attempt": 2,
      "num_warmup": 400,
      "target_accept_prob": 0.99,
      "rhat_max": 1.0095137380360568,
      "ess_min": 240.90009254917794,
      "n_divergences": 0,
      "passes_rhat": true,
      "passes_ess": false,
      "passes_gate": false
    }
  ],
  "params": {
    "H": {
      "mean": 0.0561973936855793,
      "median": 0.03996444493532181,
      "sd": 0.05759815871715546,
      "hdi_2.5": 0.001508871791884303,
      "hdi_97.5": 0.1777384877204895,
      "rhat": 0.9972852973639926,
      "ess_bulk": 396.0542209926127
    },
    "LW": {
      "mean": 0.516237199306488,
      "median": 0.5237431526184082,
      "sd": 0.20808283984661102,
      "hdi_2.5": 0.1776762753725052,
      "hdi_97.5": 0.9318757057189941,
      "rhat": 0.9971588176059143,
      "ess_bulk": 382.46888933227353
    },
    "UU": {
      "mean": 1.4980826377868652,
      "median": 1.4636526107788086,
      "sd": 0.26577919721603394,
      "hdi_2.5": 0.999953031539917,
      "hdi_97.5": 2.030888080596924,
      "rhat": 1.00862987363137,
      "ess_bulk": 252.54877696369184
    },
    "sigma_motor": {
      "mean": 52.42909240722656,
      "median": 52.104087829589844,
      "sd": 4.125397682189941,
      "hdi_2.5": 43.9412956237793,
      "hdi_97.5": 60.14024353027344,
      "rhat": 1.001382368862182,
      "ess_bulk": 295.27771073190337
    },
    "sigma_LR": {
      "mean": 1.9157705307006836,
      "median": 1.8900845050811768,
      "sd": 0.3756103813648224,
      "hdi_2.5": 1.200923204421997,
      "hdi_97.5": 2.666191577911377,
      "rhat": 1.0020232753127265,
      "ess_bulk": 242.35349670828907
    }
  },
  "n_divergences": 0,
  "n_chains": 2,
  "n_samples_per_chain": 200
}