{
  "dataset_idx": 1,
  "condition": "oddball",
  "true_params": {
    "H": 0.07445696741342545,
    "LW": 0.5933623313903809,
    "UU": 0.22025816142559052,
    "sigma_motor": 4.656538486480713,
    "sigma_LR": 1.1777993440628052
  },
  "status": "FAILED",
  "attempts": [
    {
      "attempt": 1,
      "num_warmup": 200,
      "target_accept_prob": 0.95,
      "rhat_max": 2.1615241230984603,
      "ess_min": 2.9431488861622013,
      "n_divergences": 1,
      "passes_rhat": false,
      "passes_ess": false,
      "passes_gate": false
    },
    {
      "attempt": 2,
      "num_warmup": 400,
      "target_accept_prob": 0.99,
      "rhat_max": 3.1673290176964874,
      "ess_min": 2.0833333333333335,
      "n_divergences": 0,
      "passes_rhat": false,
      "passes_ess": false,
      "passes_gate": false
    }
  ],
  "params": {
    "H": {
      "mean": 0.19236694276332855,
      "median": 0.18653604388237,
      "sd": 0.01970748044550419,
      "hdi_2.5": 0.15772885084152222,
      "hdi_97.5": 0.23104925453662872,
      "rhat": 1.679836760940092,
      "ess_bulk": 3.876686173539575
    },
    "LW": {
      "mean": 0.8239274621009827,
      "median": 0.8458269238471985,
      "sd": 0.10382001101970673,
      "hdi_2.5": 0.6964594125747681,
      "hdi_97.5": 0.9287064671516418,
      "rhat": 1.9326666249502014,
      "ess_bulk": 2.861846810768769
    },
    "UU": {
      "mean": 0.7312167286872864,
      "median": 0.7424780130386353,
      "sd": 0.03864138573408127,
      "hdi_2.5": 0.6718410849571228,
      "hdi_97.5": 0.7958239912986755,
      "rhat": 2.1520773971990947,
      "ess_bulk": 2.687206786700298
    },
    "sigma_motor": {
      "mean": 18.858457565307617,
      "median": 18.413721084594727,
      "sd": 1.315033197402954,
      "hdi_2.5": 17.25833511352539,
      "hdi_97.5": 21.857006072998047,
      "rhat": 1.3182981560784734,
      "ess_bulk": 5.3631655264654325
    },
    "sigma_LR": {
      "mean": 1.9064664840698242,
      "median": 1.9105174541473389,
      "sd": 0.18839335441589355,
      "hdi_2.5": 1.4305349588394165,
      "hdi_97.5": 2.3549492359161377,
      "rhat": 1.6257460461200821,
      "ess_bulk": 3.419666542842636
    }
  },
  "n_divergences": 0,
  "n_chains": 2,
  "n_samples_per_chain": 200
}