{
  "dataset_idx": 2,
  "condition": "oddball",
  "true_params": {
    "H": 0.05115726217627525,
    "LW": 0.8386783003807068,
    "UU": 0.4850447177886963,
    "sigma_motor": 5.708043098449707,
    "sigma_LR": 1.4357086420059204
  },
  "status": "FAILED",
  "attempts": [
    {
      "attempt": 1,
      "num_warmup": 200,
      "target_accept_prob": 0.95,
      "rhat_max": 3.699875783173372,
      "ess_min": 2.2715584226794125,
      "n_divergences": 0,
      "passes_rhat": false,
      "passes_ess": false,
      "passes_gate": false
    },
    {
      "attempt": 2,
      "num_warmup": 400,
      "target_accept_prob": 0.99,
      "rhat_max": 2.079291899595661,
      "ess_min": 2.883699976827563,
      "n_divergences": 3,
      "passes_rhat": false,
      "passes_ess": false,
      "passes_gate": false
    }
  ],
  "params": {
    "H": {
      "mean": 0.30561378598213196,
      "median": 0.32180729508399963,
      "sd": 0.11731170117855072,
      "hdi_2.5": 0.1569991260766983,
      "hdi_97.5": 0.42446935176849365,
      "rhat": 1.87161909176981,
      "ess_bulk": 2.959102385365684
    },
    "LW": {
      "mean": 0.22191008925437927,
      "median": 0.2281624674797058,
      "sd": 0.02792772836983204,
      "hdi_2.5": 0.18928572535514832,
      "hdi_97.5": 0.25067567825317383,
      "rhat": 1.8987062868659457,
      "ess_bulk": 3.0334749244716703
    },
    "UU": {
      "mean": 0.7813171148300171,
      "median": 0.79441237449646,
      "sd": 0.051614049822092056,
      "hdi_2.5": 0.709883451461792,
      "hdi_97.5": 0.8342205882072449,
      "rhat": 1.889017393437531,
      "ess_bulk": 2.953042460635507
    },
    "sigma_motor": {
      "mean": 6.58241081237793,
      "median": 7.9803643226623535,
      "sd": 1.6255619525909424,
      "hdi_2.5": 3.6794774532318115,
      "hdi_97.5": 8.03243350982666,
      "rhat": 2.079291899595661,
      "ess_bulk": 2.8956920119470135
    },
    "sigma_LR": {
      "mean": 2.668804883956909,
      "median": 2.881204128265381,
      "sd": 0.43092259764671326,
      "hdi_2.5": 2.010723352432251,
      "hdi_97.5": 3.081822156906128,
      "rhat": 2.0688138660616238,
      "ess_bulk": 2.883699976827563
    }
  },
  "n_divergences": 3,
  "n_chains": 2,
  "n_samples_per_chain": 200
}