{
  "dataset_idx": 1,
  "condition": "changepoint",
  "true_params": {
    "H": 0.07445696741342545,
    "LW": 0.5933623313903809,
    "UU": 0.22025816142559052,
    "sigma_motor": 4.656538486480713,
    "sigma_LR": 1.1777993440628052
  },
  "status": "FAILED",
  "attempts": [
    {
      "attempt": 1,
      "num_warmup": 200,
      "target_accept_prob": 0.95,
      "rhat_max": 1.021010397422235,
      "ess_min": 224.07690052984603,
      "n_divergences": 9,
      "passes_rhat": false,
      "passes_ess": false,
      "passes_gate": false
    },
    {
      "attempt": 2,
      "num_warmup": 400,
      "target_accept_prob": 0.99,
      "rhat_max": 1.0168772806064823,
      "ess_min": 156.4821870367017,
      "n_divergences": 21,
      "passes_rhat": false,
      "passes_ess": false,
      "passes_gate": false
    }
  ],
  "params": {
    "H": {
      "mean": 0.08747082948684692,
      "median": 0.05826782435178757,
      "sd": 0.09594134241342545,
      "hdi_2.5": 0.00022652637562714517,
      "hdi_97.5": 0.28313395380973816,
      "rhat": 1.001800510875686,
      "ess_bulk": 326.04507498654897
    },
    "LW": {
      "mean": 0.4066941440105438,
      "median": 0.3900132477283478,
      "sd": 0.21156789362430573,
      "hdi_2.5": 0.03447654843330383,
      "hdi_97.5": 0.8056519031524658,
      "rhat": 1.0137377926200182,
      "ess_bulk": 368.36625392570085
    },
    "UU": {
      "mean": 1.4223048686981201,
      "median": 1.4164211750030518,
      "sd": 0.28944674134254456,
      "hdi_2.5": 0.9220672249794006,
      "hdi_97.5": 1.9736193418502808,
      "rhat": 1.010613870414029,
      "ess_bulk": 156.61520564711003
    },
    "sigma_motor": {
      "mean": 41.95738220214844,
      "median": 41.21295928955078,
      "sd": 4.596923351287842,
      "hdi_2.5": 33.26592254638672,
      "hdi_97.5": 50.614891052246094,
      "rhat": 1.014336405919368,
      "ess_bulk": 308.5506808473732
    },
    "sigma_LR": {
      "mean": 3.120009660720825,
      "median": 3.1390790939331055,
      "sd": 0.4708835482597351,
      "hdi_2.5": 2.2159829139709473,
      "hdi_97.5": 3.934011220932007,
      "rhat": 1.0136215857087811,
      "ess_bulk": 250.92139999492497
    }
  },
  "n_divergences": 21,
  "n_chains": 2,
  "n_samples_per_chain": 200
}