{
  "dataset_idx": 2,
  "condition": "changepoint",
  "true_params": {
    "H": 0.05115726217627525,
    "LW": 0.8386783003807068,
    "UU": 0.4850447177886963,
    "sigma_motor": 5.708043098449707,
    "sigma_LR": 1.4357086420059204
  },
  "status": "FAILED",
  "attempts": [
    {
      "attempt": 1,
      "num_warmup": 200,
      "target_accept_prob": 0.95,
      "rhat_max": 2.2302346587582527,
      "ess_min": 2.6416638618956405,
      "n_divergences": 199,
      "passes_rhat": false,
      "passes_ess": false,
      "passes_gate": false
    },
    {
      "attempt": 2,
      "num_warmup": 400,
      "target_accept_prob": 0.99,
      "rhat_max": 1.0123472533982563,
      "ess_min": 279.38094704046176,
      "n_divergences": 0,
      "passes_rhat": false,
      "passes_ess": false,
      "passes_gate": false
    }
  ],
  "params": {
    "H": {
      "mean": 0.025927267968654633,
      "median": 0.0153531264513731,
      "sd": 0.03190562129020691,
      "hdi_2.5": 0.0003912450629286468,
      "hdi_97.5": 0.0921667143702507,
      "rhat": 0.9993834735536166,
      "ess_bulk": 383.45662381905566
    },
    "LW": {
      "mean": 0.45839932560920715,
      "median": 0.42599329352378845,
      "sd": 0.22648698091506958,
      "hdi_2.5": 0.09908324480056763,
      "hdi_97.5": 0.8759713172912598,
      "rhat": 0.9998505848375605,
      "ess_bulk": 279.38094704046176
    },
    "UU": {
      "mean": 1.6412256956100464,
      "median": 1.6344932317733765,
      "sd": 0.2722885012626648,
      "hdi_2.5": 1.1584711074829102,
      "hdi_97.5": 2.2295665740966797,
      "rhat": 1.0111964803917297,
      "ess_bulk": 360.9942501813638
    },
    "sigma_motor": {
      "mean": 46.943111419677734,
      "median": 47.012718200683594,
      "sd": 4.180309772491455,
      "hdi_2.5": 38.199913024902344,
      "hdi_97.5": 54.01485061645508,
      "rhat": 0.9994716989891422,
      "ess_bulk": 316.2229643674945
    },
    "sigma_LR": {
      "mean": 2.1401150226593018,
      "median": 2.110382080078125,
      "sd": 0.3668975234031677,
      "hdi_2.5": 1.4242515563964844,
      "hdi_97.5": 2.86767840385437,
      "rhat": 0.9997834396429611,
      "ess_bulk": 300.5102216977099
    }
  },
  "n_divergences": 0,
  "n_chains": 2,
  "n_samples_per_chain": 200
}