{
  "dataset_idx": 0,
  "condition": "oddball",
  "true_params": {
    "H": 0.19607742130756378,
    "LW": 0.27167028188705444,
    "UU": 0.61916583776474,
    "sigma_motor": 1.5649820566177368,
    "sigma_LR": 1.4813954830169678
  },
  "status": "FAILED",
  "attempts": [
    {
      "attempt": 1,
      "num_warmup": 200,
      "target_accept_prob": 0.95,
      "rhat_max": 2.2530221044971235,
      "ess_min": 2.6273836134703767,
      "n_divergences": 0,
      "passes_rhat": false,
      "passes_ess": false,
      "passes_gate": false
    },
    {
      "attempt": 2,
      "num_warmup": 400,
      "target_accept_prob": 0.99,
      "rhat_max": 1.0190697246000286,
      "ess_min": 163.5294249389072,
      "n_divergences": 0,
      "passes_rhat": false,
      "passes_ess": false,
      "passes_gate": false
    }
  ],
  "params": {
    "H": {
      "mean": 0.13870851695537567,
      "median": 0.12292839586734772,
      "sd": 0.09487327188253403,
      "hdi_2.5": 0.0057037463411688805,
      "hdi_97.5": 0.3333677351474762,
      "rhat": 1.0008578468604754,
      "ess_bulk": 241.1921763458869
    },
    "LW": {
      "mean": 0.6412663459777832,
      "median": 0.6710748672485352,
      "sd": 0.1838645488023758,
      "hdi_2.5": 0.29538047313690186,
      "hdi_97.5": 0.9722965359687805,
      "rhat": 1.0080458039182845,
      "ess_bulk": 300.190888153794
    },
    "UU": {
      "mean": 1.4058923721313477,
      "median": 1.380772352218628,
      "sd": 0.2546350359916687,
      "hdi_2.5": 0.976535439491272,
      "hdi_97.5": 1.9554007053375244,
      "rhat": 1.0103213344586697,
      "ess_bulk": 250.41224335621703
    },
    "sigma_motor": {
      "mean": 24.657705307006836,
      "median": 24.57561492919922,
      "sd": 3.149550199508667,
      "hdi_2.5": 18.240711212158203,
      "hdi_97.5": 30.455501556396484,
      "rhat": 1.0150196795773119,
      "ess_bulk": 166.59431100790025
    },
    "sigma_LR": {
      "mean": 1.7294800281524658,
      "median": 1.7156414985656738,
      "sd": 0.3361598551273346,
      "hdi_2.5": 1.1087191104888916,
      "hdi_97.5": 2.4134654998779297,
      "rhat": 1.003356887688167,
      "ess_bulk": 163.5294249389072
    }
  },
  "n_divergences": 0,
  "n_chains": 2,
  "n_samples_per_chain": 200
}