{
  "dataset_idx": 0,
  "condition": "changepoint",
  "true_params": {
    "H": 0.19607742130756378,
    "LW": 0.27167028188705444,
    "UU": 0.61916583776474,
    "sigma_motor": 1.5649820566177368,
    "sigma_LR": 1.4813954830169678
  },
  "status": "FAILED",
  "attempts": [
    {
      "attempt": 1,
      "num_warmup": 200,
      "target_accept_prob": 0.95,
      "rhat_max": 1.0162354265868345,
      "ess_min": 209.75766363221206,
      "n_divergences": 0,
      "passes_rhat": false,
      "passes_ess": false,
      "passes_gate": false
    },
    {
      "attempt": 2,
      "num_warmup": 400,
      "target_accept_prob": 0.99,
      "rhat_max": 2.2312658229736533,
      "ess_min": 2.6215923157592096,
      "n_divergences": 200,
      "passes_rhat": false,
      "passes_ess": false,
      "passes_gate": false
    }
  ],
  "params": {
    "H": {
      "mean": 0.31779319047927856,
      "median": 0.39384862780570984,
      "sd": 0.286335289478302,
      "hdi_2.5": 0.006513384636491537,
      "hdi_97.5": 0.6030789017677307,
      "rhat": 2.2047015369485887,
      "ess_bulk": 2.6740135586428893
    },
    "LW": {
      "mean": 0.33410245180130005,
      "median": 0.21980278193950653,
      "sd": 0.1920534372329712,
      "hdi_2.5": 0.07899556308984756,
      "hdi_97.5": 0.7562007904052734,
      "rhat": 1.9203369255837348,
      "ess_bulk": 8.060481762587758
    },
    "UU": {
      "mean": 0.8085721731185913,
      "median": 0.5746017098426819,
      "sd": 0.41987159848213196,
      "hdi_2.5": 0.41272246837615967,
      "hdi_97.5": 1.4577670097351074,
      "rhat": 1.8518570158147545,
      "ess_bulk": 3.032079306142964
    },
    "sigma_motor": {
      "mean": 7.3363938331604,
      "median": 4.583343505859375,
      "sd": 7.461148262023926,
      "hdi_2.5": 0.14044581353664398,
      "hdi_97.5": 18.800077438354492,
      "rhat": 2.1501445609048653,
      "ess_bulk": 2.7494863636477485
    },
    "sigma_LR": {
      "mean": 1.5745689868927002,
      "median": 1.0477440357208252,
      "sd": 1.3455694913864136,
      "hdi_2.5": 0.2575589418411255,
      "hdi_97.5": 3.4852733612060547,
      "rhat": 2.2312658229736533,
      "ess_bulk": 2.6215923157592096
    }
  },
  "n_divergences": 200,
  "n_chains": 2,
  "n_samples_per_chain": 200
}