{
  "all_nmse_y": [
    0.27088242769241333,
    0.2684036195278168,
    0.2651023268699646,
    0.247975692152977,
    0.26837801933288574,
    0.30610814690589905,
    0.26103371381759644,
    0.2498854696750641,
    0.29815056920051575,
    0.2629818618297577,
    0.26587337255477905,
    0.27525070309638977,
    0.2634460926055908,
    0.26829952001571655,
    0.26235446333885193,
    0.255998432636261,
    0.2506806254386902,
    0.2556711733341217,
    0.24726490676403046,
    0.2578471899032593,
    0.2661207318305969,
    0.26946213841438293,
    0.25711819529533386,
    0.25434866547584534,
    0.2977736294269562,
    0.2696361541748047,
    0.2608404755592346,
    0.25524431467056274,
    0.3157283365726471,
    0.25210094451904297,
    0.2510906457901001,
    0.2678287625312805,
    0.25579994916915894,
    0.2506391108036041,
    0.3376350402832031,
    0.36863037943840027,
    0.24550671875476837,
    0.28938809037208557,
    0.2574552595615387,
    0.2769557237625122,
    0.24897395074367523,
    0.33058157563209534,
    0.2784735858440399,
    0.29902127385139465,
    0.26755598187446594,
    0.27590319514274597,
    0.2500912547111511,
    0.25638294219970703,
    0.42282429337501526,
    0.2512701451778412,
    0.25959405303001404,
    0.2786855399608612,
    0.29003608226776123,
    0.31852033734321594,
    0.2625156342983246,
    0.24805431067943573,
    0.27617523074150085,
    0.2613847553730011,
    0.2826213240623474,
    0.25251320004463196,
    0.25099852681159973,
    0.24934911727905273,
    0.2696886360645294,
    0.24801546335220337,
    0.2659222185611725,
    0.29937106370925903,
    0.29851266741752625,
    0.2542317509651184,
    0.2689134180545807,
    0.2696259319782257,
    0.2542298138141632,
    0.24981893599033356,
    0.26327791810035706,
    0.5867753624916077,
    0.2626468241214752,
    0.253955602645874,
    0.24879415333271027,
    0.27414608001708984,
    0.2639041543006897,
    0.2531387507915497,
    0.24774429202079773,
    0.25454044342041016,
    0.322879433631897,
    0.2671099007129669,
    0.2726558446884155,
    0.2728523015975952,
    0.27140936255455017,
    0.25180521607398987,
    0.26301729679107666,
    0.24563950300216675,
    0.2706735134124756,
    0.25337401032447815,
    0.2592797577381134,
    0.26417049765586853,
    0.2588105797767639,
    0.3540326654911041,
    0.2534566819667816,
    0.26167577505111694,
    0.27182483673095703,
    0.2712594270706177
  ],
  "all_mse_z": [
    0.13881245255470276,
    0.14339709281921387,
    0.13647860288619995,
    0.13725602626800537,
    0.13756351172924042,
    0.143241286277771,
    0.14291884005069733,
    0.13792625069618225,
    0.14217543601989746,
    0.14375711977481842,
    0.14567969739437103,
    0.14427755773067474,
    0.1492127776145935,
    0.14248336851596832,
    0.14414457976818085,
    0.1418267786502838,
    0.13232578337192535,
    0.1425325870513916,
    0.1375979483127594,
    0.139987975358963,
    0.14193135499954224,
    0.1441110521554947,
    0.13403533399105072,
    0.1385525017976761,
    0.16682682931423187,
    0.14423418045043945,
    0.1313098520040512,
    0.1386931836605072,
    0.1801494061946869,
    0.13448266685009003,
    0.13695763051509857,
    0.138824924826622,
    0.14210981130599976,
    0.1372595876455307,
    0.18047229945659637,
    0.1797289401292801,
    0.13691018521785736,
    0.1554805040359497,
    0.1427818387746811,
    0.14119648933410645,
    0.13716086745262146,
    0.1514505296945572,
    0.1441858410835266,
    0.16339199244976044,
    0.14971475303173065,
    0.1432524025440216,
    0.13679645955562592,
    0.14076676964759827,
    0.18857704102993011,
    0.13853511214256287,
    0.1395518183708191,
    0.14990559220314026,
    0.14207004010677338,
    0.1445571333169937,
    0.14079128205776215,
    0.13787391781806946,
    0.14640267193317413,
    0.14310385286808014,
    0.14691677689552307,
    0.13840249180793762,
    0.13815534114837646,
    0.1370888501405716,
    0.13766568899154663,
    0.13734327256679535,
    0.1387232095003128,
    0.14469648897647858,
    0.13460204005241394,
    0.137822225689888,
    0.1375289261341095,
    0.1500190794467926,
    0.13767293095588684,
    0.13275060057640076,
    0.14422689378261566,
    0.17266474664211273,
    0.1450413465499878,
    0.1401781141757965,
    0.13237327337265015,
    0.14094415307044983,
    0.14315378665924072,
    0.13666000962257385,
    0.1371200531721115,
    0.13808508217334747,
    0.14237654209136963,
    0.13783703744411469,
    0.1428098827600479,
    0.1447163075208664,
    0.14702261984348297,
    0.13827162981033325,
    0.13037700951099396,
    0.13162259757518768,
    0.1413789540529251,
    0.13724058866500854,
    0.1333727389574051,
    0.13742701709270477,
    0.14414891600608826,
    0.18222013115882874,
    0.14096754789352417,
    0.14108066260814667,
    0.13909247517585754,
    0.1501036435365677
  ],
  "convergence_stats": {
    "mean_nmse_y": 0.2738559798896313,
    "std_nmse_y": 0.0418138965885516,
    "min_nmse_y": 0.24550671875476837,
    "max_nmse_y": 0.5867753624916077
  }
}