{
  "all_nmse_y": [
    0.3217759132385254,
    0.3030228614807129,
    0.3094133734703064,
    0.29815030097961426,
    0.4869459867477417,
    0.37922877073287964,
    0.3119162619113922,
    0.3060130476951599,
    0.3773108422756195,
    0.2966781258583069,
    0.30080339312553406,
    0.3095967173576355,
    0.30725643038749695,
    0.2988356053829193,
    0.30351579189300537,
    0.30847814679145813,
    0.3778226375579834,
    0.3768826425075531,
    0.3166979253292084,
    0.3977369964122772,
    0.30365338921546936,
    0.2991734743118286,
    0.3036584258079529,
    0.3786899149417877,
    0.29984837770462036,
    0.3851783275604248,
    0.39137348532676697,
    0.30910438299179077,
    0.302406907081604,
    0.3054947257041931,
    0.37230849266052246,
    0.31235265731811523,
    0.3003995418548584,
    0.3564596176147461,
    0.3036770224571228,
    0.3053414523601532,
    0.3018467128276825,
    0.372286319732666,
    0.30416396260261536,
    0.30549365282058716,
    0.29963791370391846,
    0.359307199716568,
    0.30814316868782043,
    0.3129271864891052,
    0.3130820393562317,
    0.2973516583442688,
    0.3008059859275818,
    0.31906938552856445,
    0.3773869574069977,
    0.2978059649467468,
    0.3060513734817505,
    0.3279523551464081,
    0.30541518330574036,
    0.3020970821380615,
    0.31443753838539124,
    0.3013032078742981,
    0.3005565404891968,
    0.2964416742324829,
    0.31341850757598877,
    0.3761920928955078,
    0.3055555522441864,
    0.38631847500801086,
    0.3794354498386383,
    0.37589505314826965,
    0.3151308298110962,
    0.31322312355041504,
    0.3002176284790039,
    0.2997746169567108,
    0.3089229464530945,
    0.31436052918434143,
    0.383520245552063,
    0.31568628549575806,
    0.31169161200523376,
    0.378022164106369,
    0.2988797426223755,
    0.30280184745788574,
    0.3025750517845154,
    0.30582669377326965,
    0.2990719676017761,
    0.301265150308609,
    0.30184951424598694,
    0.3039555251598358,
    0.30611902475357056,
    0.3007988929748535,
    0.3014620840549469,
    0.38437530398368835,
    0.3083925247192383,
    0.37466028332710266,
    0.37548044323921204,
    0.3549533188343048,
    0.3702061176300049,
    0.35965362191200256,
    0.3083188533782959,
    0.30047696828842163,
    0.3716296851634979,
    0.2997516095638275,
    0.30650225281715393,
    0.29973408579826355,
    0.30118322372436523,
    0.37498709559440613
  ],
  "all_mse_z": [
    0.2910735607147217,
    0.2861866354942322,
    0.2875933349132538,
    0.287030965089798,
    0.3457219898700714,
    0.32104796171188354,
    0.28322407603263855,
    0.28380993008613586,
    0.31318750977516174,
    0.2862608730792999,
    0.2875955402851105,
    0.28444182872772217,
    0.28319939970970154,
    0.2861873209476471,
    0.28843873739242554,
    0.2867804169654846,
    0.31406092643737793,
    0.3211853504180908,
    0.2920985221862793,
    0.33649328351020813,
    0.28866273164749146,
    0.28700485825538635,
    0.2863464057445526,
    0.31809139251708984,
    0.28483960032463074,
    0.3152211606502533,
    0.3209769129753113,
    0.287663996219635,
    0.28407883644104004,
    0.2877713739871979,
    0.31979048252105713,
    0.28938397765159607,
    0.2870258390903473,
    0.30521032214164734,
    0.28794974088668823,
    0.2871839106082916,
    0.28762975335121155,
    0.31968945264816284,
    0.28754922747612,
    0.28520727157592773,
    0.28515326976776123,
    0.308391273021698,
    0.28612107038497925,
    0.2902204096317291,
    0.2830932140350342,
    0.2848479747772217,
    0.28567302227020264,
    0.2895708978176117,
    0.3131004273891449,
    0.28794533014297485,
    0.2846009135246277,
    0.2866704761981964,
    0.2887962758541107,
    0.2873673439025879,
    0.29461732506752014,
    0.28806230425834656,
    0.2852085828781128,
    0.2859615683555603,
    0.28163132071495056,
    0.32040438055992126,
    0.2881350815296173,
    0.3234293460845947,
    0.31941530108451843,
    0.3138124644756317,
    0.2916550636291504,
    0.29234638810157776,
    0.2864384353160858,
    0.2864045798778534,
    0.28179997205734253,
    0.29072481393814087,
    0.31601783633232117,
    0.28738775849342346,
    0.28273651003837585,
    0.31660470366477966,
    0.2857765853404999,
    0.28729528188705444,
    0.28813427686691284,
    0.2854723334312439,
    0.28390324115753174,
    0.28718724846839905,
    0.284795880317688,
    0.2875962257385254,
    0.28634992241859436,
    0.28860729932785034,
    0.2859935462474823,
    0.32443612813949585,
    0.288267582654953,
    0.3225066065788269,
    0.3166786730289459,
    0.3081035614013672,
    0.31822341680526733,
    0.30663979053497314,
    0.2859494984149933,
    0.28686901926994324,
    0.31835147738456726,
    0.2876933515071869,
    0.28799208998680115,
    0.2860487103462219,
    0.28853586316108704,
    0.31862565875053406
  ],
  "convergence_stats": {
    "mean_nmse_y": 0.3263304102420807,
    "std_nmse_y": 0.03584404145937662,
    "min_nmse_y": 0.2964416742324829,
    "max_nmse_y": 0.4869459867477417
  }
}