{
  "all_nmse_y": [
    1.135093092918396,
    1.0623584985733032,
    1.019055724143982,
    1.1017669439315796,
    1.0846279859542847
  ],
  "all_mse_z": [
    0.2932247817516327,
    0.25822409987449646,
    0.24941787123680115,
    0.2817338705062866,
    0.24871966242790222
  ],
  "best_init_idx": 2,
  "best_nmse_y": 1.019055724143982
}