{
  "all_nmse_y": [
    0.2679450213909149,
    0.2636696994304657,
    0.2802744507789612,
    0.26240187883377075,
    0.24936392903327942,
    0.2927091419696808,
    0.3014063835144043,
    0.26413220167160034,
    0.2511047124862671,
    0.25637081265449524,
    0.2644690275192261,
    0.2778272032737732,
    0.26075342297554016,
    0.25060945749282837,
    0.2506103217601776,
    0.26945599913597107,
    0.2598904073238373,
    0.26752373576164246,
    0.28173384070396423,
    0.25837820768356323,
    0.28142210841178894,
    0.2744326591491699,
    0.25437960028648376,
    0.29366782307624817,
    0.3152014911174774,
    0.2930305600166321,
    0.2583185136318207,
    0.25088930130004883,
    0.4550838768482208,
    0.2543739378452301,
    0.2759028375148773,
    0.27147260308265686,
    0.2472585141658783,
    0.2862619459629059,
    0.2640071511268616,
    0.25772881507873535,
    0.27147161960601807,
    0.35634082555770874,
    0.25387004017829895,
    0.2828093469142914,
    0.26468178629875183,
    0.24698251485824585,
    0.24511808156967163,
    0.25431323051452637,
    0.2643077075481415,
    0.25572171807289124,
    0.25926893949508667,
    0.25684311985969543,
    0.2941070795059204,
    0.2758006155490875,
    0.2745003402233124,
    0.2542283535003662,
    0.26214686036109924,
    0.24632877111434937,
    0.2651176452636719,
    0.26297158002853394,
    0.36100929975509644,
    0.25034070014953613,
    0.2542104721069336,
    0.2508360743522644,
    0.28476682305336,
    0.26898080110549927,
    0.2536894381046295,
    0.24362926185131073,
    0.26291584968566895,
    0.26057103276252747,
    0.2529921233654022,
    0.25289180874824524,
    0.2983499765396118,
    0.2596661448478699,
    0.2412911355495453,
    0.2726569175720215,
    0.2651555836200714,
    0.26206499338150024,
    0.25913071632385254,
    0.26090705394744873,
    0.2924654483795166,
    0.2536306381225586,
    0.25892913341522217,
    0.26141417026519775,
    0.2512640357017517,
    0.25953739881515503,
    0.2507404685020447,
    0.2792232632637024,
    0.25119537115097046,
    0.2812346816062927,
    0.2987513840198517,
    0.2635000944137573,
    0.25571271777153015,
    0.27889740467071533,
    0.26042747497558594,
    0.3544376492500305,
    0.2659207284450531,
    0.27406665682792664,
    0.2787610590457916,
    0.23857255280017853,
    0.2543368339538574,
    0.24684056639671326,
    0.3039783239364624,
    0.2631145119667053
  ],
  "all_mse_z": [
    0.28034132719039917,
    0.276044100522995,
    0.2904447913169861,
    0.28503289818763733,
    0.274694561958313,
    0.29532143473625183,
    0.2923000752925873,
    0.28109320998191833,
    0.2709425389766693,
    0.27500417828559875,
    0.28089237213134766,
    0.2885010242462158,
    0.2822149693965912,
    0.2761813998222351,
    0.2750420570373535,
    0.280070424079895,
    0.2789325416088104,
    0.28518664836883545,
    0.2850092947483063,
    0.27609071135520935,
    0.28465598821640015,
    0.2854131758213043,
    0.2781237065792084,
    0.28088152408599854,
    0.3015497922897339,
    0.298494815826416,
    0.27421027421951294,
    0.2761438190937042,
    0.3545743525028229,
    0.2795141339302063,
    0.28261712193489075,
    0.2826089560985565,
    0.275881826877594,
    0.29253658652305603,
    0.2820034623146057,
    0.27905550599098206,
    0.2815109193325043,
    0.32391539216041565,
    0.2814261317253113,
    0.28469860553741455,
    0.28116467595100403,
    0.27355048060417175,
    0.274423211812973,
    0.2759091556072235,
    0.27825990319252014,
    0.28389185667037964,
    0.28420746326446533,
    0.2767958641052246,
    0.2874661087989807,
    0.29058361053466797,
    0.28273940086364746,
    0.27782168984413147,
    0.28135570883750916,
    0.2768368721008301,
    0.2801256775856018,
    0.27847084403038025,
    0.3232627809047699,
    0.27840641140937805,
    0.27479368448257446,
    0.2732568085193634,
    0.2855924665927887,
    0.28140923380851746,
    0.2745926082134247,
    0.27422913908958435,
    0.27495887875556946,
    0.2784064710140228,
    0.27580833435058594,
    0.2751656770706177,
    0.3158973455429077,
    0.2796003222465515,
    0.27110913395881653,
    0.2861594259738922,
    0.27995002269744873,
    0.2756548225879669,
    0.27691274881362915,
    0.2776523530483246,
    0.3097515106201172,
    0.27981820702552795,
    0.2784360349178314,
    0.2804906666278839,
    0.27555522322654724,
    0.2774472236633301,
    0.2762480080127716,
    0.28192782402038574,
    0.28157612681388855,
    0.28469768166542053,
    0.2904009521007538,
    0.2766367495059967,
    0.2738969027996063,
    0.285386860370636,
    0.28068214654922485,
    0.32383784651756287,
    0.2831417918205261,
    0.2772113084793091,
    0.28381308913230896,
    0.2725006341934204,
    0.27691352367401123,
    0.27621376514434814,
    0.29719316959381104,
    0.279944509267807
  ],
  "convergence_stats": {
    "mean_nmse_y": 0.27004000544548035,
    "std_nmse_y": 0.028636085685136196,
    "min_nmse_y": 0.23857255280017853,
    "max_nmse_y": 0.4550838768482208
  }
}