{
  "all_nmse_y": [
    0.26425179839134216,
    0.26110512018203735,
    0.3233824670314789,
    0.2668922543525696,
    0.2572598159313202,
    0.26358625292778015,
    0.2664235830307007,
    0.2521134912967682,
    0.2615613639354706,
    0.26833218336105347,
    0.27835214138031006,
    0.2590641379356384,
    0.25669994950294495,
    0.30254891514778137,
    0.277764230966568,
    0.25841739773750305,
    0.3498920798301697,
    0.2657885253429413,
    0.2553033232688904,
    0.27628880739212036,
    0.25608929991722107,
    0.25217971205711365,
    0.25748544931411743,
    0.28177720308303833,
    0.25963953137397766,
    0.282755583524704,
    0.2718338370323181,
    0.28083714842796326,
    0.25079402327537537,
    0.31386107206344604,
    0.3503463566303253,
    0.25927579402923584,
    0.2711001932621002,
    0.27913230657577515,
    0.28446313738822937,
    0.26928386092185974,
    0.2559754252433777,
    0.2759881317615509,
    0.25518763065338135,
    0.2714071571826935,
    0.26864302158355713,
    0.2505555748939514,
    0.2581852376461029,
    0.24785566329956055,
    0.2507525384426117,
    0.25885558128356934,
    0.2559182047843933,
    0.2709791362285614,
    0.24337001144886017,
    0.2604297697544098,
    0.2573515772819519,
    0.2831057906150818,
    0.2516123652458191,
    0.27210745215415955,
    0.2758059799671173,
    0.27519986033439636,
    0.2587692141532898,
    0.2705821692943573,
    0.2734067142009735,
    0.2699885666370392,
    0.26489248871803284,
    0.32383114099502563,
    0.2457362860441208,
    0.25945398211479187,
    0.2689008414745331,
    0.26952654123306274,
    0.25930264592170715,
    0.2626204192638397,
    0.26233699917793274,
    0.2692961096763611,
    0.2891712486743927,
    0.2507792115211487,
    0.2732362747192383,
    0.2749235928058624,
    0.3452751040458679,
    0.25933268666267395,
    0.26214921474456787,
    0.26618438959121704,
    0.256889671087265,
    0.25372517108917236,
    0.24848277866840363,
    0.2697841227054596,
    0.26394036412239075,
    0.24915149807929993,
    0.2657972574234009,
    0.26062312722206116,
    0.24758295714855194,
    0.26127347350120544,
    0.24793817102909088,
    0.2798330783843994,
    0.26943904161453247,
    0.26779696345329285,
    0.2674298882484436,
    0.2758876085281372,
    0.26951953768730164,
    0.27287670969963074,
    0.26965367794036865,
    0.2637292146682739,
    0.25892481207847595,
    0.27265703678131104
  ],
  "all_mse_z": [
    0.2829936146736145,
    0.2771790325641632,
    0.31542840600013733,
    0.28098687529563904,
    0.2748833894729614,
    0.2759302258491516,
    0.27962297201156616,
    0.2805134654045105,
    0.27949297428131104,
    0.28243693709373474,
    0.28867006301879883,
    0.2749445140361786,
    0.28025931119918823,
    0.29442548751831055,
    0.29008257389068604,
    0.2749865651130676,
    0.3159409761428833,
    0.27806830406188965,
    0.27495166659355164,
    0.2817081809043884,
    0.276686429977417,
    0.2733064889907837,
    0.27586451172828674,
    0.2803412079811096,
    0.28295597434043884,
    0.2921890318393707,
    0.2808322608470917,
    0.29021474719047546,
    0.2756112813949585,
    0.30009278655052185,
    0.32480689883232117,
    0.27681347727775574,
    0.2793915867805481,
    0.2803811728954315,
    0.28823763132095337,
    0.2835509777069092,
    0.27971455454826355,
    0.28435802459716797,
    0.2747374176979065,
    0.27852654457092285,
    0.27969199419021606,
    0.27686604857444763,
    0.28174933791160583,
    0.27349427342414856,
    0.27804872393608093,
    0.27793028950691223,
    0.27815625071525574,
    0.2748878300189972,
    0.27632513642311096,
    0.2828335762023926,
    0.2757757306098938,
    0.28827300667762756,
    0.27401432394981384,
    0.28050437569618225,
    0.28205394744873047,
    0.28044599294662476,
    0.2769230008125305,
    0.2810108959674835,
    0.28309446573257446,
    0.2803744971752167,
    0.27866441011428833,
    0.3244226276874542,
    0.27186545729637146,
    0.27656885981559753,
    0.28044772148132324,
    0.2805059254169464,
    0.2780781686306,
    0.27882787585258484,
    0.27615365386009216,
    0.2816072106361389,
    0.2901708483695984,
    0.280892938375473,
    0.28013181686401367,
    0.2861959636211395,
    0.3227192461490631,
    0.27477848529815674,
    0.27721765637397766,
    0.28130659461021423,
    0.2771875262260437,
    0.27505823969841003,
    0.27348145842552185,
    0.2763633728027344,
    0.27930784225463867,
    0.2724168002605438,
    0.2892409861087799,
    0.2781656086444855,
    0.2766236364841461,
    0.27905580401420593,
    0.27317315340042114,
    0.2859733998775482,
    0.27577516436576843,
    0.27933627367019653,
    0.27939292788505554,
    0.2866375148296356,
    0.2816477417945862,
    0.285081684589386,
    0.2780784070491791,
    0.28164851665496826,
    0.2773861289024353,
    0.28332722187042236
  ],
  "convergence_stats": {
    "mean_nmse_y": 0.268978004604578,
    "std_nmse_y": 0.019820201577078873,
    "min_nmse_y": 0.24337001144886017,
    "max_nmse_y": 0.3503463566303253
  }
}