{
  "subject_idx": 123,
  "subject_id": "SP_085511",
  "is_patient": false,
  "condition": "changepoint",
  "n_trials": 194,
  "n_blocks": 2,
  "sub_blocks_avoid_seek": [
    0,
    1
  ],
  "mcmc_config": {
    "num_warmup": 2000,
    "num_samples": 2000,
    "num_chains": 4
  },
  "fit": {
    "dataset_idx": 123,
    "condition": "changepoint",
    "status": "PASS",
    "attempts": [
      {
        "attempt": 1,
        "num_warmup": 2000,
        "target_accept_prob": 0.95,
        "rhat_max": 1.0014877171396621,
        "ess_min": 4434.753182227244,
        "n_divergences": 0,
        "passes_rhat": true,
        "passes_ess": true,
        "passes_gate": true
      }
    ],
    "params": {
      "H": {
        "mean": 0.006754330825060606,
        "median": 0.006274054758250713,
        "sd": 0.003045919118449092,
        "hdi_2.5": 0.001675134408287704,
        "hdi_97.5": 0.012899977155029774,
        "rhat": 1.000272700180314,
        "ess_bulk": 4604.674675670713
      },
      "LW": {
        "mean": 0.07261616736650467,
        "median": 0.07125157862901688,
        "sd": 0.017965128645300865,
        "hdi_2.5": 0.03917686641216278,
        "hdi_97.5": 0.10906296223402023,
        "rhat": 0.999937093192419,
        "ess_bulk": 4928.847546693228
      },
      "log_UU": {
        "mean": 1.0385295152664185,
        "median": 1.0250414609909058,
        "sd": 0.22304855287075043,
        "hdi_2.5": 0.649535059928894,
        "hdi_97.5": 1.5133285522460938,
        "rhat": 1.0002842842631137,
        "ess_bulk": 5371.647466393844
      },
      "sigma_motor": {
        "mean": 22.096723556518555,
        "median": 22.052593231201172,
        "sd": 1.8053908348083496,
        "hdi_2.5": 18.64794158935547,
        "hdi_97.5": 25.754167556762695,
        "rhat": 1.0001361792485972,
        "ess_bulk": 5862.213554374507
      },
      "sigma_LR": {
        "mean": 4.475935459136963,
        "median": 4.45493221282959,
        "sd": 0.6622874140739441,
        "hdi_2.5": 3.195812702178955,
        "hdi_97.5": 5.75698184967041,
        "rhat": 1.0002798068803944,
        "ess_bulk": 5634.232631069567
      }
    },
    "n_divergences": 0,
    "n_chains": 4,
    "n_samples_per_chain": 2000
  },
  "behavior": {
    "r_obs_vs_pred": 0.137213786106437,
    "rmse": 43.09492888525683,
    "mae": 24.969251756493602,
    "n_trials": 193
  },
  "elapsed_seconds": 51.941574573516846
}