{
  "subject_idx": 4,
  "subject_id": "SP_016841",
  "is_patient": true,
  "condition": "oddball",
  "n_trials": 194,
  "n_blocks": 2,
  "sub_blocks_avoid_seek": [
    2,
    3
  ],
  "mcmc_config": {
    "num_warmup": 2000,
    "num_samples": 2000,
    "num_chains": 4
  },
  "fit": {
    "dataset_idx": 4,
    "condition": "oddball",
    "status": "PASS",
    "attempts": [
      {
        "attempt": 1,
        "num_warmup": 2000,
        "target_accept_prob": 0.95,
        "rhat_max": 1.0014501179783704,
        "ess_min": 3937.8051371206043,
        "n_divergences": 0,
        "passes_rhat": true,
        "passes_ess": true,
        "passes_gate": true
      }
    ],
    "params": {
      "H": {
        "mean": 0.05540990084409714,
        "median": 0.04078838229179382,
        "sd": 0.05069548636674881,
        "hdi_2.5": 5.004383638151921e-05,
        "hdi_97.5": 0.15646104514598846,
        "rhat": 1.0004062113282697,
        "ess_bulk": 6464.4402078529765
      },
      "LW": {
        "mean": 0.6672622561454773,
        "median": 0.7079815864562988,
        "sd": 0.2338249385356903,
        "hdi_2.5": 0.2245054841041565,
        "hdi_97.5": 0.999930739402771,
        "rhat": 0.9999198235661164,
        "ess_bulk": 6904.282047917503
      },
      "log_UU": {
        "mean": 4.42966890335083,
        "median": 4.1740922927856445,
        "sd": 2.3365535736083984,
        "hdi_2.5": 0.42836278676986694,
        "hdi_97.5": 8.903696060180664,
        "rhat": 1.0006589235540637,
        "ess_bulk": 7043.151642405509
      },
      "sigma_motor": {
        "mean": 7.407447338104248,
        "median": 7.38716983795166,
        "sd": 0.38611841201782227,
        "hdi_2.5": 6.646162033081055,
        "hdi_97.5": 8.15727424621582,
        "rhat": 1.0004163527424226,
        "ess_bulk": 7075.13614880837
      },
      "sigma_LR": {
        "mean": 0.9245314002037048,
        "median": 0.8511817455291748,
        "sd": 0.5256515145301819,
        "hdi_2.5": 0.0004510416474658996,
        "hdi_97.5": 1.9078294038772583,
        "rhat": 1.0009405857995701,
        "ess_bulk": 3937.8051371206043
      }
    },
    "n_divergences": 0,
    "n_chains": 4,
    "n_samples_per_chain": 2000
  },
  "behavior": {
    "r_obs_vs_pred": 0.23520422600895968,
    "rmse": 7.467951985265322,
    "mae": 2.021386359858261,
    "n_trials": 193
  },
  "elapsed_seconds": 52.74120736122131
}