{
  "subject_idx": 52,
  "subject_id": "SP_023387",
  "is_patient": true,
  "condition": "oddball",
  "n_trials": 194,
  "n_blocks": 2,
  "sub_blocks_avoid_seek": [
    2,
    3
  ],
  "mcmc_config": {
    "num_warmup": 2000,
    "num_samples": 2000,
    "num_chains": 4
  },
  "fit": {
    "dataset_idx": 52,
    "condition": "oddball",
    "status": "PASS",
    "attempts": [
      {
        "attempt": 1,
        "num_warmup": 2000,
        "target_accept_prob": 0.95,
        "rhat_max": 1.0021498181442055,
        "ess_min": 2375.2195792384546,
        "n_divergences": 0,
        "passes_rhat": true,
        "passes_ess": true,
        "passes_gate": true
      }
    ],
    "params": {
      "H": {
        "mean": 0.12597225606441498,
        "median": 0.12481267005205154,
        "sd": 0.05827284976840019,
        "hdi_2.5": 0.009366065263748169,
        "hdi_97.5": 0.2311263233423233,
        "rhat": 1.0009195352043176,
        "ess_bulk": 2446.3303155832436
      },
      "LW": {
        "mean": 0.06784649938344955,
        "median": 0.06561414897441864,
        "sd": 0.02478805184364319,
        "hdi_2.5": 0.021137934178113937,
        "hdi_97.5": 0.11173776537179947,
        "rhat": 1.0017962859132719,
        "ess_bulk": 2667.2043696506707
      },
      "log_UU": {
        "mean": 0.010848402045667171,
        "median": 0.007979867979884148,
        "sd": 0.01039368286728859,
        "hdi_2.5": 8.90973865352862e-07,
        "hdi_97.5": 0.031101422384381294,
        "rhat": 1.0013703601220196,
        "ess_bulk": 3693.7189275168357
      },
      "sigma_motor": {
        "mean": 27.78253746032715,
        "median": 27.474266052246094,
        "sd": 2.799828052520752,
        "hdi_2.5": 22.73236083984375,
        "hdi_97.5": 33.67829513549805,
        "rhat": 1.0009013652248833,
        "ess_bulk": 2907.069898607984
      },
      "sigma_LR": {
        "mean": 2.2884345054626465,
        "median": 2.2521214485168457,
        "sd": 0.43308064341545105,
        "hdi_2.5": 1.4622092247009277,
        "hdi_97.5": 3.1284310817718506,
        "rhat": 1.0011808669547833,
        "ess_bulk": 4564.213814892492
      }
    },
    "n_divergences": 0,
    "n_chains": 4,
    "n_samples_per_chain": 2000
  },
  "behavior": {
    "r_obs_vs_pred": -0.15974624782535707,
    "rmse": 48.74180445275815,
    "mae": 27.877230783239238,
    "n_trials": 193
  },
  "elapsed_seconds": 44.531686782836914
}