{
  "subject_idx": 3,
  "subject_id": "SP_011586",
  "is_patient": true,
  "condition": "changepoint",
  "n_trials": 194,
  "n_blocks": 2,
  "sub_blocks_avoid_seek": [
    0,
    1
  ],
  "mcmc_config": {
    "num_warmup": 2000,
    "num_samples": 2000,
    "num_chains": 4
  },
  "fit": {
    "dataset_idx": 3,
    "condition": "changepoint",
    "status": "PASS",
    "attempts": [
      {
        "attempt": 1,
        "num_warmup": 2000,
        "target_accept_prob": 0.95,
        "rhat_max": 1.0024086880830345,
        "ess_min": 3875.980632564186,
        "n_divergences": 0,
        "passes_rhat": true,
        "passes_ess": true,
        "passes_gate": true
      }
    ],
    "params": {
      "H": {
        "mean": 0.01261957362294197,
        "median": 0.011292931623756886,
        "sd": 0.006774879992008209,
        "hdi_2.5": 0.0021421134006232023,
        "hdi_97.5": 0.02609960548579693,
        "rhat": 1.0000089319497731,
        "ess_bulk": 4681.996992137782
      },
      "LW": {
        "mean": 0.09299873560667038,
        "median": 0.08765307068824768,
        "sd": 0.03788759559392929,
        "hdi_2.5": 0.02996155060827732,
        "hdi_97.5": 0.17371676862239838,
        "rhat": 1.0004093269293302,
        "ess_bulk": 5099.464147218817
      },
      "log_UU": {
        "mean": 0.7736080288887024,
        "median": 0.7276569604873657,
        "sd": 0.2992570698261261,
        "hdi_2.5": 0.268795907497406,
        "hdi_97.5": 1.3795489072799683,
        "rhat": 1.00011711432558,
        "ess_bulk": 4942.847623945721
      },
      "sigma_motor": {
        "mean": 27.543214797973633,
        "median": 27.45040512084961,
        "sd": 3.1817870140075684,
        "hdi_2.5": 21.342296600341797,
        "hdi_97.5": 33.654205322265625,
        "rhat": 1.0024086880830345,
        "ess_bulk": 4547.820247560097
      },
      "sigma_LR": {
        "mean": 3.3665590286254883,
        "median": 3.34462833404541,
        "sd": 0.680181622505188,
        "hdi_2.5": 2.1348049640655518,
        "hdi_97.5": 4.791056156158447,
        "rhat": 1.0000147319136787,
        "ess_bulk": 5077.958590134539
      }
    },
    "n_divergences": 0,
    "n_chains": 4,
    "n_samples_per_chain": 2000
  },
  "behavior": {
    "r_obs_vs_pred": 0.1438983339721449,
    "rmse": 49.38648817851038,
    "mae": 32.05151252415745,
    "n_trials": 193
  },
  "elapsed_seconds": 74.08584976196289
}