{
  "subject_idx": 59,
  "subject_id": "SP_064541",
  "is_patient": true,
  "condition": "changepoint",
  "n_trials": 194,
  "n_blocks": 2,
  "sub_blocks_avoid_seek": [
    0,
    1
  ],
  "mcmc_config": {
    "num_warmup": 2000,
    "num_samples": 2000,
    "num_chains": 4
  },
  "fit": {
    "dataset_idx": 59,
    "condition": "changepoint",
    "status": "PASS",
    "attempts": [
      {
        "attempt": 1,
        "num_warmup": 2000,
        "target_accept_prob": 0.95,
        "rhat_max": 1.0016057006093488,
        "ess_min": 4398.490850927595,
        "n_divergences": 0,
        "passes_rhat": true,
        "passes_ess": true,
        "passes_gate": true
      }
    ],
    "params": {
      "H": {
        "mean": 0.011803587898612022,
        "median": 0.011239122599363327,
        "sd": 0.004503648262470961,
        "hdi_2.5": 0.004261640831828117,
        "hdi_97.5": 0.021110590547323227,
        "rhat": 1.0005045227988065,
        "ess_bulk": 4508.823734801624
      },
      "LW": {
        "mean": 0.07485954463481903,
        "median": 0.07402616739273071,
        "sd": 0.015848888084292412,
        "hdi_2.5": 0.043418169021606445,
        "hdi_97.5": 0.10543302446603775,
        "rhat": 1.0002185684597527,
        "ess_bulk": 4988.216992337335
      },
      "log_UU": {
        "mean": 0.9945024847984314,
        "median": 0.9807993769645691,
        "sd": 0.2270742952823639,
        "hdi_2.5": 0.5762961506843567,
        "hdi_97.5": 1.4530597925186157,
        "rhat": 1.0008721801472091,
        "ess_bulk": 4696.700336270598
      },
      "sigma_motor": {
        "mean": 22.167652130126953,
        "median": 22.06016731262207,
        "sd": 2.3675849437713623,
        "hdi_2.5": 17.862550735473633,
        "hdi_97.5": 27.087968826293945,
        "rhat": 1.0016057006093488,
        "ess_bulk": 4717.9947646515975
      },
      "sigma_LR": {
        "mean": 5.33678674697876,
        "median": 5.325022220611572,
        "sd": 0.7187727689743042,
        "hdi_2.5": 3.902836561203003,
        "hdi_97.5": 6.695169448852539,
        "rhat": 1.0003608187146291,
        "ess_bulk": 5655.788645788515
      }
    },
    "n_divergences": 0,
    "n_chains": 4,
    "n_samples_per_chain": 2000
  },
  "behavior": {
    "r_obs_vs_pred": 0.048796882386411694,
    "rmse": 49.04857586549458,
    "mae": 26.61044104702269,
    "n_trials": 193
  },
  "elapsed_seconds": 32.65904760360718
}