{
  "subject_idx": 7,
  "subject_id": "SP_031465",
  "is_patient": true,
  "condition": "oddball",
  "n_trials": 194,
  "n_blocks": 2,
  "sub_blocks_avoid_seek": [
    2,
    3
  ],
  "mcmc_config": {
    "num_warmup": 2000,
    "num_samples": 2000,
    "num_chains": 4
  },
  "fit": {
    "dataset_idx": 7,
    "condition": "oddball",
    "status": "PASS",
    "attempts": [
      {
        "attempt": 1,
        "num_warmup": 2000,
        "target_accept_prob": 0.95,
        "rhat_max": 1.0022604136817967,
        "ess_min": 2898.618479208047,
        "n_divergences": 0,
        "passes_rhat": true,
        "passes_ess": true,
        "passes_gate": true
      }
    ],
    "params": {
      "H": {
        "mean": 0.2635001540184021,
        "median": 0.2607197165489197,
        "sd": 0.04492153972387314,
        "hdi_2.5": 0.18028070032596588,
        "hdi_97.5": 0.3545277714729309,
        "rhat": 1.0015721204555683,
        "ess_bulk": 4133.660812898904
      },
      "LW": {
        "mean": 0.03828464820981026,
        "median": 0.03912772238254547,
        "sd": 0.011889523826539516,
        "hdi_2.5": 0.013981672935187817,
        "hdi_97.5": 0.060074422508478165,
        "rhat": 1.0014655787447078,
        "ess_bulk": 3372.2597880361664
      },
      "log_UU": {
        "mean": 0.007390894927084446,
        "median": 0.005421068519353867,
        "sd": 0.00675747636705637,
        "hdi_2.5": 2.305233408606e-07,
        "hdi_97.5": 0.021213313564658165,
        "rhat": 1.0001230497783853,
        "ess_bulk": 2898.618479208047
      },
      "sigma_motor": {
        "mean": 18.07106590270996,
        "median": 17.99070167541504,
        "sd": 1.8583776950836182,
        "hdi_2.5": 14.437711715698242,
        "hdi_97.5": 21.677221298217773,
        "rhat": 1.0005000320921336,
        "ess_bulk": 4481.455984084687
      },
      "sigma_LR": {
        "mean": 3.270512342453003,
        "median": 3.2578320503234863,
        "sd": 0.4022122323513031,
        "hdi_2.5": 2.5082626342773438,
        "hdi_97.5": 4.0821003913879395,
        "rhat": 1.0006100548167196,
        "ess_bulk": 5761.8134972371145
      }
    },
    "n_divergences": 0,
    "n_chains": 4,
    "n_samples_per_chain": 2000
  },
  "behavior": {
    "r_obs_vs_pred": -0.48686640261062597,
    "rmse": 54.11967331656344,
    "mae": 29.88790274374766,
    "n_trials": 193
  },
  "elapsed_seconds": 47.358628034591675
}