{
  "subject_idx": 36,
  "subject_id": "SP_081876",
  "is_patient": true,
  "condition": "oddball",
  "n_trials": 194,
  "n_blocks": 2,
  "sub_blocks_avoid_seek": [
    2,
    3
  ],
  "mcmc_config": {
    "num_warmup": 2000,
    "num_samples": 2000,
    "num_chains": 4
  },
  "fit": {
    "dataset_idx": 36,
    "condition": "oddball",
    "status": "PASS",
    "attempts": [
      {
        "attempt": 1,
        "num_warmup": 2000,
        "target_accept_prob": 0.95,
        "rhat_max": 1.0011502419349665,
        "ess_min": 4145.82324746305,
        "n_divergences": 0,
        "passes_rhat": true,
        "passes_ess": true,
        "passes_gate": true
      }
    ],
    "params": {
      "H": {
        "mean": 0.05372464656829834,
        "median": 0.038947299122810364,
        "sd": 0.04886322468519211,
        "hdi_2.5": 1.6851314285304397e-05,
        "hdi_97.5": 0.15196432173252106,
        "rhat": 0.9998691785378184,
        "ess_bulk": 5926.07874163234
      },
      "LW": {
        "mean": 0.6682122945785522,
        "median": 0.7100033760070801,
        "sd": 0.23335528373718262,
        "hdi_2.5": 0.23127759993076324,
        "hdi_97.5": 0.9999434947967529,
        "rhat": 1.0005239478338912,
        "ess_bulk": 6812.530172363046
      },
      "log_UU": {
        "mean": 3.777756929397583,
        "median": 3.407574415206909,
        "sd": 2.481701374053955,
        "hdi_2.5": 0.04084207862615585,
        "hdi_97.5": 8.576260566711426,
        "rhat": 1.0011502419349665,
        "ess_bulk": 7366.1939597292
      },
      "sigma_motor": {
        "mean": 55.32832717895508,
        "median": 55.196224212646484,
        "sd": 2.4722206592559814,
        "hdi_2.5": 50.729652404785156,
        "hdi_97.5": 60.30052947998047,
        "rhat": 1.000575856237903,
        "ess_bulk": 6340.395149230773
      },
      "sigma_LR": {
        "mean": 0.78787761926651,
        "median": 0.6649532318115234,
        "sd": 0.5994336009025574,
        "hdi_2.5": 6.860436405986547e-05,
        "hdi_97.5": 1.9498494863510132,
        "rhat": 1.0004485513308405,
        "ess_bulk": 4145.82324746305
      }
    },
    "n_divergences": 0,
    "n_chains": 4,
    "n_samples_per_chain": 2000
  },
  "behavior": {
    "r_obs_vs_pred": 0.12726880185732856,
    "rmse": 59.44252459872293,
    "mae": 26.779182328778603,
    "n_trials": 193
  },
  "elapsed_seconds": 72.18598628044128
}