{
  "subject_idx": 9,
  "subject_id": "SP_051030",
  "is_patient": true,
  "condition": "oddball",
  "n_trials": 194,
  "n_blocks": 2,
  "sub_blocks_avoid_seek": [
    2,
    3
  ],
  "mcmc_config": {
    "num_warmup": 2000,
    "num_samples": 2000,
    "num_chains": 4
  },
  "fit": {
    "dataset_idx": 9,
    "condition": "oddball",
    "status": "PASS",
    "attempts": [
      {
        "attempt": 1,
        "num_warmup": 2000,
        "target_accept_prob": 0.95,
        "rhat_max": 1.0011596996205,
        "ess_min": 3115.1628240195655,
        "n_divergences": 0,
        "passes_rhat": true,
        "passes_ess": true,
        "passes_gate": true
      }
    ],
    "params": {
      "H": {
        "mean": 0.3381013870239258,
        "median": 0.3386358618736267,
        "sd": 0.04218669235706329,
        "hdi_2.5": 0.2550446391105652,
        "hdi_97.5": 0.42272964119911194,
        "rhat": 1.0010563438633624,
        "ess_bulk": 4229.489148494314
      },
      "LW": {
        "mean": 0.008537004701793194,
        "median": 0.008200298994779587,
        "sd": 0.004178162664175034,
        "hdi_2.5": 0.0008629349176771939,
        "hdi_97.5": 0.016235481947660446,
        "rhat": 1.0005690085023307,
        "ess_bulk": 3743.801799538287
      },
      "log_UU": {
        "mean": 0.00166722247377038,
        "median": 0.0011856136843562126,
        "sd": 0.0015966645441949368,
        "hdi_2.5": 4.572687828385824e-07,
        "hdi_97.5": 0.004855134058743715,
        "rhat": 1.001026823042662,
        "ess_bulk": 3115.2831475989856
      },
      "sigma_motor": {
        "mean": 17.25461769104004,
        "median": 17.14964485168457,
        "sd": 1.5365843772888184,
        "hdi_2.5": 14.27783489227295,
        "hdi_97.5": 20.24488067626953,
        "rhat": 1.0002635535720639,
        "ess_bulk": 4822.650458774663
      },
      "sigma_LR": {
        "mean": 2.9822301864624023,
        "median": 2.9586875438690186,
        "sd": 0.3501461148262024,
        "hdi_2.5": 2.309317111968994,
        "hdi_97.5": 3.6644768714904785,
        "rhat": 1.0006539304372042,
        "ess_bulk": 4601.276776633894
      }
    },
    "n_divergences": 0,
    "n_chains": 4,
    "n_samples_per_chain": 2000
  },
  "behavior": {
    "r_obs_vs_pred": -0.3951390638810827,
    "rmse": 50.76018358285434,
    "mae": 21.728367562371986,
    "n_trials": 193
  },
  "elapsed_seconds": 64.11836504936218
}