{
  "subject_idx": 111,
  "subject_id": "SP_084025",
  "is_patient": false,
  "condition": "oddball",
  "n_trials": 194,
  "n_blocks": 2,
  "sub_blocks_avoid_seek": [
    2,
    3
  ],
  "mcmc_config": {
    "num_warmup": 2000,
    "num_samples": 2000,
    "num_chains": 4
  },
  "fit": {
    "dataset_idx": 111,
    "condition": "oddball",
    "status": "PASS",
    "attempts": [
      {
        "attempt": 1,
        "num_warmup": 2000,
        "target_accept_prob": 0.95,
        "rhat_max": 1.0008894537860908,
        "ess_min": 3613.767008040915,
        "n_divergences": 0,
        "passes_rhat": true,
        "passes_ess": true,
        "passes_gate": true
      }
    ],
    "params": {
      "H": {
        "mean": 0.2554257810115814,
        "median": 0.2542721629142761,
        "sd": 0.04166284576058388,
        "hdi_2.5": 0.17338800430297852,
        "hdi_97.5": 0.33631518483161926,
        "rhat": 1.0003260809481396,
        "ess_bulk": 4015.18447674877
      },
      "LW": {
        "mean": 0.014908337034285069,
        "median": 0.014960799366235733,
        "sd": 0.004634479526430368,
        "hdi_2.5": 0.0055078924633562565,
        "hdi_97.5": 0.023424701765179634,
        "rhat": 1.0003358493715788,
        "ess_bulk": 3613.767008040915
      },
      "log_UU": {
        "mean": 0.002534514991566539,
        "median": 0.0017816228792071342,
        "sd": 0.002490852726623416,
        "hdi_2.5": 1.490898398515128e-06,
        "hdi_97.5": 0.00746508315205574,
        "rhat": 1.0001165812673796,
        "ess_bulk": 4175.707354446084
      },
      "sigma_motor": {
        "mean": 26.217947006225586,
        "median": 26.139118194580078,
        "sd": 2.2350120544433594,
        "hdi_2.5": 21.760854721069336,
        "hdi_97.5": 30.481653213500977,
        "rhat": 1.0008659477199169,
        "ess_bulk": 4086.677114331737
      },
      "sigma_LR": {
        "mean": 3.698713541030884,
        "median": 3.6762471199035645,
        "sd": 0.4904027283191681,
        "hdi_2.5": 2.7746596336364746,
        "hdi_97.5": 4.7074761390686035,
        "rhat": 1.00042255688795,
        "ess_bulk": 4370.7237498302475
      }
    },
    "n_divergences": 0,
    "n_chains": 4,
    "n_samples_per_chain": 2000
  },
  "behavior": {
    "r_obs_vs_pred": -0.5245910152657083,
    "rmse": 63.32284247371597,
    "mae": 30.107869801087393,
    "n_trials": 193
  },
  "elapsed_seconds": 58.62906289100647
}