{
  "subject_idx": 91,
  "subject_id": "SP_089550",
  "is_patient": true,
  "condition": "changepoint",
  "n_trials": 194,
  "n_blocks": 2,
  "sub_blocks_avoid_seek": [
    0,
    1
  ],
  "mcmc_config": {
    "num_warmup": 2000,
    "num_samples": 2000,
    "num_chains": 4
  },
  "fit": {
    "dataset_idx": 91,
    "condition": "changepoint",
    "status": "PASS",
    "attempts": [
      {
        "attempt": 1,
        "num_warmup": 2000,
        "target_accept_prob": 0.95,
        "rhat_max": 1.0012509922335502,
        "ess_min": 4067.289652723617,
        "n_divergences": 0,
        "passes_rhat": true,
        "passes_ess": true,
        "passes_gate": true
      }
    ],
    "params": {
      "H": {
        "mean": 0.005967029370367527,
        "median": 0.005449577234685421,
        "sd": 0.002872834214940667,
        "hdi_2.5": 0.0013627393636852503,
        "hdi_97.5": 0.011710942722856998,
        "rhat": 1.0005596411190347,
        "ess_bulk": 4429.2597463493275
      },
      "LW": {
        "mean": 0.07839428633451462,
        "median": 0.07789896428585052,
        "sd": 0.021541910246014595,
        "hdi_2.5": 0.035975854843854904,
        "hdi_97.5": 0.11816288530826569,
        "rhat": 1.0002367269019483,
        "ess_bulk": 4844.541040818452
      },
      "log_UU": {
        "mean": 0.9810318946838379,
        "median": 0.9646813869476318,
        "sd": 0.21579231321811676,
        "hdi_2.5": 0.5907652378082275,
        "hdi_97.5": 1.4315345287322998,
        "rhat": 1.000239377187059,
        "ess_bulk": 5310.813387082067
      },
      "sigma_motor": {
        "mean": 23.65022087097168,
        "median": 23.567089080810547,
        "sd": 1.6225279569625854,
        "hdi_2.5": 20.508548736572266,
        "hdi_97.5": 26.810754776000977,
        "rhat": 1.0005273074435337,
        "ess_bulk": 5508.843016346421
      },
      "sigma_LR": {
        "mean": 4.019466876983643,
        "median": 3.997918128967285,
        "sd": 0.6104533672332764,
        "hdi_2.5": 2.8713314533233643,
        "hdi_97.5": 5.248349189758301,
        "rhat": 1.0005375301431116,
        "ess_bulk": 5008.702483967223
      }
    },
    "n_divergences": 0,
    "n_chains": 4,
    "n_samples_per_chain": 2000
  },
  "behavior": {
    "r_obs_vs_pred": 0.07413993559592064,
    "rmse": 44.8069754427623,
    "mae": 21.42187824304375,
    "n_trials": 193
  },
  "elapsed_seconds": 48.37439584732056
}