{
  "subject_idx": 67,
  "subject_id": "SP_082001",
  "is_patient": true,
  "condition": "oddball",
  "n_trials": 194,
  "n_blocks": 2,
  "sub_blocks_avoid_seek": [
    2,
    3
  ],
  "mcmc_config": {
    "num_warmup": 2000,
    "num_samples": 2000,
    "num_chains": 4
  },
  "fit": {
    "dataset_idx": 67,
    "condition": "oddball",
    "status": "PASS",
    "attempts": [
      {
        "attempt": 1,
        "num_warmup": 2000,
        "target_accept_prob": 0.95,
        "rhat_max": 1.0011868607415784,
        "ess_min": 3835.811277900846,
        "n_divergences": 0,
        "passes_rhat": true,
        "passes_ess": true,
        "passes_gate": true
      }
    ],
    "params": {
      "H": {
        "mean": 0.024446412920951843,
        "median": 0.016779011115431786,
        "sd": 0.024543415755033493,
        "hdi_2.5": 1.0349250260333065e-05,
        "hdi_97.5": 0.07374108582735062,
        "rhat": 1.0005494113386795,
        "ess_bulk": 4268.668820824659
      },
      "LW": {
        "mean": 0.1260155439376831,
        "median": 0.12200506031513214,
        "sd": 0.04046161100268364,
        "hdi_2.5": 0.05335570499300957,
        "hdi_97.5": 0.20893844962120056,
        "rhat": 1.000952518666032,
        "ess_bulk": 3835.811277900846
      },
      "log_UU": {
        "mean": 0.9524644017219543,
        "median": 0.9257822036743164,
        "sd": 0.333918958902359,
        "hdi_2.5": 0.3113648593425751,
        "hdi_97.5": 1.596551537513733,
        "rhat": 1.0007726039643703,
        "ess_bulk": 5349.560110086437
      },
      "sigma_motor": {
        "mean": 11.581583976745605,
        "median": 11.548589706420898,
        "sd": 0.6084019541740417,
        "hdi_2.5": 10.46248722076416,
        "hdi_97.5": 12.839486122131348,
        "rhat": 1.0003518399019053,
        "ess_bulk": 6523.660601387321
      },
      "sigma_LR": {
        "mean": 3.623969793319702,
        "median": 3.5926647186279297,
        "sd": 0.5287326574325562,
        "hdi_2.5": 2.6285712718963623,
        "hdi_97.5": 4.6681437492370605,
        "rhat": 0.999791749235236,
        "ess_bulk": 6093.207722133329
      }
    },
    "n_divergences": 0,
    "n_chains": 4,
    "n_samples_per_chain": 2000
  },
  "behavior": {
    "r_obs_vs_pred": -0.3543821953093187,
    "rmse": 23.41048978594326,
    "mae": 5.027396708146644,
    "n_trials": 193
  },
  "elapsed_seconds": 63.86357641220093
}