{
  "subject_idx": 62,
  "subject_id": "SP_074248",
  "is_patient": true,
  "condition": "changepoint",
  "n_trials": 194,
  "n_blocks": 2,
  "sub_blocks_avoid_seek": [
    0,
    1
  ],
  "mcmc_config": {
    "num_warmup": 2000,
    "num_samples": 2000,
    "num_chains": 4
  },
  "fit": {
    "dataset_idx": 62,
    "condition": "changepoint",
    "status": "PASS",
    "attempts": [
      {
        "attempt": 1,
        "num_warmup": 2000,
        "target_accept_prob": 0.95,
        "rhat_max": 1.0012385860487698,
        "ess_min": 3665.775986305954,
        "n_divergences": 0,
        "passes_rhat": true,
        "passes_ess": true,
        "passes_gate": true
      }
    ],
    "params": {
      "H": {
        "mean": 0.00871806126087904,
        "median": 0.008246028795838356,
        "sd": 0.0033542104065418243,
        "hdi_2.5": 0.0031058918684720993,
        "hdi_97.5": 0.015460046008229256,
        "rhat": 1.0000772968407479,
        "ess_bulk": 3861.284734829713
      },
      "LW": {
        "mean": 0.11706965416669846,
        "median": 0.1163254827260971,
        "sd": 0.021216433495283127,
        "hdi_2.5": 0.07678268104791641,
        "hdi_97.5": 0.1594601422548294,
        "rhat": 1.0000111758254406,
        "ess_bulk": 4611.875058295015
      },
      "log_UU": {
        "mean": 0.963001012802124,
        "median": 0.9519794583320618,
        "sd": 0.19031302630901337,
        "hdi_2.5": 0.5954146981239319,
        "hdi_97.5": 1.3325886726379395,
        "rhat": 1.0009416794274657,
        "ess_bulk": 4878.4756019798315
      },
      "sigma_motor": {
        "mean": 19.747243881225586,
        "median": 19.644763946533203,
        "sd": 1.8247162103652954,
        "hdi_2.5": 16.28956413269043,
        "hdi_97.5": 23.378917694091797,
        "rhat": 1.0004869298321326,
        "ess_bulk": 4839.323541016186
      },
      "sigma_LR": {
        "mean": 5.880204200744629,
        "median": 5.868196487426758,
        "sd": 0.6919914484024048,
        "hdi_2.5": 4.533309459686279,
        "hdi_97.5": 7.224420070648193,
        "rhat": 1.0005849299192189,
        "ess_bulk": 4640.681802807292
      }
    },
    "n_divergences": 0,
    "n_chains": 4,
    "n_samples_per_chain": 2000
  },
  "behavior": {
    "r_obs_vs_pred": -0.19606405099597984,
    "rmse": 54.13156662366713,
    "mae": 23.396817993097624,
    "n_trials": 193
  },
  "elapsed_seconds": 57.95260190963745
}