{
  "subject_idx": 130,
  "subject_id": "SP_085803",
  "is_patient": false,
  "condition": "changepoint",
  "n_trials": 194,
  "n_blocks": 2,
  "sub_blocks_avoid_seek": [
    0,
    1
  ],
  "mcmc_config": {
    "num_warmup": 2000,
    "num_samples": 2000,
    "num_chains": 4
  },
  "fit": {
    "dataset_idx": 130,
    "condition": "changepoint",
    "status": "PASS",
    "attempts": [
      {
        "attempt": 1,
        "num_warmup": 2000,
        "target_accept_prob": 0.95,
        "rhat_max": 1.0014350233047398,
        "ess_min": 4777.179747897304,
        "n_divergences": 0,
        "passes_rhat": true,
        "passes_ess": true,
        "passes_gate": true
      }
    ],
    "params": {
      "H": {
        "mean": 0.007129352539777756,
        "median": 0.0063319215551018715,
        "sd": 0.003982796333730221,
        "hdi_2.5": 0.0010855668224394321,
        "hdi_97.5": 0.014994845725595951,
        "rhat": 1.0004868407246106,
        "ess_bulk": 4868.803348607451
      },
      "LW": {
        "mean": 0.10707568377256393,
        "median": 0.10447271168231964,
        "sd": 0.027400866150856018,
        "hdi_2.5": 0.05701625347137451,
        "hdi_97.5": 0.16292917728424072,
        "rhat": 1.0006212287156766,
        "ess_bulk": 5277.965158770929
      },
      "log_UU": {
        "mean": 1.3717327117919922,
        "median": 1.3603250980377197,
        "sd": 0.3104954957962036,
        "hdi_2.5": 0.752750039100647,
        "hdi_97.5": 1.966317892074585,
        "rhat": 1.0007317653753034,
        "ess_bulk": 6190.894382723405
      },
      "sigma_motor": {
        "mean": 20.390811920166016,
        "median": 20.363101959228516,
        "sd": 1.4740500450134277,
        "hdi_2.5": 17.582876205444336,
        "hdi_97.5": 23.31444549560547,
        "rhat": 0.9999916137754571,
        "ess_bulk": 5279.62002168396
      },
      "sigma_LR": {
        "mean": 2.453810214996338,
        "median": 2.3971519470214844,
        "sd": 0.6578224301338196,
        "hdi_2.5": 1.2465647459030151,
        "hdi_97.5": 3.7214691638946533,
        "rhat": 1.0001794134441364,
        "ess_bulk": 5202.858223053857
      }
    },
    "n_divergences": 0,
    "n_chains": 4,
    "n_samples_per_chain": 2000
  },
  "behavior": {
    "r_obs_vs_pred": 0.2932841071356234,
    "rmse": 29.474878690283425,
    "mae": 14.305572278175136,
    "n_trials": 193
  },
  "elapsed_seconds": 54.64218854904175
}