{
  "subject_idx": 27,
  "subject_id": "SP_071594",
  "is_patient": true,
  "condition": "changepoint",
  "n_trials": 394,
  "n_blocks": 2,
  "sub_blocks_avoid_seek": [
    0,
    1
  ],
  "mcmc_config": {
    "num_warmup": 2000,
    "num_samples": 2000,
    "num_chains": 4
  },
  "fit": {
    "dataset_idx": 27,
    "condition": "changepoint",
    "status": "PASS",
    "attempts": [
      {
        "attempt": 1,
        "num_warmup": 2000,
        "target_accept_prob": 0.95,
        "rhat_max": 1.0017929113006243,
        "ess_min": 4729.9969546940965,
        "n_divergences": 0,
        "passes_rhat": true,
        "passes_ess": true,
        "passes_gate": true
      }
    ],
    "params": {
      "H": {
        "mean": 0.011932961642742157,
        "median": 0.011645530350506306,
        "sd": 0.0029189663473516703,
        "hdi_2.5": 0.006899546831846237,
        "hdi_97.5": 0.017926283180713654,
        "rhat": 1.000652702533179,
        "ess_bulk": 5059.227145944959
      },
      "LW": {
        "mean": 0.05958427116274834,
        "median": 0.05851007252931595,
        "sd": 0.012206114828586578,
        "hdi_2.5": 0.03666822612285614,
        "hdi_97.5": 0.08366703987121582,
        "rhat": 1.0017929113006243,
        "ess_bulk": 5694.666314542673
      },
      "log_UU": {
        "mean": 0.9636463522911072,
        "median": 0.9603339433670044,
        "sd": 0.1351296603679657,
        "hdi_2.5": 0.7124877572059631,
        "hdi_97.5": 1.2343180179595947,
        "rhat": 1.0008337035800954,
        "ess_bulk": 5612.992362421909
      },
      "sigma_motor": {
        "mean": 14.194822311401367,
        "median": 14.174028396606445,
        "sd": 0.8453617691993713,
        "hdi_2.5": 12.556741714477539,
        "hdi_97.5": 15.869111061096191,
        "rhat": 1.0000851970785407,
        "ess_bulk": 6160.025701734743
      },
      "sigma_LR": {
        "mean": 5.741537094116211,
        "median": 5.736380577087402,
        "sd": 0.5186504125595093,
        "hdi_2.5": 4.75444221496582,
        "hdi_97.5": 6.759193420410156,
        "rhat": 1.0010905544168849,
        "ess_bulk": 6291.38233657028
      }
    },
    "n_divergences": 0,
    "n_chains": 4,
    "n_samples_per_chain": 2000
  },
  "behavior": {
    "r_obs_vs_pred": -0.023997800451604934,
    "rmse": 43.79792632573301,
    "mae": 20.943158626864466,
    "n_trials": 393
  },
  "elapsed_seconds": 106.77880883216858
}