{
  "subject_idx": 31,
  "subject_id": "SP_079233",
  "is_patient": true,
  "condition": "oddball",
  "n_trials": 194,
  "n_blocks": 2,
  "sub_blocks_avoid_seek": [
    2,
    3
  ],
  "mcmc_config": {
    "num_warmup": 2000,
    "num_samples": 2000,
    "num_chains": 4
  },
  "fit": {
    "dataset_idx": 31,
    "condition": "oddball",
    "status": "PASS",
    "attempts": [
      {
        "attempt": 1,
        "num_warmup": 2000,
        "target_accept_prob": 0.95,
        "rhat_max": 1.3740540921946027,
        "ess_min": 8.778882888976757,
        "n_divergences": 1311,
        "passes_rhat": false,
        "passes_ess": false,
        "passes_gate": false
      },
      {
        "attempt": 2,
        "num_warmup": 4000,
        "target_accept_prob": 0.99,
        "rhat_max": 1.0012580649181557,
        "ess_min": 3496.754674499922,
        "n_divergences": 0,
        "passes_rhat": true,
        "passes_ess": true,
        "passes_gate": true
      }
    ],
    "params": {
      "H": {
        "mean": 0.37490394711494446,
        "median": 0.37107154726982117,
        "sd": 0.04820612818002701,
        "hdi_2.5": 0.2865312993526459,
        "hdi_97.5": 0.47354698181152344,
        "rhat": 1.0007475119656162,
        "ess_bulk": 4333.757000372448
      },
      "LW": {
        "mean": 0.04218410328030586,
        "median": 0.041972603648900986,
        "sd": 0.016221439465880394,
        "hdi_2.5": 0.011205756105482578,
        "hdi_97.5": 0.07294194400310516,
        "rhat": 1.0003157909903442,
        "ess_bulk": 3539.558385955766
      },
      "log_UU": {
        "mean": 0.0043470594100654125,
        "median": 0.003098207525908947,
        "sd": 0.0041937013156712055,
        "hdi_2.5": 9.557622888678452e-07,
        "hdi_97.5": 0.012781187891960144,
        "rhat": 1.0007557139981527,
        "ess_bulk": 3879.9086845290035
      },
      "sigma_motor": {
        "mean": 20.399566650390625,
        "median": 20.32111358642578,
        "sd": 2.044978141784668,
        "hdi_2.5": 16.55717658996582,
        "hdi_97.5": 24.424060821533203,
        "rhat": 1.000107035435538,
        "ess_bulk": 3980.6529848978353
      },
      "sigma_LR": {
        "mean": 2.7224555015563965,
        "median": 2.7089991569519043,
        "sd": 0.3609411418437958,
        "hdi_2.5": 2.018404483795166,
        "hdi_97.5": 3.424661159515381,
        "rhat": 1.0001470399168495,
        "ess_bulk": 4255.677018903202
      }
    },
    "n_divergences": 0,
    "n_chains": 4,
    "n_samples_per_chain": 2000
  },
  "behavior": {
    "r_obs_vs_pred": -0.3997783198882179,
    "rmse": 47.60306535725066,
    "mae": 30.885099055004243,
    "n_trials": 193
  },
  "elapsed_seconds": 137.73095870018005
}