{
  "subject_idx": 76,
  "subject_id": "SP_085072",
  "is_patient": true,
  "condition": "changepoint",
  "n_trials": 194,
  "n_blocks": 2,
  "sub_blocks_avoid_seek": [
    0,
    1
  ],
  "mcmc_config": {
    "num_warmup": 2000,
    "num_samples": 2000,
    "num_chains": 4
  },
  "fit": {
    "dataset_idx": 76,
    "condition": "changepoint",
    "status": "PASS",
    "attempts": [
      {
        "attempt": 1,
        "num_warmup": 2000,
        "target_accept_prob": 0.95,
        "rhat_max": 1.0014298595145403,
        "ess_min": 3905.112026075905,
        "n_divergences": 0,
        "passes_rhat": true,
        "passes_ess": true,
        "passes_gate": true
      }
    ],
    "params": {
      "H": {
        "mean": 0.016954516991972923,
        "median": 0.016572756692767143,
        "sd": 0.003430101787671447,
        "hdi_2.5": 0.010686667636036873,
        "hdi_97.5": 0.023837825283408165,
        "rhat": 1.0007565648019976,
        "ess_bulk": 4519.859594102714
      },
      "LW": {
        "mean": 0.1133887767791748,
        "median": 0.11457468569278717,
        "sd": 0.014890245161950588,
        "hdi_2.5": 0.08136008679866791,
        "hdi_97.5": 0.13961145281791687,
        "rhat": 1.0005820823915574,
        "ess_bulk": 4483.227626913721
      },
      "log_UU": {
        "mean": 0.7974961996078491,
        "median": 0.7925207614898682,
        "sd": 0.1019977256655693,
        "hdi_2.5": 0.6100255846977234,
        "hdi_97.5": 1.0090384483337402,
        "rhat": 1.001221255283722,
        "ess_bulk": 5512.209852734948
      },
      "sigma_motor": {
        "mean": 1.870375156402588,
        "median": 1.8429986238479614,
        "sd": 0.36660516262054443,
        "hdi_2.5": 1.2175029516220093,
        "hdi_97.5": 2.6323819160461426,
        "rhat": 1.0010759603519483,
        "ess_bulk": 6068.4535125431485
      },
      "sigma_LR": {
        "mean": 5.203611373901367,
        "median": 5.181318283081055,
        "sd": 0.45650434494018555,
        "hdi_2.5": 4.354007720947266,
        "hdi_97.5": 6.124153137207031,
        "rhat": 1.001003830675108,
        "ess_bulk": 5340.175970119826
      }
    },
    "n_divergences": 0,
    "n_chains": 4,
    "n_samples_per_chain": 2000
  },
  "behavior": {
    "r_obs_vs_pred": -0.0645259091551948,
    "rmse": 58.09322579051042,
    "mae": 22.77104358638545,
    "n_trials": 193
  },
  "elapsed_seconds": 61.659282207489014
}