{
  "subject_idx": 98,
  "subject_id": "SP_090483",
  "is_patient": true,
  "condition": "oddball",
  "n_trials": 194,
  "n_blocks": 2,
  "sub_blocks_avoid_seek": [
    2,
    3
  ],
  "mcmc_config": {
    "num_warmup": 2000,
    "num_samples": 2000,
    "num_chains": 4
  },
  "fit": {
    "dataset_idx": 98,
    "condition": "oddball",
    "status": "PASS",
    "attempts": [
      {
        "attempt": 1,
        "num_warmup": 2000,
        "target_accept_prob": 0.95,
        "rhat_max": 1.0012604178129332,
        "ess_min": 3061.64795645794,
        "n_divergences": 0,
        "passes_rhat": true,
        "passes_ess": true,
        "passes_gate": true
      }
    ],
    "params": {
      "H": {
        "mean": 0.34756454825401306,
        "median": 0.3480401933193207,
        "sd": 0.028766604140400887,
        "hdi_2.5": 0.29177218675613403,
        "hdi_97.5": 0.4053308963775635,
        "rhat": 1.00105121045265,
        "ess_bulk": 4184.492471916282
      },
      "LW": {
        "mean": 0.012854484841227531,
        "median": 0.012722214683890343,
        "sd": 0.005105970893055201,
        "hdi_2.5": 0.0028175506740808487,
        "hdi_97.5": 0.022235175594687462,
        "rhat": 1.0005353799233596,
        "ess_bulk": 3574.0590074674556
      },
      "log_UU": {
        "mean": 0.0006250271108001471,
        "median": 0.0004471749998629093,
        "sd": 0.0005971798091195524,
        "hdi_2.5": 2.4315573554645198e-08,
        "hdi_97.5": 0.0018506704363971949,
        "rhat": 1.0006728258431787,
        "ess_bulk": 3985.0125294041427
      },
      "sigma_motor": {
        "mean": 7.870169639587402,
        "median": 7.7878947257995605,
        "sd": 1.0078142881393433,
        "hdi_2.5": 5.891461372375488,
        "hdi_97.5": 9.800536155700684,
        "rhat": 1.0012604178129332,
        "ess_bulk": 4695.749479628095
      },
      "sigma_LR": {
        "mean": 4.942130088806152,
        "median": 4.927912712097168,
        "sd": 0.4571850001811981,
        "hdi_2.5": 4.08207893371582,
        "hdi_97.5": 5.862332344055176,
        "rhat": 1.0005584921375044,
        "ess_bulk": 4601.21701818519
      }
    },
    "n_divergences": 0,
    "n_chains": 4,
    "n_samples_per_chain": 2000
  },
  "behavior": {
    "r_obs_vs_pred": -0.29926358288497157,
    "rmse": 44.21068603252827,
    "mae": 17.7544442802436,
    "n_trials": 193
  },
  "elapsed_seconds": 61.762211322784424
}