{
  "subject_idx": 50,
  "subject_id": "SP_021947",
  "is_patient": true,
  "condition": "changepoint",
  "n_trials": 194,
  "n_blocks": 2,
  "sub_blocks_avoid_seek": [
    0,
    1
  ],
  "mcmc_config": {
    "num_warmup": 2000,
    "num_samples": 2000,
    "num_chains": 4
  },
  "fit": {
    "dataset_idx": 50,
    "condition": "changepoint",
    "status": "PASS",
    "attempts": [
      {
        "attempt": 1,
        "num_warmup": 2000,
        "target_accept_prob": 0.95,
        "rhat_max": 1.0021161005146815,
        "ess_min": 2122.920615890177,
        "n_divergences": 4,
        "passes_rhat": true,
        "passes_ess": true,
        "passes_gate": true
      }
    ],
    "params": {
      "H": {
        "mean": 0.011095778085291386,
        "median": 0.01012068148702383,
        "sd": 0.005762966815382242,
        "hdi_2.5": 0.0013844193890690804,
        "hdi_97.5": 0.022200534120202065,
        "rhat": 1.002074622087401,
        "ess_bulk": 2669.5379396543904
      },
      "LW": {
        "mean": 0.09254752099514008,
        "median": 0.08812695741653442,
        "sd": 0.032040074467659,
        "hdi_2.5": 0.03821033984422684,
        "hdi_97.5": 0.1595558524131775,
        "rhat": 1.000610695615494,
        "ess_bulk": 2423.0445924837672
      },
      "log_UU": {
        "mean": 1.1896305084228516,
        "median": 1.165297031402588,
        "sd": 0.3672194480895996,
        "hdi_2.5": 0.6206376552581787,
        "hdi_97.5": 1.7325867414474487,
        "rhat": 1.001157744848252,
        "ess_bulk": 2708.9482548498763
      },
      "sigma_motor": {
        "mean": 34.89093017578125,
        "median": 34.744422912597656,
        "sd": 2.992772340774536,
        "hdi_2.5": 29.240724563598633,
        "hdi_97.5": 40.73244094848633,
        "rhat": 1.0012336774266961,
        "ess_bulk": 2627.1500109974786
      },
      "sigma_LR": {
        "mean": 3.096745014190674,
        "median": 3.07063627243042,
        "sd": 0.6850137710571289,
        "hdi_2.5": 1.8399653434753418,
        "hdi_97.5": 4.477832794189453,
        "rhat": 1.0017890752661336,
        "ess_bulk": 2574.583736946663
      }
    },
    "n_divergences": 4,
    "n_chains": 4,
    "n_samples_per_chain": 2000
  },
  "behavior": {
    "r_obs_vs_pred": -0.08856129381131539,
    "rmse": 65.37725563729116,
    "mae": 34.727622312208915,
    "n_trials": 193
  },
  "elapsed_seconds": 925.6487200260162
}