{
  "subject_idx": 43,
  "subject_id": "SP_084611",
  "is_patient": true,
  "condition": "oddball",
  "n_trials": 194,
  "n_blocks": 2,
  "sub_blocks_avoid_seek": [
    2,
    3
  ],
  "mcmc_config": {
    "num_warmup": 2000,
    "num_samples": 2000,
    "num_chains": 4
  },
  "fit": {
    "dataset_idx": 43,
    "condition": "oddball",
    "status": "PASS",
    "attempts": [
      {
        "attempt": 1,
        "num_warmup": 2000,
        "target_accept_prob": 0.95,
        "rhat_max": 1.0013695376344918,
        "ess_min": 4365.87149359802,
        "n_divergences": 0,
        "passes_rhat": true,
        "passes_ess": true,
        "passes_gate": true
      }
    ],
    "params": {
      "H": {
        "mean": 0.05440083518624306,
        "median": 0.042071402072906494,
        "sd": 0.045657046139240265,
        "hdi_2.5": 0.00012883021554443985,
        "hdi_97.5": 0.14442133903503418,
        "rhat": 1.0005366137035578,
        "ess_bulk": 4882.1379562362945
      },
      "LW": {
        "mean": 0.6995962858200073,
        "median": 0.7342875003814697,
        "sd": 0.2086406946182251,
        "hdi_2.5": 0.3010784089565277,
        "hdi_97.5": 0.9999997615814209,
        "rhat": 1.0009582500513332,
        "ess_bulk": 5385.563768433903
      },
      "log_UU": {
        "mean": 1.7799394130706787,
        "median": 1.1103342771530151,
        "sd": 1.8897286653518677,
        "hdi_2.5": 0.0007174728671088815,
        "hdi_97.5": 6.057538032531738,
        "rhat": 1.001343995776259,
        "ess_bulk": 5252.236866996732
      },
      "sigma_motor": {
        "mean": 25.500410079956055,
        "median": 25.46832275390625,
        "sd": 1.3481640815734863,
        "hdi_2.5": 22.934600830078125,
        "hdi_97.5": 28.141416549682617,
        "rhat": 1.0004302395880114,
        "ess_bulk": 5173.035711834447
      },
      "sigma_LR": {
        "mean": 1.7794370651245117,
        "median": 1.7509241104125977,
        "sd": 0.665166437625885,
        "hdi_2.5": 0.48462581634521484,
        "hdi_97.5": 3.065825939178467,
        "rhat": 1.0000221350898673,
        "ess_bulk": 5433.595848373105
      }
    },
    "n_divergences": 0,
    "n_chains": 4,
    "n_samples_per_chain": 2000
  },
  "behavior": {
    "r_obs_vs_pred": -0.09563035218180607,
    "rmse": 27.347914187299082,
    "mae": 18.792541892467995,
    "n_trials": 193
  },
  "elapsed_seconds": 61.382774353027344
}