{
  "subject_idx": 85,
  "subject_id": "SP_089008",
  "is_patient": true,
  "condition": "changepoint",
  "n_trials": 194,
  "n_blocks": 2,
  "sub_blocks_avoid_seek": [
    0,
    1
  ],
  "mcmc_config": {
    "num_warmup": 2000,
    "num_samples": 2000,
    "num_chains": 4
  },
  "fit": {
    "dataset_idx": 85,
    "condition": "changepoint",
    "status": "PASS",
    "attempts": [
      {
        "attempt": 1,
        "num_warmup": 2000,
        "target_accept_prob": 0.95,
        "rhat_max": 1.0015742837952193,
        "ess_min": 3374.2929039380065,
        "n_divergences": 0,
        "passes_rhat": true,
        "passes_ess": true,
        "passes_gate": true
      }
    ],
    "params": {
      "H": {
        "mean": 2.77431736321887e-05,
        "median": 9.601709280104842e-06,
        "sd": 6.49646608508192e-05,
        "hdi_2.5": 3.354664102062088e-08,
        "hdi_97.5": 0.00010941234359052032,
        "rhat": 1.0014736058458307,
        "ess_bulk": 3439.155690523395
      },
      "LW": {
        "mean": 0.2149629294872284,
        "median": 0.2138632833957672,
        "sd": 0.04065714031457901,
        "hdi_2.5": 0.13926436007022858,
        "hdi_97.5": 0.2949742376804352,
        "rhat": 1.0004273063257114,
        "ess_bulk": 3476.2117514030624
      },
      "log_UU": {
        "mean": 1.182228922843933,
        "median": 1.164414405822754,
        "sd": 0.2824859917163849,
        "hdi_2.5": 0.6761620044708252,
        "hdi_97.5": 1.7783236503601074,
        "rhat": 1.001473869737652,
        "ess_bulk": 5659.189405833214
      },
      "sigma_motor": {
        "mean": 29.236976623535156,
        "median": 29.147327423095703,
        "sd": 1.752055287361145,
        "hdi_2.5": 25.865707397460938,
        "hdi_97.5": 32.616390228271484,
        "rhat": 1.0006558692592566,
        "ess_bulk": 5838.115208753777
      },
      "sigma_LR": {
        "mean": 3.3922269344329834,
        "median": 3.367469310760498,
        "sd": 0.5754809975624084,
        "hdi_2.5": 2.2903807163238525,
        "hdi_97.5": 4.488692283630371,
        "rhat": 1.0003995804631007,
        "ess_bulk": 5671.324394314842
      }
    },
    "n_divergences": 0,
    "n_chains": 4,
    "n_samples_per_chain": 2000
  },
  "behavior": {
    "r_obs_vs_pred": -0.1870312942720469,
    "rmse": 48.37164768906736,
    "mae": 25.699792734386264,
    "n_trials": 193
  },
  "elapsed_seconds": 114.01826620101929
}