{
  "subject_idx": 14,
  "subject_id": "SP_057060",
  "is_patient": true,
  "condition": "oddball",
  "n_trials": 194,
  "n_blocks": 2,
  "sub_blocks_avoid_seek": [
    2,
    3
  ],
  "mcmc_config": {
    "num_warmup": 2000,
    "num_samples": 2000,
    "num_chains": 4
  },
  "fit": {
    "dataset_idx": 14,
    "condition": "oddball",
    "status": "PASS",
    "attempts": [
      {
        "attempt": 1,
        "num_warmup": 2000,
        "target_accept_prob": 0.95,
        "rhat_max": 1.0007521999270523,
        "ess_min": 5322.74598821101,
        "n_divergences": 0,
        "passes_rhat": true,
        "passes_ess": true,
        "passes_gate": true
      }
    ],
    "params": {
      "H": {
        "mean": 0.04042875021696091,
        "median": 0.029491182416677475,
        "sd": 0.036909911781549454,
        "hdi_2.5": 1.2365030670480337e-05,
        "hdi_97.5": 0.11498648673295975,
        "rhat": 1.0003043304767214,
        "ess_bulk": 6857.573240883428
      },
      "LW": {
        "mean": 0.6835436820983887,
        "median": 0.7286146283149719,
        "sd": 0.2309906929731369,
        "hdi_2.5": 0.2394282966852188,
        "hdi_97.5": 0.9998798370361328,
        "rhat": 1.000463189592287,
        "ess_bulk": 6820.311620355009
      },
      "log_UU": {
        "mean": 5.005341053009033,
        "median": 4.827551364898682,
        "sd": 2.1722378730773926,
        "hdi_2.5": 1.273913860321045,
        "hdi_97.5": 9.152120590209961,
        "rhat": 1.0003587783494596,
        "ess_bulk": 6913.405471968611
      },
      "sigma_motor": {
        "mean": 8.562064170837402,
        "median": 8.543411254882812,
        "sd": 0.4488006830215454,
        "hdi_2.5": 7.717987060546875,
        "hdi_97.5": 9.468137741088867,
        "rhat": 0.9999861893689923,
        "ess_bulk": 7716.214210742632
      },
      "sigma_LR": {
        "mean": 3.7110912799835205,
        "median": 3.68666934967041,
        "sd": 0.520917534828186,
        "hdi_2.5": 2.772311210632324,
        "hdi_97.5": 4.778050899505615,
        "rhat": 1.0006992239315626,
        "ess_bulk": 7404.90629865846
      }
    },
    "n_divergences": 0,
    "n_chains": 4,
    "n_samples_per_chain": 2000
  },
  "behavior": {
    "r_obs_vs_pred": 0.8995025049495837,
    "rmse": 18.535300133479513,
    "mae": 3.1706383324013467,
    "n_trials": 193
  },
  "elapsed_seconds": 59.75431299209595
}