{
  "subject_idx": 68,
  "subject_id": "SP_082844",
  "is_patient": true,
  "condition": "changepoint",
  "n_trials": 194,
  "n_blocks": 2,
  "sub_blocks_avoid_seek": [
    0,
    1
  ],
  "mcmc_config": {
    "num_warmup": 2000,
    "num_samples": 2000,
    "num_chains": 4
  },
  "fit": {
    "dataset_idx": 68,
    "condition": "changepoint",
    "status": "PASS",
    "attempts": [
      {
        "attempt": 1,
        "num_warmup": 2000,
        "target_accept_prob": 0.95,
        "rhat_max": 1.001134525870301,
        "ess_min": 4358.387583002005,
        "n_divergences": 0,
        "passes_rhat": true,
        "passes_ess": true,
        "passes_gate": true
      }
    ],
    "params": {
      "H": {
        "mean": 0.005154883489012718,
        "median": 0.004810439422726631,
        "sd": 0.0022052843123674393,
        "hdi_2.5": 0.0015832198550924659,
        "hdi_97.5": 0.009588060900568962,
        "rhat": 1.0005258767041798,
        "ess_bulk": 4441.400380982243
      },
      "LW": {
        "mean": 0.07787168771028519,
        "median": 0.07777104526758194,
        "sd": 0.012964919209480286,
        "hdi_2.5": 0.05277265980839729,
        "hdi_97.5": 0.1027749553322792,
        "rhat": 1.0003091549884002,
        "ess_bulk": 4543.904218291429
      },
      "log_UU": {
        "mean": 1.074832797050476,
        "median": 1.0638338327407837,
        "sd": 0.2166575789451599,
        "hdi_2.5": 0.6588605046272278,
        "hdi_97.5": 1.490787148475647,
        "rhat": 1.000691384221478,
        "ess_bulk": 5902.315312639805
      },
      "sigma_motor": {
        "mean": 20.688745498657227,
        "median": 20.646026611328125,
        "sd": 1.3597618341445923,
        "hdi_2.5": 17.98554039001465,
        "hdi_97.5": 23.32659339904785,
        "rhat": 1.0005936518540122,
        "ess_bulk": 6833.87896175584
      },
      "sigma_LR": {
        "mean": 5.086336135864258,
        "median": 5.070323944091797,
        "sd": 0.5717090964317322,
        "hdi_2.5": 4.025808334350586,
        "hdi_97.5": 6.254031658172607,
        "rhat": 1.0008666354352065,
        "ess_bulk": 6168.990824908456
      }
    },
    "n_divergences": 0,
    "n_chains": 4,
    "n_samples_per_chain": 2000
  },
  "behavior": {
    "r_obs_vs_pred": 0.0021334452851074883,
    "rmse": 44.96938957687211,
    "mae": 19.054931507387966,
    "n_trials": 193
  },
  "elapsed_seconds": 46.62904691696167
}