{
  "subject_idx": 129,
  "subject_id": "SP_085735",
  "is_patient": false,
  "condition": "changepoint",
  "n_trials": 194,
  "n_blocks": 2,
  "sub_blocks_avoid_seek": [
    0,
    1
  ],
  "mcmc_config": {
    "num_warmup": 2000,
    "num_samples": 2000,
    "num_chains": 4
  },
  "fit": {
    "dataset_idx": 129,
    "condition": "changepoint",
    "status": "PASS",
    "attempts": [
      {
        "attempt": 1,
        "num_warmup": 2000,
        "target_accept_prob": 0.95,
        "rhat_max": 1.0027751837227585,
        "ess_min": 1799.394140487695,
        "n_divergences": 0,
        "passes_rhat": true,
        "passes_ess": true,
        "passes_gate": true
      }
    ],
    "params": {
      "H": {
        "mean": 0.017735840752720833,
        "median": 0.016989152878522873,
        "sd": 0.007104609627276659,
        "hdi_2.5": 0.004799827467650175,
        "hdi_97.5": 0.03187272697687149,
        "rhat": 1.0024058214755154,
        "ess_bulk": 2998.376060971588
      },
      "LW": {
        "mean": 0.16886019706726074,
        "median": 0.16600753366947174,
        "sd": 0.051179658621549606,
        "hdi_2.5": 0.03680520877242088,
        "hdi_97.5": 0.25611573457717896,
        "rhat": 1.0017642923782302,
        "ess_bulk": 2315.2363549820284
      },
      "log_UU": {
        "mean": 0.9142246246337891,
        "median": 0.9086939096450806,
        "sd": 0.2054070681333542,
        "hdi_2.5": 0.5217259526252747,
        "hdi_97.5": 1.311909556388855,
        "rhat": 1.001375426473005,
        "ess_bulk": 3577.3358764920854
      },
      "sigma_motor": {
        "mean": 20.768077850341797,
        "median": 20.616491317749023,
        "sd": 2.334489107131958,
        "hdi_2.5": 16.515853881835938,
        "hdi_97.5": 25.627614974975586,
        "rhat": 1.0007889527788791,
        "ess_bulk": 3016.014162646602
      },
      "sigma_LR": {
        "mean": 3.8671278953552246,
        "median": 3.85650634765625,
        "sd": 0.6188335418701172,
        "hdi_2.5": 2.65026593208313,
        "hdi_97.5": 5.07258415222168,
        "rhat": 1.001225896518794,
        "ess_bulk": 3737.6308661585913
      }
    },
    "n_divergences": 0,
    "n_chains": 4,
    "n_samples_per_chain": 2000
  },
  "behavior": {
    "r_obs_vs_pred": 0.015320261332898412,
    "rmse": 44.14172756551213,
    "mae": 26.817791887004063,
    "n_trials": 193
  },
  "elapsed_seconds": 79.22759342193604
}