{
  "subject_idx": 58,
  "subject_id": "SP_061705",
  "is_patient": true,
  "condition": "changepoint",
  "n_trials": 194,
  "n_blocks": 2,
  "sub_blocks_avoid_seek": [
    0,
    1
  ],
  "mcmc_config": {
    "num_warmup": 2000,
    "num_samples": 2000,
    "num_chains": 4
  },
  "fit": {
    "dataset_idx": 58,
    "condition": "changepoint",
    "status": "PASS",
    "attempts": [
      {
        "attempt": 1,
        "num_warmup": 2000,
        "target_accept_prob": 0.95,
        "rhat_max": 1.0007428056105565,
        "ess_min": 4030.2855581481726,
        "n_divergences": 0,
        "passes_rhat": true,
        "passes_ess": true,
        "passes_gate": true
      }
    ],
    "params": {
      "H": {
        "mean": 0.00790430698543787,
        "median": 0.0074507808312773705,
        "sd": 0.003299541072919965,
        "hdi_2.5": 0.00230859755538404,
        "hdi_97.5": 0.014624257571995258,
        "rhat": 1.0004384996586413,
        "ess_bulk": 4239.309734324747
      },
      "LW": {
        "mean": 0.09869434684515,
        "median": 0.09770932793617249,
        "sd": 0.02005290612578392,
        "hdi_2.5": 0.06063847243785858,
        "hdi_97.5": 0.1384197324514389,
        "rhat": 1.0005946256298108,
        "ess_bulk": 4276.992190603104
      },
      "log_UU": {
        "mean": 1.0312612056732178,
        "median": 1.0211536884307861,
        "sd": 0.20298437774181366,
        "hdi_2.5": 0.6624855995178223,
        "hdi_97.5": 1.4461363554000854,
        "rhat": 1.0004091419468655,
        "ess_bulk": 5155.499240975012
      },
      "sigma_motor": {
        "mean": 18.82758903503418,
        "median": 18.76407241821289,
        "sd": 1.7772111892700195,
        "hdi_2.5": 15.548696517944336,
        "hdi_97.5": 22.502609252929688,
        "rhat": 1.000649715049251,
        "ess_bulk": 4794.159664535037
      },
      "sigma_LR": {
        "mean": 5.378630638122559,
        "median": 5.3614583015441895,
        "sd": 0.6184136271476746,
        "hdi_2.5": 4.197723388671875,
        "hdi_97.5": 6.647581100463867,
        "rhat": 1.0002656992597063,
        "ess_bulk": 5077.462481573167
      }
    },
    "n_divergences": 0,
    "n_chains": 4,
    "n_samples_per_chain": 2000
  },
  "behavior": {
    "r_obs_vs_pred": 0.0025803435618538297,
    "rmse": 49.341790037049265,
    "mae": 22.982931777497107,
    "n_trials": 193
  },
  "elapsed_seconds": 34.023159980773926
}