{
  "subject_idx": 92,
  "subject_id": "SP_089572",
  "is_patient": true,
  "condition": "changepoint",
  "n_trials": 194,
  "n_blocks": 2,
  "sub_blocks_avoid_seek": [
    0,
    1
  ],
  "mcmc_config": {
    "num_warmup": 2000,
    "num_samples": 2000,
    "num_chains": 4
  },
  "fit": {
    "dataset_idx": 92,
    "condition": "changepoint",
    "status": "PASS",
    "attempts": [
      {
        "attempt": 1,
        "num_warmup": 2000,
        "target_accept_prob": 0.95,
        "rhat_max": 1.0018081306299866,
        "ess_min": 4674.082994770326,
        "n_divergences": 0,
        "passes_rhat": true,
        "passes_ess": true,
        "passes_gate": true
      }
    ],
    "params": {
      "H": {
        "mean": 0.016741393133997917,
        "median": 0.016294343397021294,
        "sd": 0.004202948417514563,
        "hdi_2.5": 0.009228302165865898,
        "hdi_97.5": 0.02518099546432495,
        "rhat": 1.0007912114340691,
        "ess_bulk": 5253.313232840549
      },
      "LW": {
        "mean": 0.09368915110826492,
        "median": 0.09262871742248535,
        "sd": 0.01963537000119686,
        "hdi_2.5": 0.05675121769309044,
        "hdi_97.5": 0.13179334998130798,
        "rhat": 1.0010065130305268,
        "ess_bulk": 6380.760272675154
      },
      "log_UU": {
        "mean": 0.9976055026054382,
        "median": 0.9905393719673157,
        "sd": 0.17174749076366425,
        "hdi_2.5": 0.6637924909591675,
        "hdi_97.5": 1.3233767747879028,
        "rhat": 1.000167929246686,
        "ess_bulk": 5467.265690528683
      },
      "sigma_motor": {
        "mean": 10.43431282043457,
        "median": 10.38774585723877,
        "sd": 0.9973095059394836,
        "hdi_2.5": 8.572517395019531,
        "hdi_97.5": 12.403585433959961,
        "rhat": 1.0003350761551872,
        "ess_bulk": 6622.372497204447
      },
      "sigma_LR": {
        "mean": 5.464000225067139,
        "median": 5.447061538696289,
        "sd": 0.5116903781890869,
        "hdi_2.5": 4.481665134429932,
        "hdi_97.5": 6.4701948165893555,
        "rhat": 1.000006539096985,
        "ess_bulk": 5998.144943569314
      }
    },
    "n_divergences": 0,
    "n_chains": 4,
    "n_samples_per_chain": 2000
  },
  "behavior": {
    "r_obs_vs_pred": 0.05073764040466694,
    "rmse": 34.723830806676474,
    "mae": 16.842327294697494,
    "n_trials": 193
  },
  "elapsed_seconds": 29.913986921310425
}