{
  "subject_idx": 60,
  "subject_id": "SP_067151",
  "is_patient": true,
  "condition": "oddball",
  "n_trials": 194,
  "n_blocks": 2,
  "sub_blocks_avoid_seek": [
    2,
    3
  ],
  "mcmc_config": {
    "num_warmup": 2000,
    "num_samples": 2000,
    "num_chains": 4
  },
  "fit": {
    "dataset_idx": 60,
    "condition": "oddball",
    "status": "PASS",
    "attempts": [
      {
        "attempt": 1,
        "num_warmup": 2000,
        "target_accept_prob": 0.95,
        "rhat_max": 1.0008312241221302,
        "ess_min": 2598.3206770352276,
        "n_divergences": 0,
        "passes_rhat": true,
        "passes_ess": true,
        "passes_gate": true
      }
    ],
    "params": {
      "H": {
        "mean": 0.1324181854724884,
        "median": 0.1209893748164177,
        "sd": 0.061949022114276886,
        "hdi_2.5": 0.03065546229481697,
        "hdi_97.5": 0.25976040959358215,
        "rhat": 1.0002904191788304,
        "ess_bulk": 3108.1836903861026
      },
      "LW": {
        "mean": 0.13472478091716766,
        "median": 0.13443589210510254,
        "sd": 0.05153903365135193,
        "hdi_2.5": 0.03709154948592186,
        "hdi_97.5": 0.2336854636669159,
        "rhat": 1.0006307157144165,
        "ess_bulk": 3186.703960551205
      },
      "log_UU": {
        "mean": 0.00490207877010107,
        "median": 0.0033288344275206327,
        "sd": 0.005340204108506441,
        "hdi_2.5": 1.5665601722503197e-06,
        "hdi_97.5": 0.01480166893452406,
        "rhat": 1.0002889644121622,
        "ess_bulk": 4004.4387262055084
      },
      "sigma_motor": {
        "mean": 18.458057403564453,
        "median": 18.45905303955078,
        "sd": 1.738020658493042,
        "hdi_2.5": 14.930378913879395,
        "hdi_97.5": 21.77125358581543,
        "rhat": 1.0008312241221302,
        "ess_bulk": 3032.2574491752034
      },
      "sigma_LR": {
        "mean": 3.6247241497039795,
        "median": 3.6047985553741455,
        "sd": 0.5365548133850098,
        "hdi_2.5": 2.6088554859161377,
        "hdi_97.5": 4.694217681884766,
        "rhat": 1.0001962043705221,
        "ess_bulk": 4325.700428055351
      }
    },
    "n_divergences": 0,
    "n_chains": 4,
    "n_samples_per_chain": 2000
  },
  "behavior": {
    "r_obs_vs_pred": -0.3252037206844538,
    "rmse": 36.44677790137079,
    "mae": 19.88046224040843,
    "n_trials": 193
  },
  "elapsed_seconds": 77.98334956169128
}