{
  "subject_idx": 117,
  "subject_id": "SP_084971",
  "is_patient": false,
  "condition": "changepoint",
  "n_trials": 194,
  "n_blocks": 2,
  "sub_blocks_avoid_seek": [
    0,
    1
  ],
  "mcmc_config": {
    "num_warmup": 2000,
    "num_samples": 2000,
    "num_chains": 4
  },
  "fit": {
    "dataset_idx": 117,
    "condition": "changepoint",
    "status": "PASS",
    "attempts": [
      {
        "attempt": 1,
        "num_warmup": 2000,
        "target_accept_prob": 0.95,
        "rhat_max": 1.0016205139703607,
        "ess_min": 4897.890453974349,
        "n_divergences": 0,
        "passes_rhat": true,
        "passes_ess": true,
        "passes_gate": true
      }
    ],
    "params": {
      "H": {
        "mean": 0.01212382037192583,
        "median": 0.011604844592511654,
        "sd": 0.004072695039212704,
        "hdi_2.5": 0.004749103914946318,
        "hdi_97.5": 0.020190786570310593,
        "rhat": 1.000515342835759,
        "ess_bulk": 5032.748933309146
      },
      "LW": {
        "mean": 0.03004191629588604,
        "median": 0.029469797387719154,
        "sd": 0.00915128830820322,
        "hdi_2.5": 0.013114011846482754,
        "hdi_97.5": 0.048312071710824966,
        "rhat": 1.0004917070817245,
        "ess_bulk": 5380.933469648367
      },
      "log_UU": {
        "mean": 0.8844587206840515,
        "median": 0.8814454078674316,
        "sd": 0.14860373735427856,
        "hdi_2.5": 0.5952954292297363,
        "hdi_97.5": 1.1755666732788086,
        "rhat": 1.0007439640170712,
        "ess_bulk": 5652.550349937924
      },
      "sigma_motor": {
        "mean": 17.54619789123535,
        "median": 17.47808074951172,
        "sd": 1.61885666847229,
        "hdi_2.5": 14.512251853942871,
        "hdi_97.5": 20.777267456054688,
        "rhat": 1.0006014116807305,
        "ess_bulk": 5520.191754092851
      },
      "sigma_LR": {
        "mean": 4.54496955871582,
        "median": 4.5167765617370605,
        "sd": 0.5473145246505737,
        "hdi_2.5": 3.5377817153930664,
        "hdi_97.5": 5.669899940490723,
        "rhat": 1.0000834641631091,
        "ess_bulk": 5864.072636431913
      }
    },
    "n_divergences": 0,
    "n_chains": 4,
    "n_samples_per_chain": 2000
  },
  "behavior": {
    "r_obs_vs_pred": 0.03977213653093448,
    "rmse": 55.47971405304166,
    "mae": 26.695295135900764,
    "n_trials": 193
  },
  "elapsed_seconds": 30.322782278060913
}