{
  "subject_idx": 0,
  "subject_id": "SP_004375",
  "is_patient": true,
  "condition": "changepoint",
  "n_trials": 194,
  "n_blocks": 2,
  "sub_blocks_avoid_seek": [
    0,
    1
  ],
  "mcmc_config": {
    "num_warmup": 2000,
    "num_samples": 2000,
    "num_chains": 4
  },
  "fit": {
    "dataset_idx": 0,
    "condition": "changepoint",
    "status": "PASS",
    "attempts": [
      {
        "attempt": 1,
        "num_warmup": 2000,
        "target_accept_prob": 0.95,
        "rhat_max": 1.0019618484098116,
        "ess_min": 4659.92378668716,
        "n_divergences": 0,
        "passes_rhat": true,
        "passes_ess": true,
        "passes_gate": true
      }
    ],
    "params": {
      "H": {
        "mean": 0.007798978127539158,
        "median": 0.007314639165997505,
        "sd": 0.003257612930610776,
        "hdi_2.5": 0.002556617371737957,
        "hdi_97.5": 0.014277040958404541,
        "rhat": 1.0008892543639223,
        "ess_bulk": 4731.875038241201
      },
      "LW": {
        "mean": 0.07969576865434647,
        "median": 0.07853832840919495,
        "sd": 0.019726959988474846,
        "hdi_2.5": 0.043472982943058014,
        "hdi_97.5": 0.11901567876338959,
        "rhat": 1.0019618484098116,
        "ess_bulk": 5110.63008422394
      },
      "log_UU": {
        "mean": 0.9122440218925476,
        "median": 0.899905264377594,
        "sd": 0.18154914677143097,
        "hdi_2.5": 0.5517460703849792,
        "hdi_97.5": 1.2598122358322144,
        "rhat": 1.000618303415051,
        "ess_bulk": 5711.7172084790445
      },
      "sigma_motor": {
        "mean": 20.916461944580078,
        "median": 20.827730178833008,
        "sd": 1.5985161066055298,
        "hdi_2.5": 17.854354858398438,
        "hdi_97.5": 24.007400512695312,
        "rhat": 1.0012490838839287,
        "ess_bulk": 5237.040683017061
      },
      "sigma_LR": {
        "mean": 4.601123809814453,
        "median": 4.576423168182373,
        "sd": 0.6092106699943542,
        "hdi_2.5": 3.431824207305908,
        "hdi_97.5": 5.795627593994141,
        "rhat": 0.9999974758665211,
        "ess_bulk": 5882.353359397466
      }
    },
    "n_divergences": 0,
    "n_chains": 4,
    "n_samples_per_chain": 2000
  },
  "behavior": {
    "r_obs_vs_pred": 0.019910339373484603,
    "rmse": 47.58458352471151,
    "mae": 21.705449396652686,
    "n_trials": 193
  },
  "elapsed_seconds": 45.03625845909119
}