{
  "subject_idx": 122,
  "subject_id": "SP_085465",
  "is_patient": false,
  "condition": "changepoint",
  "n_trials": 194,
  "n_blocks": 2,
  "sub_blocks_avoid_seek": [
    0,
    1
  ],
  "mcmc_config": {
    "num_warmup": 2000,
    "num_samples": 2000,
    "num_chains": 4
  },
  "fit": {
    "dataset_idx": 122,
    "condition": "changepoint",
    "status": "PASS",
    "attempts": [
      {
        "attempt": 1,
        "num_warmup": 2000,
        "target_accept_prob": 0.95,
        "rhat_max": 1.0016058976819897,
        "ess_min": 4103.131857059956,
        "n_divergences": 0,
        "passes_rhat": true,
        "passes_ess": true,
        "passes_gate": true
      }
    ],
    "params": {
      "H": {
        "mean": 0.00409343047067523,
        "median": 0.003682773094624281,
        "sd": 0.0021752589382231236,
        "hdi_2.5": 0.0007374939159490168,
        "hdi_97.5": 0.008445455692708492,
        "rhat": 1.0014422620060548,
        "ess_bulk": 4226.571264110797
      },
      "LW": {
        "mean": 0.1918116807937622,
        "median": 0.1916137933731079,
        "sd": 0.036768022924661636,
        "hdi_2.5": 0.12145888060331345,
        "hdi_97.5": 0.26424452662467957,
        "rhat": 1.0008723757798375,
        "ess_bulk": 4415.24124342273
      },
      "log_UU": {
        "mean": 1.2074517011642456,
        "median": 1.1967042684555054,
        "sd": 0.27257901430130005,
        "hdi_2.5": 0.6982641816139221,
        "hdi_97.5": 1.7474924325942993,
        "rhat": 1.0004114411099203,
        "ess_bulk": 5175.148324511966
      },
      "sigma_motor": {
        "mean": 20.931854248046875,
        "median": 20.865203857421875,
        "sd": 1.273802638053894,
        "hdi_2.5": 18.526954650878906,
        "hdi_97.5": 23.424413681030273,
        "rhat": 1.0002644291761709,
        "ess_bulk": 5173.715900983786
      },
      "sigma_LR": {
        "mean": 4.39000940322876,
        "median": 4.380410194396973,
        "sd": 0.6105848550796509,
        "hdi_2.5": 3.2127671241760254,
        "hdi_97.5": 5.594262599945068,
        "rhat": 1.0007702316649447,
        "ess_bulk": 5872.165970684285
      }
    },
    "n_divergences": 0,
    "n_chains": 4,
    "n_samples_per_chain": 2000
  },
  "behavior": {
    "r_obs_vs_pred": 0.011423851210592376,
    "rmse": 37.134290943348724,
    "mae": 14.032709889999383,
    "n_trials": 193
  },
  "elapsed_seconds": 62.1341392993927
}