{
  "subject_idx": 7,
  "subject_id": "SP_031465",
  "is_patient": true,
  "condition": "changepoint",
  "n_trials": 194,
  "n_blocks": 2,
  "sub_blocks_avoid_seek": [
    0,
    1
  ],
  "mcmc_config": {
    "num_warmup": 2000,
    "num_samples": 2000,
    "num_chains": 4
  },
  "fit": {
    "dataset_idx": 7,
    "condition": "changepoint",
    "status": "PASS",
    "attempts": [
      {
        "attempt": 1,
        "num_warmup": 2000,
        "target_accept_prob": 0.95,
        "rhat_max": 1.001441065990049,
        "ess_min": 4102.763775432257,
        "n_divergences": 0,
        "passes_rhat": true,
        "passes_ess": true,
        "passes_gate": true
      }
    ],
    "params": {
      "H": {
        "mean": 0.0191752128303051,
        "median": 0.018446601927280426,
        "sd": 0.005831821355968714,
        "hdi_2.5": 0.008210400119423866,
        "hdi_97.5": 0.03030683472752571,
        "rhat": 1.0008414081008221,
        "ess_bulk": 5148.999749771798
      },
      "LW": {
        "mean": 0.0625176876783371,
        "median": 0.06190677359700203,
        "sd": 0.015989938750863075,
        "hdi_2.5": 0.031500451266765594,
        "hdi_97.5": 0.09295583516359329,
        "rhat": 1.001441065990049,
        "ess_bulk": 4858.279943469071
      },
      "log_UU": {
        "mean": 0.9778977036476135,
        "median": 0.9704779386520386,
        "sd": 0.17844772338867188,
        "hdi_2.5": 0.6326609253883362,
        "hdi_97.5": 1.3230791091918945,
        "rhat": 1.00087235002002,
        "ess_bulk": 5237.517183445316
      },
      "sigma_motor": {
        "mean": 17.288101196289062,
        "median": 17.20388412475586,
        "sd": 1.6533461809158325,
        "hdi_2.5": 14.29045295715332,
        "hdi_97.5": 20.732757568359375,
        "rhat": 1.0003188783011272,
        "ess_bulk": 5965.340223088829
      },
      "sigma_LR": {
        "mean": 4.990106582641602,
        "median": 4.976388931274414,
        "sd": 0.5267168283462524,
        "hdi_2.5": 3.9608211517333984,
        "hdi_97.5": 6.009553909301758,
        "rhat": 0.9998556474471698,
        "ess_bulk": 6007.730290018586
      }
    },
    "n_divergences": 0,
    "n_chains": 4,
    "n_samples_per_chain": 2000
  },
  "behavior": {
    "r_obs_vs_pred": -0.14028130756023346,
    "rmse": 57.73888854939794,
    "mae": 28.834188713310915,
    "n_trials": 193
  },
  "elapsed_seconds": 29.928284168243408
}