{
  "subject_idx": 83,
  "subject_id": "SP_088650",
  "is_patient": true,
  "condition": "changepoint",
  "n_trials": 194,
  "n_blocks": 2,
  "sub_blocks_avoid_seek": [
    0,
    1
  ],
  "mcmc_config": {
    "num_warmup": 2000,
    "num_samples": 2000,
    "num_chains": 4
  },
  "fit": {
    "dataset_idx": 83,
    "condition": "changepoint",
    "status": "PASS",
    "attempts": [
      {
        "attempt": 1,
        "num_warmup": 2000,
        "target_accept_prob": 0.95,
        "rhat_max": 1.002400665296351,
        "ess_min": 956.5570874871861,
        "n_divergences": 0,
        "passes_rhat": true,
        "passes_ess": true,
        "passes_gate": true
      }
    ],
    "params": {
      "H": {
        "mean": 0.0044710529036819935,
        "median": 0.0036388165317475796,
        "sd": 0.003522437298670411,
        "hdi_2.5": 2.2646789147984236e-05,
        "hdi_97.5": 0.011364440433681011,
        "rhat": 1.0004633516327521,
        "ess_bulk": 2821.76060919846
      },
      "LW": {
        "mean": 0.24268092215061188,
        "median": 0.24061454832553864,
        "sd": 0.03811868652701378,
        "hdi_2.5": 0.16365580260753632,
        "hdi_97.5": 0.3161317706108093,
        "rhat": 1.0017347075003311,
        "ess_bulk": 1355.5965069887482
      },
      "log_UU": {
        "mean": 0.8120765089988708,
        "median": 0.7956624031066895,
        "sd": 0.22439329326152802,
        "hdi_2.5": 0.3882988691329956,
        "hdi_97.5": 1.2513564825057983,
        "rhat": 1.0003133917568472,
        "ess_bulk": 3563.211733355545
      },
      "sigma_motor": {
        "mean": 19.397605895996094,
        "median": 19.35797119140625,
        "sd": 1.537789225578308,
        "hdi_2.5": 16.384767532348633,
        "hdi_97.5": 22.31155014038086,
        "rhat": 1.000125619242009,
        "ess_bulk": 3459.3822373264957
      },
      "sigma_LR": {
        "mean": 3.834857940673828,
        "median": 3.8089566230773926,
        "sd": 0.5271322131156921,
        "hdi_2.5": 2.8111000061035156,
        "hdi_97.5": 4.888609409332275,
        "rhat": 1.00069845720183,
        "ess_bulk": 4263.405197509638
      }
    },
    "n_divergences": 0,
    "n_chains": 4,
    "n_samples_per_chain": 2000
  },
  "behavior": {
    "r_obs_vs_pred": -0.04642056228640954,
    "rmse": 59.94448037524597,
    "mae": 31.947119984727525,
    "n_trials": 193
  },
  "elapsed_seconds": 58.59490370750427
}