{
  "subject_idx": 110,
  "subject_id": "SP_082034",
  "is_patient": false,
  "condition": "changepoint",
  "n_trials": 194,
  "n_blocks": 2,
  "sub_blocks_avoid_seek": [
    0,
    1
  ],
  "mcmc_config": {
    "num_warmup": 2000,
    "num_samples": 2000,
    "num_chains": 4
  },
  "fit": {
    "dataset_idx": 110,
    "condition": "changepoint",
    "status": "PASS",
    "attempts": [
      {
        "attempt": 1,
        "num_warmup": 2000,
        "target_accept_prob": 0.95,
        "rhat_max": 1.0034656561610733,
        "ess_min": 1595.844355092018,
        "n_divergences": 0,
        "passes_rhat": true,
        "passes_ess": true,
        "passes_gate": true
      }
    ],
    "params": {
      "H": {
        "mean": 0.009784409776329994,
        "median": 0.009662898257374763,
        "sd": 0.0030096645932644606,
        "hdi_2.5": 0.003090865910053253,
        "hdi_97.5": 0.015386182814836502,
        "rhat": 1.0020562171453549,
        "ess_bulk": 1647.1203397990619
      },
      "LW": {
        "mean": 0.2660163640975952,
        "median": 0.25182342529296875,
        "sd": 0.06489411741495132,
        "hdi_2.5": 0.1815073937177658,
        "hdi_97.5": 0.4331856071949005,
        "rhat": 1.0026373549174072,
        "ess_bulk": 1715.0954360620917
      },
      "log_UU": {
        "mean": 0.8830209970474243,
        "median": 0.8788590431213379,
        "sd": 0.1323145031929016,
        "hdi_2.5": 0.63106769323349,
        "hdi_97.5": 1.1468620300292969,
        "rhat": 1.0007278661910186,
        "ess_bulk": 3064.5613014895216
      },
      "sigma_motor": {
        "mean": 9.629077911376953,
        "median": 9.56967544555664,
        "sd": 1.0477756261825562,
        "hdi_2.5": 7.650390148162842,
        "hdi_97.5": 11.722053527832031,
        "rhat": 1.0002200126974088,
        "ess_bulk": 3322.1387001241
      },
      "sigma_LR": {
        "mean": 6.200188636779785,
        "median": 6.157902717590332,
        "sd": 0.7492924928665161,
        "hdi_2.5": 4.802369594573975,
        "hdi_97.5": 7.720987319946289,
        "rhat": 1.0006524486083461,
        "ess_bulk": 2806.882346223276
      }
    },
    "n_divergences": 0,
    "n_chains": 4,
    "n_samples_per_chain": 2000
  },
  "behavior": {
    "r_obs_vs_pred": -0.04887098023562167,
    "rmse": 32.54210926178759,
    "mae": 12.590374614377481,
    "n_trials": 193
  },
  "elapsed_seconds": 74.26176929473877
}