{
  "subject_idx": 80,
  "subject_id": "SP_086826",
  "is_patient": true,
  "condition": "oddball",
  "n_trials": 194,
  "n_blocks": 2,
  "sub_blocks_avoid_seek": [
    2,
    3
  ],
  "mcmc_config": {
    "num_warmup": 2000,
    "num_samples": 2000,
    "num_chains": 4
  },
  "fit": {
    "dataset_idx": 80,
    "condition": "oddball",
    "status": "PASS",
    "attempts": [
      {
        "attempt": 1,
        "num_warmup": 2000,
        "target_accept_prob": 0.95,
        "rhat_max": 1.000834499018366,
        "ess_min": 5861.447701293871,
        "n_divergences": 0,
        "passes_rhat": true,
        "passes_ess": true,
        "passes_gate": true
      }
    ],
    "params": {
      "H": {
        "mean": 0.03250611945986748,
        "median": 0.023803789168596268,
        "sd": 0.029875217005610466,
        "hdi_2.5": 1.5197574612102471e-06,
        "hdi_97.5": 0.09255273640155792,
        "rhat": 1.0002112104482044,
        "ess_bulk": 6002.129306127984
      },
      "LW": {
        "mean": 0.7047228813171387,
        "median": 0.7515258193016052,
        "sd": 0.22453157603740692,
        "hdi_2.5": 0.2605421245098114,
        "hdi_97.5": 0.9999994039535522,
        "rhat": 0.9999323213061032,
        "ess_bulk": 6895.63076128673
      },
      "log_UU": {
        "mean": 5.462532043457031,
        "median": 5.2697882652282715,
        "sd": 1.9814305305480957,
        "hdi_2.5": 2.189159631729126,
        "hdi_97.5": 9.521697998046875,
        "rhat": 1.0003913092079717,
        "ess_bulk": 6854.3305709729775
      },
      "sigma_motor": {
        "mean": 6.846622943878174,
        "median": 6.83424186706543,
        "sd": 0.3598540723323822,
        "hdi_2.5": 6.171825408935547,
        "hdi_97.5": 7.549020767211914,
        "rhat": 1.0000482840642007,
        "ess_bulk": 7408.712964228138
      },
      "sigma_LR": {
        "mean": 5.842047691345215,
        "median": 5.82759952545166,
        "sd": 0.5518999695777893,
        "hdi_2.5": 4.762908935546875,
        "hdi_97.5": 6.939476013183594,
        "rhat": 1.0005592671573884,
        "ess_bulk": 6449.915246471583
      }
    },
    "n_divergences": 0,
    "n_chains": 4,
    "n_samples_per_chain": 2000
  },
  "behavior": {
    "r_obs_vs_pred": 0.9101415147655197,
    "rmse": 15.910455507320126,
    "mae": 4.7693990727486915,
    "n_trials": 193
  },
  "elapsed_seconds": 53.70652794837952
}