{
  "subject_idx": 44,
  "subject_id": "SP_085037",
  "is_patient": true,
  "condition": "changepoint",
  "n_trials": 194,
  "n_blocks": 2,
  "sub_blocks_avoid_seek": [
    0,
    1
  ],
  "mcmc_config": {
    "num_warmup": 2000,
    "num_samples": 2000,
    "num_chains": 4
  },
  "fit": {
    "dataset_idx": 44,
    "condition": "changepoint",
    "status": "PASS",
    "attempts": [
      {
        "attempt": 1,
        "num_warmup": 2000,
        "target_accept_prob": 0.95,
        "rhat_max": 1.0010206731257587,
        "ess_min": 4255.669820783089,
        "n_divergences": 0,
        "passes_rhat": true,
        "passes_ess": true,
        "passes_gate": true
      }
    ],
    "params": {
      "H": {
        "mean": 0.02191765420138836,
        "median": 0.0205380916595459,
        "sd": 0.009670850820839405,
        "hdi_2.5": 0.005269840359687805,
        "hdi_97.5": 0.0407613143324852,
        "rhat": 1.0003697853309759,
        "ess_bulk": 4553.995858568959
      },
      "LW": {
        "mean": 0.02988700196146965,
        "median": 0.028609029948711395,
        "sd": 0.012208184227347374,
        "hdi_2.5": 0.007857970893383026,
        "hdi_97.5": 0.05387422442436218,
        "rhat": 1.0010206731257587,
        "ess_bulk": 4255.669820783089
      },
      "log_UU": {
        "mean": 1.1657092571258545,
        "median": 1.1522376537322998,
        "sd": 0.3545818030834198,
        "hdi_2.5": 0.48666054010391235,
        "hdi_97.5": 1.8668240308761597,
        "rhat": 1.0001184709884807,
        "ess_bulk": 5080.483777083266
      },
      "sigma_motor": {
        "mean": 26.1926212310791,
        "median": 26.06399917602539,
        "sd": 2.547919988632202,
        "hdi_2.5": 21.477191925048828,
        "hdi_97.5": 31.360450744628906,
        "rhat": 1.0002648967868542,
        "ess_bulk": 5287.270666363905
      },
      "sigma_LR": {
        "mean": 3.056051731109619,
        "median": 3.030130386352539,
        "sd": 0.5171413421630859,
        "hdi_2.5": 2.1071856021881104,
        "hdi_97.5": 4.098783493041992,
        "rhat": 1.0000926690800762,
        "ess_bulk": 5546.951917280159
      }
    },
    "n_divergences": 0,
    "n_chains": 4,
    "n_samples_per_chain": 2000
  },
  "behavior": {
    "r_obs_vs_pred": -0.07194957295504474,
    "rmse": 55.97322110303084,
    "mae": 34.06462006151213,
    "n_trials": 193
  },
  "elapsed_seconds": 145.9400074481964
}