{
  "subject_idx": 45,
  "subject_id": "SP_086253",
  "is_patient": true,
  "condition": "changepoint",
  "n_trials": 194,
  "n_blocks": 2,
  "sub_blocks_avoid_seek": [
    0,
    1
  ],
  "mcmc_config": {
    "num_warmup": 2000,
    "num_samples": 2000,
    "num_chains": 4
  },
  "fit": {
    "dataset_idx": 45,
    "condition": "changepoint",
    "status": "PASS",
    "attempts": [
      {
        "attempt": 1,
        "num_warmup": 2000,
        "target_accept_prob": 0.95,
        "rhat_max": 1.0017111725135035,
        "ess_min": 2667.6329009061897,
        "n_divergences": 0,
        "passes_rhat": true,
        "passes_ess": true,
        "passes_gate": true
      }
    ],
    "params": {
      "H": {
        "mean": 0.0009966238867491484,
        "median": 0.0006737017538398504,
        "sd": 0.0010551040759310126,
        "hdi_2.5": 7.933399501780514e-06,
        "hdi_97.5": 0.0029777083545923233,
        "rhat": 1.0014160677742503,
        "ess_bulk": 3205.675064025868
      },
      "LW": {
        "mean": 0.33259740471839905,
        "median": 0.33040720224380493,
        "sd": 0.06521157920360565,
        "hdi_2.5": 0.19271373748779297,
        "hdi_97.5": 0.46934133768081665,
        "rhat": 1.0013996946839665,
        "ess_bulk": 2667.6329009061897
      },
      "log_UU": {
        "mean": 0.8215911388397217,
        "median": 0.8047809600830078,
        "sd": 0.21928222477436066,
        "hdi_2.5": 0.4251841902732849,
        "hdi_97.5": 1.2596434354782104,
        "rhat": 1.0005329219669137,
        "ess_bulk": 4204.172749671211
      },
      "sigma_motor": {
        "mean": 19.930538177490234,
        "median": 19.89044189453125,
        "sd": 1.1161231994628906,
        "hdi_2.5": 17.8138427734375,
        "hdi_97.5": 22.131750106811523,
        "rhat": 1.0004439677915444,
        "ess_bulk": 5731.144374008233
      },
      "sigma_LR": {
        "mean": 2.9260268211364746,
        "median": 2.890207290649414,
        "sd": 0.4955695867538452,
        "hdi_2.5": 1.9744346141815186,
        "hdi_97.5": 3.8964743614196777,
        "rhat": 0.9999850070049631,
        "ess_bulk": 4567.132162845168
      }
    },
    "n_divergences": 0,
    "n_chains": 4,
    "n_samples_per_chain": 2000
  },
  "behavior": {
    "r_obs_vs_pred": -0.2770446528778451,
    "rmse": 46.2056985302988,
    "mae": 14.515779927271597,
    "n_trials": 193
  },
  "elapsed_seconds": 66.8563380241394
}