{
  "subject_idx": 110,
  "subject_id": "SP_082034",
  "is_patient": false,
  "condition": "oddball",
  "n_trials": 194,
  "n_blocks": 2,
  "sub_blocks_avoid_seek": [
    2,
    3
  ],
  "mcmc_config": {
    "num_warmup": 2000,
    "num_samples": 2000,
    "num_chains": 4
  },
  "fit": {
    "dataset_idx": 110,
    "condition": "oddball",
    "status": "PASS",
    "attempts": [
      {
        "attempt": 1,
        "num_warmup": 2000,
        "target_accept_prob": 0.95,
        "rhat_max": 1.000560749326698,
        "ess_min": 3790.7838514739046,
        "n_divergences": 0,
        "passes_rhat": true,
        "passes_ess": true,
        "passes_gate": true
      }
    ],
    "params": {
      "H": {
        "mean": 0.055985305458307266,
        "median": 0.0410299152135849,
        "sd": 0.05080839619040489,
        "hdi_2.5": 1.338722631771816e-05,
        "hdi_97.5": 0.15801173448562622,
        "rhat": 1.0002181060123985,
        "ess_bulk": 5539.454805433203
      },
      "LW": {
        "mean": 0.663395345211029,
        "median": 0.7044863700866699,
        "sd": 0.23863473534584045,
        "hdi_2.5": 0.2159285843372345,
        "hdi_97.5": 0.9999061822891235,
        "rhat": 1.0001744735003508,
        "ess_bulk": 5515.729999874496
      },
      "log_UU": {
        "mean": 3.971409320831299,
        "median": 3.6294331550598145,
        "sd": 2.3815927505493164,
        "hdi_2.5": 0.2194303423166275,
        "hdi_97.5": 8.491972923278809,
        "rhat": 0.9999183044939205,
        "ess_bulk": 6635.805044019385
      },
      "sigma_motor": {
        "mean": 21.90981101989746,
        "median": 21.87198257446289,
        "sd": 1.0757067203521729,
        "hdi_2.5": 19.8563232421875,
        "hdi_97.5": 24.002866744995117,
        "rhat": 0.9999874453306439,
        "ess_bulk": 6572.960356592733
      },
      "sigma_LR": {
        "mean": 0.7891243696212769,
        "median": 0.6789210438728333,
        "sd": 0.5773820281028748,
        "hdi_2.5": 0.00021641090279445052,
        "hdi_97.5": 1.8775315284729004,
        "rhat": 1.000349378272078,
        "ess_bulk": 3790.7838514739046
      }
    },
    "n_divergences": 0,
    "n_chains": 4,
    "n_samples_per_chain": 2000
  },
  "behavior": {
    "r_obs_vs_pred": -0.13682425329025588,
    "rmse": 22.18140378452607,
    "mae": 15.510600427300847,
    "n_trials": 193
  },
  "elapsed_seconds": 58.70047688484192
}