{
  "subject_idx": 46,
  "subject_id": "SP_002272",
  "is_patient": true,
  "condition": "oddball",
  "n_trials": 194,
  "n_blocks": 2,
  "sub_blocks_avoid_seek": [
    2,
    3
  ],
  "mcmc_config": {
    "num_warmup": 2000,
    "num_samples": 2000,
    "num_chains": 4
  },
  "fit": {
    "dataset_idx": 46,
    "condition": "oddball",
    "status": "PASS",
    "attempts": [
      {
        "attempt": 1,
        "num_warmup": 2000,
        "target_accept_prob": 0.95,
        "rhat_max": 1.0010910593332991,
        "ess_min": 4715.493112717154,
        "n_divergences": 0,
        "passes_rhat": true,
        "passes_ess": true,
        "passes_gate": true
      }
    ],
    "params": {
      "H": {
        "mean": 0.0522291474044323,
        "median": 0.03921234607696533,
        "sd": 0.047242630273103714,
        "hdi_2.5": 4.855315182794584e-06,
        "hdi_97.5": 0.14398352801799774,
        "rhat": 1.0001619262476313,
        "ess_bulk": 5560.201466998648
      },
      "LW": {
        "mean": 0.6743389964103699,
        "median": 0.7153328061103821,
        "sd": 0.23384840786457062,
        "hdi_2.5": 0.22700825333595276,
        "hdi_97.5": 0.9997904896736145,
        "rhat": 1.000163360724217,
        "ess_bulk": 6234.425358004034
      },
      "log_UU": {
        "mean": 4.189821243286133,
        "median": 3.860780954360962,
        "sd": 2.432051420211792,
        "hdi_2.5": 0.16532984375953674,
        "hdi_97.5": 8.857505798339844,
        "rhat": 1.0008246274528234,
        "ess_bulk": 6563.475471973235
      },
      "sigma_motor": {
        "mean": 25.560718536376953,
        "median": 25.49721908569336,
        "sd": 1.306841492652893,
        "hdi_2.5": 23.021587371826172,
        "hdi_97.5": 28.037485122680664,
        "rhat": 1.0010910593332991,
        "ess_bulk": 7178.667044521478
      },
      "sigma_LR": {
        "mean": 1.6102222204208374,
        "median": 1.5740077495574951,
        "sd": 0.6951807141304016,
        "hdi_2.5": 0.3488100469112396,
        "hdi_97.5": 3.0148837566375732,
        "rhat": 1.0003791380241436,
        "ess_bulk": 5826.710840805525
      }
    },
    "n_divergences": 0,
    "n_chains": 4,
    "n_samples_per_chain": 2000
  },
  "behavior": {
    "r_obs_vs_pred": 0.3009891841293681,
    "rmse": 26.673347992421633,
    "mae": 12.27279124704179,
    "n_trials": 193
  },
  "elapsed_seconds": 52.01865816116333
}