{
  "subject_idx": 32,
  "subject_id": "SP_079727",
  "is_patient": true,
  "condition": "oddball",
  "n_trials": 194,
  "n_blocks": 2,
  "sub_blocks_avoid_seek": [
    2,
    3
  ],
  "mcmc_config": {
    "num_warmup": 2000,
    "num_samples": 2000,
    "num_chains": 4
  },
  "fit": {
    "dataset_idx": 32,
    "condition": "oddball",
    "status": "PASS",
    "attempts": [
      {
        "attempt": 1,
        "num_warmup": 2000,
        "target_accept_prob": 0.95,
        "rhat_max": 1.0027098320865069,
        "ess_min": 5016.36590058548,
        "n_divergences": 1,
        "passes_rhat": true,
        "passes_ess": true,
        "passes_gate": true
      }
    ],
    "params": {
      "H": {
        "mean": 0.0546589270234108,
        "median": 0.040648914873600006,
        "sd": 0.04984067752957344,
        "hdi_2.5": 5.410142421169439e-06,
        "hdi_97.5": 0.15640926361083984,
        "rhat": 1.0004012586039421,
        "ess_bulk": 5430.720531205337
      },
      "LW": {
        "mean": 0.6647376418113708,
        "median": 0.7002130746841431,
        "sd": 0.23398388922214508,
        "hdi_2.5": 0.22634455561637878,
        "hdi_97.5": 0.9997209906578064,
        "rhat": 1.0000720661182891,
        "ess_bulk": 7196.776808385478
      },
      "log_UU": {
        "mean": 3.847860813140869,
        "median": 3.437882423400879,
        "sd": 2.4744739532470703,
        "hdi_2.5": 0.04876194894313812,
        "hdi_97.5": 8.575723648071289,
        "rhat": 1.0027098320865069,
        "ess_bulk": 6279.930139114248
      },
      "sigma_motor": {
        "mean": 55.40557098388672,
        "median": 55.35115051269531,
        "sd": 2.455030918121338,
        "hdi_2.5": 50.60578155517578,
        "hdi_97.5": 60.085609436035156,
        "rhat": 1.0006603727913819,
        "ess_bulk": 7158.980409617469
      },
      "sigma_LR": {
        "mean": 0.7287440896034241,
        "median": 0.6076428294181824,
        "sd": 0.5605581402778625,
        "hdi_2.5": 2.6492507458897308e-05,
        "hdi_97.5": 1.8164950609207153,
        "rhat": 1.0003260203714994,
        "ess_bulk": 5161.870982284164
      }
    },
    "n_divergences": 1,
    "n_chains": 4,
    "n_samples_per_chain": 2000
  },
  "behavior": {
    "r_obs_vs_pred": -0.019380789651193518,
    "rmse": 59.46946311002081,
    "mae": 35.623061292974256,
    "n_trials": 193
  },
  "elapsed_seconds": 31.856128692626953
}