{
  "subject_idx": 35,
  "subject_id": "SP_081551",
  "is_patient": true,
  "condition": "oddball",
  "n_trials": 194,
  "n_blocks": 2,
  "sub_blocks_avoid_seek": [
    2,
    3
  ],
  "mcmc_config": {
    "num_warmup": 2000,
    "num_samples": 2000,
    "num_chains": 4
  },
  "fit": {
    "dataset_idx": 35,
    "condition": "oddball",
    "status": "PASS",
    "attempts": [
      {
        "attempt": 1,
        "num_warmup": 2000,
        "target_accept_prob": 0.95,
        "rhat_max": 1.0028959135005127,
        "ess_min": 2351.435836969358,
        "n_divergences": 0,
        "passes_rhat": true,
        "passes_ess": true,
        "passes_gate": true
      }
    ],
    "params": {
      "H": {
        "mean": 0.1883642077445984,
        "median": 0.19184640049934387,
        "sd": 0.08127652108669281,
        "hdi_2.5": 0.0261374544352293,
        "hdi_97.5": 0.3309483528137207,
        "rhat": 1.0027618763348272,
        "ess_bulk": 2368.2115295437934
      },
      "LW": {
        "mean": 0.02939765155315399,
        "median": 0.027804680168628693,
        "sd": 0.013439054600894451,
        "hdi_2.5": 0.005633987952023745,
        "hdi_97.5": 0.05575765296816826,
        "rhat": 1.0020352516742481,
        "ess_bulk": 2394.2615421658284
      },
      "log_UU": {
        "mean": 0.0039199222810566425,
        "median": 0.0028217232320457697,
        "sd": 0.0037573587615042925,
        "hdi_2.5": 1.906285405084418e-07,
        "hdi_97.5": 0.011382108554244041,
        "rhat": 0.9998832074248486,
        "ess_bulk": 3984.131565280264
      },
      "sigma_motor": {
        "mean": 21.413686752319336,
        "median": 21.365726470947266,
        "sd": 1.8791923522949219,
        "hdi_2.5": 17.86787986755371,
        "hdi_97.5": 25.18076515197754,
        "rhat": 1.0027495548853895,
        "ess_bulk": 3365.492680844187
      },
      "sigma_LR": {
        "mean": 2.813326597213745,
        "median": 2.7820534706115723,
        "sd": 0.4619615972042084,
        "hdi_2.5": 1.9536675214767456,
        "hdi_97.5": 3.7152061462402344,
        "rhat": 1.0013013750293371,
        "ess_bulk": 3509.6387454967758
      }
    },
    "n_divergences": 0,
    "n_chains": 4,
    "n_samples_per_chain": 2000
  },
  "behavior": {
    "r_obs_vs_pred": -0.3763717983398963,
    "rmse": 42.74179473478678,
    "mae": 21.94914472257535,
    "n_trials": 193
  },
  "elapsed_seconds": 68.69440340995789
}