{
  "subject_idx": 16,
  "subject_id": "SP_061817",
  "is_patient": true,
  "condition": "changepoint",
  "n_trials": 194,
  "n_blocks": 2,
  "sub_blocks_avoid_seek": [
    0,
    1
  ],
  "mcmc_config": {
    "num_warmup": 2000,
    "num_samples": 2000,
    "num_chains": 4
  },
  "fit": {
    "dataset_idx": 16,
    "condition": "changepoint",
    "status": "PASS",
    "attempts": [
      {
        "attempt": 1,
        "num_warmup": 2000,
        "target_accept_prob": 0.95,
        "rhat_max": 1.0021320555407243,
        "ess_min": 2270.96189615764,
        "n_divergences": 0,
        "passes_rhat": true,
        "passes_ess": true,
        "passes_gate": true
      }
    ],
    "params": {
      "H": {
        "mean": 0.004304476547986269,
        "median": 0.0038502165116369724,
        "sd": 0.0024337817449122667,
        "hdi_2.5": 0.000674299371894449,
        "hdi_97.5": 0.009215537458658218,
        "rhat": 1.0005002017296147,
        "ess_bulk": 3703.3430747250927
      },
      "LW": {
        "mean": 0.1106976866722107,
        "median": 0.10953188687562943,
        "sd": 0.0316489152610302,
        "hdi_2.5": 0.050875939428806305,
        "hdi_97.5": 0.16812510788440704,
        "rhat": 1.001560561465598,
        "ess_bulk": 2441.9030050389397
      },
      "log_UU": {
        "mean": 0.9020925164222717,
        "median": 0.8836028575897217,
        "sd": 0.22556769847869873,
        "hdi_2.5": 0.4751540720462799,
        "hdi_97.5": 1.3425097465515137,
        "rhat": 1.0011207631602428,
        "ess_bulk": 4106.223071056753
      },
      "sigma_motor": {
        "mean": 27.120567321777344,
        "median": 27.012744903564453,
        "sd": 2.2459256649017334,
        "hdi_2.5": 22.856536865234375,
        "hdi_97.5": 31.64118766784668,
        "rhat": 1.0003468709647971,
        "ess_bulk": 3557.340115001409
      },
      "sigma_LR": {
        "mean": 4.7679901123046875,
        "median": 4.765907287597656,
        "sd": 0.9058948755264282,
        "hdi_2.5": 2.9625415802001953,
        "hdi_97.5": 6.478423118591309,
        "rhat": 1.0001592123385314,
        "ess_bulk": 3379.4791501456984
      }
    },
    "n_divergences": 0,
    "n_chains": 4,
    "n_samples_per_chain": 2000
  },
  "behavior": {
    "r_obs_vs_pred": -0.1225856492719132,
    "rmse": 54.48559704717501,
    "mae": 21.58159393884261,
    "n_trials": 193
  },
  "elapsed_seconds": 100.85812759399414
}