{
  "subject_idx": 119,
  "subject_id": "SP_085173",
  "is_patient": false,
  "condition": "changepoint",
  "n_trials": 394,
  "n_blocks": 2,
  "sub_blocks_avoid_seek": [
    0,
    1
  ],
  "mcmc_config": {
    "num_warmup": 2000,
    "num_samples": 2000,
    "num_chains": 4
  },
  "fit": {
    "dataset_idx": 119,
    "condition": "changepoint",
    "status": "PASS",
    "attempts": [
      {
        "attempt": 1,
        "num_warmup": 2000,
        "target_accept_prob": 0.95,
        "rhat_max": 1.002252873944222,
        "ess_min": 4253.269063047667,
        "n_divergences": 0,
        "passes_rhat": true,
        "passes_ess": true,
        "passes_gate": true
      }
    ],
    "params": {
      "H": {
        "mean": 0.01390079315751791,
        "median": 0.013524467125535011,
        "sd": 0.0036180473398417234,
        "hdi_2.5": 0.006994227878749371,
        "hdi_97.5": 0.02083679847419262,
        "rhat": 1.0009316117562008,
        "ess_bulk": 4862.430886882087
      },
      "LW": {
        "mean": 0.054708331823349,
        "median": 0.05114921182394028,
        "sd": 0.019020171836018562,
        "hdi_2.5": 0.023953523486852646,
        "hdi_97.5": 0.09797019511461258,
        "rhat": 1.0001702740407201,
        "ess_bulk": 4640.453464288286
      },
      "log_UU": {
        "mean": 0.9616982340812683,
        "median": 0.9559602737426758,
        "sd": 0.1444474309682846,
        "hdi_2.5": 0.6835293173789978,
        "hdi_97.5": 1.2449679374694824,
        "rhat": 1.0009105847217137,
        "ess_bulk": 5291.41346280982
      },
      "sigma_motor": {
        "mean": 22.759754180908203,
        "median": 22.72378158569336,
        "sd": 1.329824686050415,
        "hdi_2.5": 20.194381713867188,
        "hdi_97.5": 25.410804748535156,
        "rhat": 1.0012443437336218,
        "ess_bulk": 6251.225999947018
      },
      "sigma_LR": {
        "mean": 5.350525379180908,
        "median": 5.335724353790283,
        "sd": 0.5738860368728638,
        "hdi_2.5": 4.2293877601623535,
        "hdi_97.5": 6.469995021820068,
        "rhat": 1.0004078289932241,
        "ess_bulk": 5783.08740527713
      }
    },
    "n_divergences": 0,
    "n_chains": 4,
    "n_samples_per_chain": 2000
  },
  "behavior": {
    "r_obs_vs_pred": -0.25010950194700227,
    "rmse": 54.84484784225823,
    "mae": 29.31441390396833,
    "n_trials": 393
  },
  "elapsed_seconds": 66.4260265827179
}