{
  "subject_idx": 42,
  "subject_id": "SP_084554",
  "is_patient": true,
  "condition": "oddball",
  "n_trials": 194,
  "n_blocks": 2,
  "sub_blocks_avoid_seek": [
    2,
    3
  ],
  "mcmc_config": {
    "num_warmup": 2000,
    "num_samples": 2000,
    "num_chains": 4
  },
  "fit": {
    "dataset_idx": 42,
    "condition": "oddball",
    "status": "PASS",
    "attempts": [
      {
        "attempt": 1,
        "num_warmup": 2000,
        "target_accept_prob": 0.95,
        "rhat_max": 1.001647376973385,
        "ess_min": 3810.5293271638643,
        "n_divergences": 0,
        "passes_rhat": true,
        "passes_ess": true,
        "passes_gate": true
      }
    ],
    "params": {
      "H": {
        "mean": 0.05329062044620514,
        "median": 0.03902850300073624,
        "sd": 0.04896754026412964,
        "hdi_2.5": 4.975145202479325e-06,
        "hdi_97.5": 0.15177874267101288,
        "rhat": 1.0006541652392364,
        "ess_bulk": 4499.735864651116
      },
      "LW": {
        "mean": 0.667383074760437,
        "median": 0.7059112787246704,
        "sd": 0.23275767266750336,
        "hdi_2.5": 0.22929996252059937,
        "hdi_97.5": 0.9999240636825562,
        "rhat": 0.9998966286802402,
        "ess_bulk": 6378.800937318352
      },
      "log_UU": {
        "mean": 4.011758327484131,
        "median": 3.6856179237365723,
        "sd": 2.3802833557128906,
        "hdi_2.5": 0.08083102107048035,
        "hdi_97.5": 8.513371467590332,
        "rhat": 1.0003715561644149,
        "ess_bulk": 7120.42251616143
      },
      "sigma_motor": {
        "mean": 19.517684936523438,
        "median": 19.466419219970703,
        "sd": 0.9899505376815796,
        "hdi_2.5": 17.67300033569336,
        "hdi_97.5": 21.52842903137207,
        "rhat": 1.0012600582734743,
        "ess_bulk": 6182.458111034317
      },
      "sigma_LR": {
        "mean": 1.0022603273391724,
        "median": 0.9089162349700928,
        "sd": 0.6802140474319458,
        "hdi_2.5": 0.0005011155735701323,
        "hdi_97.5": 2.2581372261047363,
        "rhat": 1.0007943467639995,
        "ess_bulk": 3810.5293271638643
      }
    },
    "n_divergences": 0,
    "n_chains": 4,
    "n_samples_per_chain": 2000
  },
  "behavior": {
    "r_obs_vs_pred": 0.12405014390671468,
    "rmse": 19.763362459290708,
    "mae": 9.975731418198617,
    "n_trials": 193
  },
  "elapsed_seconds": 50.43297815322876
}