{
  "subject_idx": 84,
  "subject_id": "SP_088738",
  "is_patient": true,
  "condition": "oddball",
  "n_trials": 194,
  "n_blocks": 2,
  "sub_blocks_avoid_seek": [
    2,
    3
  ],
  "mcmc_config": {
    "num_warmup": 2000,
    "num_samples": 2000,
    "num_chains": 4
  },
  "fit": {
    "dataset_idx": 84,
    "condition": "oddball",
    "status": "PASS",
    "attempts": [
      {
        "attempt": 1,
        "num_warmup": 2000,
        "target_accept_prob": 0.95,
        "rhat_max": 1.0019743241930725,
        "ess_min": 4406.848212853936,
        "n_divergences": 0,
        "passes_rhat": true,
        "passes_ess": true,
        "passes_gate": true
      }
    ],
    "params": {
      "H": {
        "mean": 0.5036163330078125,
        "median": 0.5043318867683411,
        "sd": 0.04525436460971832,
        "hdi_2.5": 0.41772228479385376,
        "hdi_97.5": 0.5959919095039368,
        "rhat": 1.0001225573055752,
        "ess_bulk": 5276.998392456542
      },
      "LW": {
        "mean": 0.06664732098579407,
        "median": 0.06690862774848938,
        "sd": 0.0064916787669062614,
        "hdi_2.5": 0.05400200933218002,
        "hdi_97.5": 0.07922220230102539,
        "rhat": 1.0013582112426087,
        "ess_bulk": 5831.589574020048
      },
      "log_UU": {
        "mean": 0.0007527678972110152,
        "median": 0.000528441509231925,
        "sd": 0.0007377571309916675,
        "hdi_2.5": 1.3743743920713314e-07,
        "hdi_97.5": 0.0022124378010630608,
        "rhat": 1.0003044276797646,
        "ess_bulk": 4986.610140086804
      },
      "sigma_motor": {
        "mean": 3.3530960083007812,
        "median": 3.2744832038879395,
        "sd": 0.8462199568748474,
        "hdi_2.5": 1.8984951972961426,
        "hdi_97.5": 5.16912317276001,
        "rhat": 0.9999029380216393,
        "ess_bulk": 4498.566699563912
      },
      "sigma_LR": {
        "mean": 5.49419641494751,
        "median": 5.496078014373779,
        "sd": 0.5065362453460693,
        "hdi_2.5": 4.46462869644165,
        "hdi_97.5": 6.466175079345703,
        "rhat": 1.0007490842340974,
        "ess_bulk": 4465.0743661018005
      }
    },
    "n_divergences": 0,
    "n_chains": 4,
    "n_samples_per_chain": 2000
  },
  "behavior": {
    "r_obs_vs_pred": -0.031842737933145085,
    "rmse": 21.63411277460293,
    "mae": 9.477440972942762,
    "n_trials": 193
  },
  "elapsed_seconds": 64.04995560646057
}