{
  "subject_idx": 28,
  "subject_id": "SP_073394",
  "is_patient": true,
  "condition": "changepoint",
  "n_trials": 194,
  "n_blocks": 2,
  "sub_blocks_avoid_seek": [
    0,
    1
  ],
  "mcmc_config": {
    "num_warmup": 2000,
    "num_samples": 2000,
    "num_chains": 4
  },
  "fit": {
    "dataset_idx": 28,
    "condition": "changepoint",
    "status": "PASS",
    "attempts": [
      {
        "attempt": 1,
        "num_warmup": 2000,
        "target_accept_prob": 0.95,
        "rhat_max": 1.0012604919679806,
        "ess_min": 4769.813922578264,
        "n_divergences": 0,
        "passes_rhat": true,
        "passes_ess": true,
        "passes_gate": true
      }
    ],
    "params": {
      "H": {
        "mean": 0.016391998156905174,
        "median": 0.014845188707113266,
        "sd": 0.008114106021821499,
        "hdi_2.5": 0.0037093881983309984,
        "hdi_97.5": 0.03269597142934799,
        "rhat": 1.0000318090510831,
        "ess_bulk": 4946.305812283915
      },
      "LW": {
        "mean": 0.02151031419634819,
        "median": 0.01979665458202362,
        "sd": 0.011467048898339272,
        "hdi_2.5": 0.0019676941446959972,
        "hdi_97.5": 0.043495673686265945,
        "rhat": 1.0002620113102818,
        "ess_bulk": 4979.999149014746
      },
      "log_UU": {
        "mean": 0.9557413458824158,
        "median": 0.9278139472007751,
        "sd": 0.28718340396881104,
        "hdi_2.5": 0.402179092168808,
        "hdi_97.5": 1.5119388103485107,
        "rhat": 1.0006284972041646,
        "ess_bulk": 5058.363712542369
      },
      "sigma_motor": {
        "mean": 24.508056640625,
        "median": 24.469297409057617,
        "sd": 1.6804437637329102,
        "hdi_2.5": 21.225072860717773,
        "hdi_97.5": 27.814924240112305,
        "rhat": 1.0004184455693226,
        "ess_bulk": 5365.888471532275
      },
      "sigma_LR": {
        "mean": 1.6200517416000366,
        "median": 1.5645718574523926,
        "sd": 0.4520471394062042,
        "hdi_2.5": 0.8155993223190308,
        "hdi_97.5": 2.5203239917755127,
        "rhat": 1.000207647331488,
        "ess_bulk": 5256.33524418069
      }
    },
    "n_divergences": 0,
    "n_chains": 4,
    "n_samples_per_chain": 2000
  },
  "behavior": {
    "r_obs_vs_pred": -0.0354509337014112,
    "rmse": 46.827815661265696,
    "mae": 24.73062913179629,
    "n_trials": 193
  },
  "elapsed_seconds": 58.887919425964355
}