{
  "subject_idx": 114,
  "subject_id": "SP_084486",
  "is_patient": false,
  "condition": "changepoint",
  "n_trials": 394,
  "n_blocks": 2,
  "sub_blocks_avoid_seek": [
    0,
    1
  ],
  "mcmc_config": {
    "num_warmup": 2000,
    "num_samples": 2000,
    "num_chains": 4
  },
  "fit": {
    "dataset_idx": 114,
    "condition": "changepoint",
    "status": "PASS",
    "attempts": [
      {
        "attempt": 1,
        "num_warmup": 2000,
        "target_accept_prob": 0.95,
        "rhat_max": 1.0018180794128018,
        "ess_min": 3134.4634541696078,
        "n_divergences": 0,
        "passes_rhat": true,
        "passes_ess": true,
        "passes_gate": true
      }
    ],
    "params": {
      "H": {
        "mean": 0.004798299632966518,
        "median": 0.004695546813309193,
        "sd": 0.0012314661871641874,
        "hdi_2.5": 0.002665752312168479,
        "hdi_97.5": 0.00729899387806654,
        "rhat": 1.0003316840375804,
        "ess_bulk": 3359.8136630541335
      },
      "LW": {
        "mean": 0.16768254339694977,
        "median": 0.16718339920043945,
        "sd": 0.009126842021942139,
        "hdi_2.5": 0.15039436519145966,
        "hdi_97.5": 0.18572410941123962,
        "rhat": 1.0002923543694453,
        "ess_bulk": 3789.4265965724417
      },
      "log_UU": {
        "mean": 0.8904398679733276,
        "median": 0.8880321979522705,
        "sd": 0.10210034996271133,
        "hdi_2.5": 0.6937211155891418,
        "hdi_97.5": 1.0896879434585571,
        "rhat": 1.001175499428348,
        "ess_bulk": 4367.990147001488
      },
      "sigma_motor": {
        "mean": 15.077144622802734,
        "median": 15.053964614868164,
        "sd": 1.0980781316757202,
        "hdi_2.5": 13.0179443359375,
        "hdi_97.5": 17.289148330688477,
        "rhat": 1.0006935764099176,
        "ess_bulk": 3716.214299094591
      },
      "sigma_LR": {
        "mean": 7.109540939331055,
        "median": 7.090957164764404,
        "sd": 0.6445173025131226,
        "hdi_2.5": 5.882936477661133,
        "hdi_97.5": 8.419079780578613,
        "rhat": 1.0009690592622562,
        "ess_bulk": 3637.685049695852
      }
    },
    "n_divergences": 0,
    "n_chains": 4,
    "n_samples_per_chain": 2000
  },
  "behavior": {
    "r_obs_vs_pred": 0.027750823951744264,
    "rmse": 50.3173269359329,
    "mae": 24.576423576521112,
    "n_trials": 393
  },
  "elapsed_seconds": 243.44302797317505
}