{
  "subject_idx": 49,
  "subject_id": "SP_019653",
  "is_patient": true,
  "condition": "changepoint",
  "n_trials": 194,
  "n_blocks": 2,
  "sub_blocks_avoid_seek": [
    0,
    1
  ],
  "mcmc_config": {
    "num_warmup": 2000,
    "num_samples": 2000,
    "num_chains": 4
  },
  "fit": {
    "dataset_idx": 49,
    "condition": "changepoint",
    "status": "PASS",
    "attempts": [
      {
        "attempt": 1,
        "num_warmup": 2000,
        "target_accept_prob": 0.95,
        "rhat_max": 1.0013306433759663,
        "ess_min": 4415.934655501759,
        "n_divergences": 0,
        "passes_rhat": true,
        "passes_ess": true,
        "passes_gate": true
      }
    ],
    "params": {
      "H": {
        "mean": 0.012087502516806126,
        "median": 0.011625481769442558,
        "sd": 0.004201155621558428,
        "hdi_2.5": 0.004173154477030039,
        "hdi_97.5": 0.020039254799485207,
        "rhat": 1.000610714502189,
        "ess_bulk": 4466.797706681192
      },
      "LW": {
        "mean": 0.053463030606508255,
        "median": 0.05299956351518631,
        "sd": 0.011517073027789593,
        "hdi_2.5": 0.03220567852258682,
        "hdi_97.5": 0.0759381428360939,
        "rhat": 1.000333702688724,
        "ess_bulk": 5597.912827978305
      },
      "log_UU": {
        "mean": 1.1714131832122803,
        "median": 1.1658730506896973,
        "sd": 0.21165193617343903,
        "hdi_2.5": 0.7488080859184265,
        "hdi_97.5": 1.5780653953552246,
        "rhat": 1.0013306433759663,
        "ess_bulk": 5878.275204003021
      },
      "sigma_motor": {
        "mean": 17.847246170043945,
        "median": 17.806081771850586,
        "sd": 1.6048376560211182,
        "hdi_2.5": 14.56787109375,
        "hdi_97.5": 20.89971160888672,
        "rhat": 1.000961078387752,
        "ess_bulk": 4899.093911136746
      },
      "sigma_LR": {
        "mean": 5.380249977111816,
        "median": 5.376544952392578,
        "sd": 0.6289917826652527,
        "hdi_2.5": 4.1920905113220215,
        "hdi_97.5": 6.651447296142578,
        "rhat": 1.0000881889246167,
        "ess_bulk": 5620.190009046286
      }
    },
    "n_divergences": 0,
    "n_chains": 4,
    "n_samples_per_chain": 2000
  },
  "behavior": {
    "r_obs_vs_pred": 0.06720668008083393,
    "rmse": 43.95946820916321,
    "mae": 20.14936735186668,
    "n_trials": 193
  },
  "elapsed_seconds": 44.92608714103699
}