{
  "subject_idx": 18,
  "subject_id": "SP_062425",
  "is_patient": true,
  "condition": "oddball",
  "n_trials": 194,
  "n_blocks": 2,
  "sub_blocks_avoid_seek": [
    2,
    3
  ],
  "mcmc_config": {
    "num_warmup": 2000,
    "num_samples": 2000,
    "num_chains": 4
  },
  "fit": {
    "dataset_idx": 18,
    "condition": "oddball",
    "status": "PASS",
    "attempts": [
      {
        "attempt": 1,
        "num_warmup": 2000,
        "target_accept_prob": 0.95,
        "rhat_max": 1.0025305575422785,
        "ess_min": 2604.9440147075447,
        "n_divergences": 0,
        "passes_rhat": true,
        "passes_ess": true,
        "passes_gate": true
      }
    ],
    "params": {
      "H": {
        "mean": 0.03243971988558769,
        "median": 0.020270437002182007,
        "sd": 0.035882022231817245,
        "hdi_2.5": 5.755946403951384e-06,
        "hdi_97.5": 0.10650143772363663,
        "rhat": 1.0009893283771174,
        "ess_bulk": 3742.7088454955674
      },
      "LW": {
        "mean": 0.253832072019577,
        "median": 0.2410900592803955,
        "sd": 0.11175328493118286,
        "hdi_2.5": 0.05354304611682892,
        "hdi_97.5": 0.4726714491844177,
        "rhat": 1.000340795500667,
        "ess_bulk": 3138.9499554743006
      },
      "log_UU": {
        "mean": 0.16289781033992767,
        "median": 0.13208243250846863,
        "sd": 0.12442684918642044,
        "hdi_2.5": 1.3374888112593908e-05,
        "hdi_97.5": 0.4109221398830414,
        "rhat": 1.0012987346811943,
        "ess_bulk": 3012.064191198292
      },
      "sigma_motor": {
        "mean": 20.072879791259766,
        "median": 20.050241470336914,
        "sd": 1.1108472347259521,
        "hdi_2.5": 18.023813247680664,
        "hdi_97.5": 22.340240478515625,
        "rhat": 1.0005309686042136,
        "ess_bulk": 4382.90735479713
      },
      "sigma_LR": {
        "mean": 1.7276220321655273,
        "median": 1.6766014099121094,
        "sd": 0.5088996887207031,
        "hdi_2.5": 0.8301376104354858,
        "hdi_97.5": 2.772733688354492,
        "rhat": 1.0014936581983365,
        "ess_bulk": 4558.097849163062
      }
    },
    "n_divergences": 0,
    "n_chains": 4,
    "n_samples_per_chain": 2000
  },
  "behavior": {
    "r_obs_vs_pred": -0.2583178348210289,
    "rmse": 24.039388850830772,
    "mae": 14.268996335106415,
    "n_trials": 193
  },
  "elapsed_seconds": 84.63152861595154
}