{
  "subject_idx": 130,
  "subject_id": "SP_085803",
  "is_patient": false,
  "condition": "oddball",
  "n_trials": 194,
  "n_blocks": 2,
  "sub_blocks_avoid_seek": [
    2,
    3
  ],
  "mcmc_config": {
    "num_warmup": 2000,
    "num_samples": 2000,
    "num_chains": 4
  },
  "fit": {
    "dataset_idx": 130,
    "condition": "oddball",
    "status": "PASS",
    "attempts": [
      {
        "attempt": 1,
        "num_warmup": 2000,
        "target_accept_prob": 0.95,
        "rhat_max": 1.004545242214867,
        "ess_min": 603.403477079601,
        "n_divergences": 0,
        "passes_rhat": true,
        "passes_ess": true,
        "passes_gate": true
      }
    ],
    "params": {
      "H": {
        "mean": 0.026723289862275124,
        "median": 0.009773194789886475,
        "sd": 0.05353979393839836,
        "hdi_2.5": 8.535920642316341e-06,
        "hdi_97.5": 0.15766634047031403,
        "rhat": 1.003004486875337,
        "ess_bulk": 1433.2968490528408
      },
      "LW": {
        "mean": 0.13042831420898438,
        "median": 0.11660690605640411,
        "sd": 0.07180682569742203,
        "hdi_2.5": 0.013301689177751541,
        "hdi_97.5": 0.2747696042060852,
        "rhat": 1.0032369692733643,
        "ess_bulk": 1109.7555803902555
      },
      "log_UU": {
        "mean": 0.04884442314505577,
        "median": 0.017305325716733932,
        "sd": 0.056139275431632996,
        "hdi_2.5": 3.2663685090028594e-08,
        "hdi_97.5": 0.1619493067264557,
        "rhat": 1.0020609403872047,
        "ess_bulk": 701.3252899295876
      },
      "sigma_motor": {
        "mean": 23.045164108276367,
        "median": 23.169776916503906,
        "sd": 1.9045295715332031,
        "hdi_2.5": 19.117319107055664,
        "hdi_97.5": 26.562761306762695,
        "rhat": 1.0019981924802555,
        "ess_bulk": 904.0518364484553
      },
      "sigma_LR": {
        "mean": 1.75162935256958,
        "median": 1.702383041381836,
        "sd": 0.43305641412734985,
        "hdi_2.5": 1.0125672817230225,
        "hdi_97.5": 2.6553406715393066,
        "rhat": 1.0011114929452207,
        "ess_bulk": 2396.988984401594
      }
    },
    "n_divergences": 0,
    "n_chains": 4,
    "n_samples_per_chain": 2000
  },
  "behavior": {
    "r_obs_vs_pred": -0.1700822535752265,
    "rmse": 31.518811816457156,
    "mae": 18.24338886373884,
    "n_trials": 193
  },
  "elapsed_seconds": 179.90756845474243
}