{
  "subject_idx": 17,
  "subject_id": "SP_062008",
  "is_patient": true,
  "condition": "changepoint",
  "n_trials": 194,
  "n_blocks": 2,
  "sub_blocks_avoid_seek": [
    0,
    1
  ],
  "mcmc_config": {
    "num_warmup": 2000,
    "num_samples": 2000,
    "num_chains": 4
  },
  "fit": {
    "dataset_idx": 17,
    "condition": "changepoint",
    "status": "PASS",
    "attempts": [
      {
        "attempt": 1,
        "num_warmup": 2000,
        "target_accept_prob": 0.95,
        "rhat_max": 1.0018723091553248,
        "ess_min": 3900.845250271139,
        "n_divergences": 0,
        "passes_rhat": true,
        "passes_ess": true,
        "passes_gate": true
      }
    ],
    "params": {
      "H": {
        "mean": 0.007998893968760967,
        "median": 0.007083422504365444,
        "sd": 0.004598993342369795,
        "hdi_2.5": 0.0009180562919937074,
        "hdi_97.5": 0.01687994785606861,
        "rhat": 1.0012976949718881,
        "ess_bulk": 4036.348079338419
      },
      "LW": {
        "mean": 0.11038617044687271,
        "median": 0.11106351017951965,
        "sd": 0.031098641455173492,
        "hdi_2.5": 0.045189980417490005,
        "hdi_97.5": 0.16209521889686584,
        "rhat": 1.0012306298532345,
        "ess_bulk": 3926.072888987239
      },
      "log_UU": {
        "mean": 1.0922369956970215,
        "median": 1.0771782398223877,
        "sd": 0.277905136346817,
        "hdi_2.5": 0.5682314038276672,
        "hdi_97.5": 1.635977029800415,
        "rhat": 1.0004093125055844,
        "ess_bulk": 4671.318044425636
      },
      "sigma_motor": {
        "mean": 28.83023452758789,
        "median": 28.765668869018555,
        "sd": 1.8015222549438477,
        "hdi_2.5": 25.38140106201172,
        "hdi_97.5": 32.499454498291016,
        "rhat": 1.0002604569593172,
        "ess_bulk": 5084.187152221063
      },
      "sigma_LR": {
        "mean": 3.077559471130371,
        "median": 3.061089515686035,
        "sd": 0.5933889746665955,
        "hdi_2.5": 1.8659026622772217,
        "hdi_97.5": 4.207514762878418,
        "rhat": 1.0007401894028292,
        "ess_bulk": 5145.153011770718
      }
    },
    "n_divergences": 0,
    "n_chains": 4,
    "n_samples_per_chain": 2000
  },
  "behavior": {
    "r_obs_vs_pred": -0.01163626138123864,
    "rmse": 43.30044784209108,
    "mae": 18.86994430696389,
    "n_trials": 193
  },
  "elapsed_seconds": 67.44884085655212
}