{
  "subject_idx": 30,
  "subject_id": "SP_078671",
  "is_patient": true,
  "condition": "oddball",
  "n_trials": 394,
  "n_blocks": 2,
  "sub_blocks_avoid_seek": [
    2,
    3
  ],
  "mcmc_config": {
    "num_warmup": 2000,
    "num_samples": 2000,
    "num_chains": 4
  },
  "fit": {
    "dataset_idx": 30,
    "condition": "oddball",
    "status": "PASS",
    "attempts": [
      {
        "attempt": 1,
        "num_warmup": 2000,
        "target_accept_prob": 0.95,
        "rhat_max": 1.0016192736678455,
        "ess_min": 3519.350374948512,
        "n_divergences": 0,
        "passes_rhat": true,
        "passes_ess": true,
        "passes_gate": true
      }
    ],
    "params": {
      "H": {
        "mean": 0.055645301938056946,
        "median": 0.04154570400714874,
        "sd": 0.05006605386734009,
        "hdi_2.5": 4.560910747386515e-05,
        "hdi_97.5": 0.15648260712623596,
        "rhat": 1.000487287519527,
        "ess_bulk": 5576.830652365175
      },
      "LW": {
        "mean": 0.6684934496879578,
        "median": 0.7124025225639343,
        "sd": 0.23591062426567078,
        "hdi_2.5": 0.22228212654590607,
        "hdi_97.5": 0.9999021291732788,
        "rhat": 1.0003574397383623,
        "ess_bulk": 5876.136260481991
      },
      "log_UU": {
        "mean": 3.9509706497192383,
        "median": 3.6117029190063477,
        "sd": 2.40895676612854,
        "hdi_2.5": 0.22645363211631775,
        "hdi_97.5": 8.691169738769531,
        "rhat": 1.0008825628713174,
        "ess_bulk": 6153.711327601502
      },
      "sigma_motor": {
        "mean": 22.829572677612305,
        "median": 22.804649353027344,
        "sd": 0.8046039938926697,
        "hdi_2.5": 21.28458595275879,
        "hdi_97.5": 24.430736541748047,
        "rhat": 1.000752951219954,
        "ess_bulk": 6091.868397228303
      },
      "sigma_LR": {
        "mean": 0.6519888639450073,
        "median": 0.5183942914009094,
        "sd": 0.5386410355567932,
        "hdi_2.5": 0.0001003824727376923,
        "hdi_97.5": 1.7209680080413818,
        "rhat": 1.0014796316707084,
        "ess_bulk": 3519.350374948512
      }
    },
    "n_divergences": 0,
    "n_chains": 4,
    "n_samples_per_chain": 2000
  },
  "behavior": {
    "r_obs_vs_pred": -0.04237258775307686,
    "rmse": 22.91680322726754,
    "mae": 14.247166245568454,
    "n_trials": 393
  },
  "elapsed_seconds": 60.371626138687134
}