{
  "subject_idx": 69,
  "subject_id": "SP_083068",
  "is_patient": true,
  "condition": "oddball",
  "n_trials": 194,
  "n_blocks": 2,
  "sub_blocks_avoid_seek": [
    2,
    3
  ],
  "mcmc_config": {
    "num_warmup": 2000,
    "num_samples": 2000,
    "num_chains": 4
  },
  "fit": {
    "dataset_idx": 69,
    "condition": "oddball",
    "status": "PASS",
    "attempts": [
      {
        "attempt": 1,
        "num_warmup": 2000,
        "target_accept_prob": 0.95,
        "rhat_max": 1.0022450705491806,
        "ess_min": 5217.8538142686175,
        "n_divergences": 0,
        "passes_rhat": true,
        "passes_ess": true,
        "passes_gate": true
      }
    ],
    "params": {
      "H": {
        "mean": 0.050834089517593384,
        "median": 0.038665760308504105,
        "sd": 0.045395784080028534,
        "hdi_2.5": 3.279990050941706e-05,
        "hdi_97.5": 0.14274345338344574,
        "rhat": 1.0006734216168496,
        "ess_bulk": 6448.067177550081
      },
      "LW": {
        "mean": 0.6785320043563843,
        "median": 0.718741774559021,
        "sd": 0.23090749979019165,
        "hdi_2.5": 0.24638590216636658,
        "hdi_97.5": 0.9999908208847046,
        "rhat": 0.9997449174022115,
        "ess_bulk": 6682.290519786718
      },
      "log_UU": {
        "mean": 3.640918493270874,
        "median": 3.1813201904296875,
        "sd": 2.4375414848327637,
        "hdi_2.5": 0.024650897830724716,
        "hdi_97.5": 8.318668365478516,
        "rhat": 0.9999301040808501,
        "ess_bulk": 6496.22325563659
      },
      "sigma_motor": {
        "mean": 5.026660919189453,
        "median": 5.020116806030273,
        "sd": 0.2662433981895447,
        "hdi_2.5": 4.5159149169921875,
        "hdi_97.5": 5.566039562225342,
        "rhat": 1.0011386578130208,
        "ess_bulk": 7396.69685872635
      },
      "sigma_LR": {
        "mean": 2.176323175430298,
        "median": 2.1354730129241943,
        "sd": 0.5088170766830444,
        "hdi_2.5": 1.2070156335830688,
        "hdi_97.5": 3.1962270736694336,
        "rhat": 1.0022450705491806,
        "ess_bulk": 8000.916894898744
      }
    },
    "n_divergences": 0,
    "n_chains": 4,
    "n_samples_per_chain": 2000
  },
  "behavior": {
    "r_obs_vs_pred": -0.5546621836161381,
    "rmse": 6.774730324105337,
    "mae": 2.85426122305333,
    "n_trials": 193
  },
  "elapsed_seconds": 56.42494010925293
}