{
  "subject_idx": 95,
  "subject_id": "SP_090270",
  "is_patient": true,
  "condition": "changepoint",
  "n_trials": 194,
  "n_blocks": 2,
  "sub_blocks_avoid_seek": [
    0,
    1
  ],
  "mcmc_config": {
    "num_warmup": 2000,
    "num_samples": 2000,
    "num_chains": 4
  },
  "fit": {
    "dataset_idx": 95,
    "condition": "changepoint",
    "status": "PASS",
    "attempts": [
      {
        "attempt": 1,
        "num_warmup": 2000,
        "target_accept_prob": 0.95,
        "rhat_max": 1.001893800483792,
        "ess_min": 3174.1513969197636,
        "n_divergences": 0,
        "passes_rhat": true,
        "passes_ess": true,
        "passes_gate": true
      }
    ],
    "params": {
      "H": {
        "mean": 4.156005525146611e-05,
        "median": 7.496220860048197e-06,
        "sd": 0.00013069047417957336,
        "hdi_2.5": 3.559898764660119e-10,
        "hdi_97.5": 0.00018084986368194222,
        "rhat": 1.0008674115362557,
        "ess_bulk": 3204.238171965399
      },
      "LW": {
        "mean": 0.12717945873737335,
        "median": 0.12467914819717407,
        "sd": 0.030602749437093735,
        "hdi_2.5": 0.0680101290345192,
        "hdi_97.5": 0.18613262474536896,
        "rhat": 1.0005449435228353,
        "ess_bulk": 3174.1513969197636
      },
      "log_UU": {
        "mean": 7.701723575592041,
        "median": 7.7706193923950195,
        "sd": 1.3010731935501099,
        "hdi_2.5": 5.485332489013672,
        "hdi_97.5": 9.98743724822998,
        "rhat": 1.0009345222515336,
        "ess_bulk": 3495.9584627581085
      },
      "sigma_motor": {
        "mean": 20.698883056640625,
        "median": 20.65938377380371,
        "sd": 1.080231785774231,
        "hdi_2.5": 18.547426223754883,
        "hdi_97.5": 22.771841049194336,
        "rhat": 1.000220191068534,
        "ess_bulk": 5334.842904317328
      },
      "sigma_LR": {
        "mean": 1.8665705919265747,
        "median": 1.814990758895874,
        "sd": 0.4986506700515747,
        "hdi_2.5": 0.9660865664482117,
        "hdi_97.5": 2.8315601348876953,
        "rhat": 1.0003954011853826,
        "ess_bulk": 5261.406124676943
      }
    },
    "n_divergences": 0,
    "n_chains": 4,
    "n_samples_per_chain": 2000
  },
  "behavior": {
    "r_obs_vs_pred": -0.37691229633828316,
    "rmse": 29.659560181378176,
    "mae": 7.7926054841635315,
    "n_trials": 193
  },
  "elapsed_seconds": 152.74773955345154
}