{
  "subject_idx": 17,
  "subject_id": "SP_062008",
  "is_patient": true,
  "condition": "oddball",
  "n_trials": 194,
  "n_blocks": 2,
  "sub_blocks_avoid_seek": [
    2,
    3
  ],
  "mcmc_config": {
    "num_warmup": 2000,
    "num_samples": 2000,
    "num_chains": 4
  },
  "fit": {
    "dataset_idx": 17,
    "condition": "oddball",
    "status": "PASS",
    "attempts": [
      {
        "attempt": 1,
        "num_warmup": 2000,
        "target_accept_prob": 0.95,
        "rhat_max": 1.001453237902714,
        "ess_min": 3320.7256268944493,
        "n_divergences": 0,
        "passes_rhat": true,
        "passes_ess": true,
        "passes_gate": true
      }
    ],
    "params": {
      "H": {
        "mean": 0.06873957812786102,
        "median": 0.0572810098528862,
        "sd": 0.05092495307326317,
        "hdi_2.5": 1.9829092707368545e-05,
        "hdi_97.5": 0.16758140921592712,
        "rhat": 1.0002189824978978,
        "ess_bulk": 4691.961764825216
      },
      "LW": {
        "mean": 0.7665064930915833,
        "median": 0.819617509841919,
        "sd": 0.19446758925914764,
        "hdi_2.5": 0.3728937804698944,
        "hdi_97.5": 0.9998923540115356,
        "rhat": 0.999891764276206,
        "ess_bulk": 5161.855907832088
      },
      "log_UU": {
        "mean": 0.3858913481235504,
        "median": 0.2527821660041809,
        "sd": 0.7051458954811096,
        "hdi_2.5": 0.045593567192554474,
        "hdi_97.5": 0.8054962754249573,
        "rhat": 1.0009412892672807,
        "ess_bulk": 4373.028982315351
      },
      "sigma_motor": {
        "mean": 18.628149032592773,
        "median": 18.579622268676758,
        "sd": 1.246637225151062,
        "hdi_2.5": 16.353639602661133,
        "hdi_97.5": 21.178617477416992,
        "rhat": 1.001453237902714,
        "ess_bulk": 3320.7256268944493
      },
      "sigma_LR": {
        "mean": 3.639279365539551,
        "median": 3.6187543869018555,
        "sd": 0.8408832550048828,
        "hdi_2.5": 2.001927614212036,
        "hdi_97.5": 5.30574369430542,
        "rhat": 1.0012210407649564,
        "ess_bulk": 3586.4411918256587
      }
    },
    "n_divergences": 0,
    "n_chains": 4,
    "n_samples_per_chain": 2000
  },
  "behavior": {
    "r_obs_vs_pred": -0.17002881440156808,
    "rmse": 22.512979499292978,
    "mae": 7.653276406588959,
    "n_trials": 193
  },
  "elapsed_seconds": 47.01879334449768
}