{
  "subject_idx": 109,
  "subject_id": "SP_081988",
  "is_patient": false,
  "condition": "changepoint",
  "n_trials": 194,
  "n_blocks": 2,
  "sub_blocks_avoid_seek": [
    0,
    1
  ],
  "mcmc_config": {
    "num_warmup": 2000,
    "num_samples": 2000,
    "num_chains": 4
  },
  "fit": {
    "dataset_idx": 109,
    "condition": "changepoint",
    "status": "PASS",
    "attempts": [
      {
        "attempt": 1,
        "num_warmup": 2000,
        "target_accept_prob": 0.95,
        "rhat_max": 1.0019395430532547,
        "ess_min": 4287.969416765686,
        "n_divergences": 0,
        "passes_rhat": true,
        "passes_ess": true,
        "passes_gate": true
      }
    ],
    "params": {
      "H": {
        "mean": 0.010573268868029118,
        "median": 0.010089358314871788,
        "sd": 0.0037841356825083494,
        "hdi_2.5": 0.004156443290412426,
        "hdi_97.5": 0.018309788778424263,
        "rhat": 1.00070755657967,
        "ess_bulk": 5004.03352138828
      },
      "LW": {
        "mean": 0.10202209651470184,
        "median": 0.10191893577575684,
        "sd": 0.017141446471214294,
        "hdi_2.5": 0.06895952671766281,
        "hdi_97.5": 0.1366133987903595,
        "rhat": 1.0014231654509818,
        "ess_bulk": 4287.969416765686
      },
      "log_UU": {
        "mean": 1.0712363719940186,
        "median": 1.066303014755249,
        "sd": 0.18389169871807098,
        "hdi_2.5": 0.6998189687728882,
        "hdi_97.5": 1.4145240783691406,
        "rhat": 1.0010002795796735,
        "ess_bulk": 5893.4375600812145
      },
      "sigma_motor": {
        "mean": 17.35881996154785,
        "median": 17.316543579101562,
        "sd": 1.4543448686599731,
        "hdi_2.5": 14.446784973144531,
        "hdi_97.5": 20.134716033935547,
        "rhat": 1.0005479082422566,
        "ess_bulk": 5976.827869829089
      },
      "sigma_LR": {
        "mean": 4.689782619476318,
        "median": 4.671093940734863,
        "sd": 0.5500900149345398,
        "hdi_2.5": 3.6379075050354004,
        "hdi_97.5": 5.737492561340332,
        "rhat": 1.0003645585630458,
        "ess_bulk": 6352.965757592311
      }
    },
    "n_divergences": 0,
    "n_chains": 4,
    "n_samples_per_chain": 2000
  },
  "behavior": {
    "r_obs_vs_pred": -0.03996653760011623,
    "rmse": 45.40042017168659,
    "mae": 18.74456302752149,
    "n_trials": 193
  },
  "elapsed_seconds": 39.59507179260254
}