{
  "subject_idx": 74,
  "subject_id": "SP_084633",
  "is_patient": true,
  "condition": "changepoint",
  "n_trials": 194,
  "n_blocks": 2,
  "sub_blocks_avoid_seek": [
    0,
    1
  ],
  "mcmc_config": {
    "num_warmup": 2000,
    "num_samples": 2000,
    "num_chains": 4
  },
  "fit": {
    "dataset_idx": 74,
    "condition": "changepoint",
    "status": "PASS",
    "attempts": [
      {
        "attempt": 1,
        "num_warmup": 2000,
        "target_accept_prob": 0.95,
        "rhat_max": 1.0013957725426337,
        "ess_min": 4201.466527527858,
        "n_divergences": 0,
        "passes_rhat": true,
        "passes_ess": true,
        "passes_gate": true
      }
    ],
    "params": {
      "H": {
        "mean": 0.009508153423666954,
        "median": 0.008874733000993729,
        "sd": 0.0041008382104337215,
        "hdi_2.5": 0.0025844848714768887,
        "hdi_97.5": 0.01760486699640751,
        "rhat": 1.000878735839542,
        "ess_bulk": 4705.851443071127
      },
      "LW": {
        "mean": 0.07901158183813095,
        "median": 0.07876935601234436,
        "sd": 0.01880452409386635,
        "hdi_2.5": 0.04259895533323288,
        "hdi_97.5": 0.1142006516456604,
        "rhat": 1.0013957725426337,
        "ess_bulk": 4730.6310683335
      },
      "log_UU": {
        "mean": 1.0303034782409668,
        "median": 1.0152180194854736,
        "sd": 0.2252853959798813,
        "hdi_2.5": 0.608619213104248,
        "hdi_97.5": 1.4833359718322754,
        "rhat": 1.0008105204030482,
        "ess_bulk": 5303.263267239904
      },
      "sigma_motor": {
        "mean": 25.278409957885742,
        "median": 25.204193115234375,
        "sd": 1.8810420036315918,
        "hdi_2.5": 21.707611083984375,
        "hdi_97.5": 29.10272979736328,
        "rhat": 1.0007756291073213,
        "ess_bulk": 5000.558124420181
      },
      "sigma_LR": {
        "mean": 4.375092506408691,
        "median": 4.346223831176758,
        "sd": 0.6453235149383545,
        "hdi_2.5": 3.1460394859313965,
        "hdi_97.5": 5.650899887084961,
        "rhat": 1.0007051844461192,
        "ess_bulk": 5586.642308162377
      }
    },
    "n_divergences": 0,
    "n_chains": 4,
    "n_samples_per_chain": 2000
  },
  "behavior": {
    "r_obs_vs_pred": -0.3069774256971339,
    "rmse": 60.44333854126363,
    "mae": 26.29131783925267,
    "n_trials": 193
  },
  "elapsed_seconds": 31.05124068260193
}