{
  "subject_idx": 13,
  "subject_id": "SP_056507",
  "is_patient": true,
  "condition": "changepoint",
  "n_trials": 394,
  "n_blocks": 2,
  "sub_blocks_avoid_seek": [
    0,
    1
  ],
  "mcmc_config": {
    "num_warmup": 2000,
    "num_samples": 2000,
    "num_chains": 4
  },
  "fit": {
    "dataset_idx": 13,
    "condition": "changepoint",
    "status": "PASS",
    "attempts": [
      {
        "attempt": 1,
        "num_warmup": 2000,
        "target_accept_prob": 0.95,
        "rhat_max": 1.001712688437588,
        "ess_min": 4529.517083603622,
        "n_divergences": 0,
        "passes_rhat": true,
        "passes_ess": true,
        "passes_gate": true
      }
    ],
    "params": {
      "H": {
        "mean": 0.008443355560302734,
        "median": 0.008326693437993526,
        "sd": 0.001693008467555046,
        "hdi_2.5": 0.00528755784034729,
        "hdi_97.5": 0.011778436601161957,
        "rhat": 1.0002527630211533,
        "ess_bulk": 5537.206879803472
      },
      "LW": {
        "mean": 0.056607332080602646,
        "median": 0.056112006306648254,
        "sd": 0.0117545360699296,
        "hdi_2.5": 0.03445305675268173,
        "hdi_97.5": 0.08002934604883194,
        "rhat": 1.0011660010542285,
        "ess_bulk": 6411.318399405895
      },
      "log_UU": {
        "mean": 0.7903510928153992,
        "median": 0.7886266708374023,
        "sd": 0.09155963361263275,
        "hdi_2.5": 0.6076061129570007,
        "hdi_97.5": 0.9655053615570068,
        "rhat": 1.0006147669353644,
        "ess_bulk": 5612.941310502257
      },
      "sigma_motor": {
        "mean": 11.45128059387207,
        "median": 11.431896209716797,
        "sd": 0.7713240385055542,
        "hdi_2.5": 9.955835342407227,
        "hdi_97.5": 12.993144989013672,
        "rhat": 1.0000437388757877,
        "ess_bulk": 6437.854477652492
      },
      "sigma_LR": {
        "mean": 7.386225700378418,
        "median": 7.37482213973999,
        "sd": 0.5337890982627869,
        "hdi_2.5": 6.356614112854004,
        "hdi_97.5": 8.446000099182129,
        "rhat": 1.000369348129425,
        "ess_bulk": 5837.031656208452
      }
    },
    "n_divergences": 0,
    "n_chains": 4,
    "n_samples_per_chain": 2000
  },
  "behavior": {
    "r_obs_vs_pred": 0.03618097489425866,
    "rmse": 50.50587799761616,
    "mae": 21.703619694131078,
    "n_trials": 393
  },
  "elapsed_seconds": 115.59089946746826
}