{
  "subject_idx": 123,
  "subject_id": "SP_085511",
  "is_patient": false,
  "condition": "oddball",
  "n_trials": 194,
  "n_blocks": 2,
  "sub_blocks_avoid_seek": [
    2,
    3
  ],
  "mcmc_config": {
    "num_warmup": 2000,
    "num_samples": 2000,
    "num_chains": 4
  },
  "fit": {
    "dataset_idx": 123,
    "condition": "oddball",
    "status": "PASS",
    "attempts": [
      {
        "attempt": 1,
        "num_warmup": 2000,
        "target_accept_prob": 0.95,
        "rhat_max": 1.001308913257179,
        "ess_min": 5524.968132975489,
        "n_divergences": 0,
        "passes_rhat": true,
        "passes_ess": true,
        "passes_gate": true
      }
    ],
    "params": {
      "H": {
        "mean": 0.05111366882920265,
        "median": 0.03858022019267082,
        "sd": 0.045825861394405365,
        "hdi_2.5": 2.0750452677020803e-05,
        "hdi_97.5": 0.14537180960178375,
        "rhat": 1.0001831336365725,
        "ess_bulk": 6422.362259987844
      },
      "LW": {
        "mean": 0.6713942885398865,
        "median": 0.7098416090011597,
        "sd": 0.2278418093919754,
        "hdi_2.5": 0.24352966248989105,
        "hdi_97.5": 0.9999285936355591,
        "rhat": 1.0002415124933983,
        "ess_bulk": 7978.539544440308
      },
      "log_UU": {
        "mean": 4.1504130363464355,
        "median": 3.7300713062286377,
        "sd": 2.363333225250244,
        "hdi_2.5": 0.4204467535018921,
        "hdi_97.5": 8.80544662475586,
        "rhat": 1.001308913257179,
        "ess_bulk": 7499.311443017065
      },
      "sigma_motor": {
        "mean": 16.876859664916992,
        "median": 16.82818603515625,
        "sd": 0.8905158638954163,
        "hdi_2.5": 15.23580265045166,
        "hdi_97.5": 18.712568283081055,
        "rhat": 1.0009041633739109,
        "ess_bulk": 6721.447947435641
      },
      "sigma_LR": {
        "mean": 2.198044538497925,
        "median": 2.169191360473633,
        "sd": 0.7569790482521057,
        "hdi_2.5": 0.6997742056846619,
        "hdi_97.5": 3.652641773223877,
        "rhat": 1.000113683048966,
        "ess_bulk": 5524.968132975489
      }
    },
    "n_divergences": 0,
    "n_chains": 4,
    "n_samples_per_chain": 2000
  },
  "behavior": {
    "r_obs_vs_pred": -0.32680163922876915,
    "rmse": 17.841569322569917,
    "mae": 12.821531340187093,
    "n_trials": 193
  },
  "elapsed_seconds": 46.643558979034424
}