{
  "subject_idx": 26,
  "subject_id": "SP_070380",
  "is_patient": true,
  "condition": "changepoint",
  "n_trials": 194,
  "n_blocks": 2,
  "sub_blocks_avoid_seek": [
    0,
    1
  ],
  "mcmc_config": {
    "num_warmup": 2000,
    "num_samples": 2000,
    "num_chains": 4
  },
  "fit": {
    "dataset_idx": 26,
    "condition": "changepoint",
    "status": "PASS",
    "attempts": [
      {
        "attempt": 1,
        "num_warmup": 2000,
        "target_accept_prob": 0.95,
        "rhat_max": 1.001094778633708,
        "ess_min": 4492.5990812335785,
        "n_divergences": 0,
        "passes_rhat": true,
        "passes_ess": true,
        "passes_gate": true
      }
    ],
    "params": {
      "H": {
        "mean": 0.010368911549448967,
        "median": 0.009827995672821999,
        "sd": 0.003964183386415243,
        "hdi_2.5": 0.0035459978971630335,
        "hdi_97.5": 0.018242565914988518,
        "rhat": 1.0002225773846818,
        "ess_bulk": 4734.586958971828
      },
      "LW": {
        "mean": 0.06010778248310089,
        "median": 0.05737869068980217,
        "sd": 0.019722741097211838,
        "hdi_2.5": 0.02656666375696659,
        "hdi_97.5": 0.1011243686079979,
        "rhat": 1.0000424135885853,
        "ess_bulk": 4492.5990812335785
      },
      "log_UU": {
        "mean": 0.761408269405365,
        "median": 0.7541110515594482,
        "sd": 0.14940428733825684,
        "hdi_2.5": 0.4826502203941345,
        "hdi_97.5": 1.0589302778244019,
        "rhat": 1.0003741604094132,
        "ess_bulk": 5638.851785673212
      },
      "sigma_motor": {
        "mean": 17.034515380859375,
        "median": 16.969356536865234,
        "sd": 1.5125874280929565,
        "hdi_2.5": 14.21766185760498,
        "hdi_97.5": 20.12793731689453,
        "rhat": 1.0003281666852726,
        "ess_bulk": 6130.683175946779
      },
      "sigma_LR": {
        "mean": 4.652388095855713,
        "median": 4.622739315032959,
        "sd": 0.5525439977645874,
        "hdi_2.5": 3.5673980712890625,
        "hdi_97.5": 5.725799083709717,
        "rhat": 1.0007167736059734,
        "ess_bulk": 5949.365088393204
      }
    },
    "n_divergences": 0,
    "n_chains": 4,
    "n_samples_per_chain": 2000
  },
  "behavior": {
    "r_obs_vs_pred": 0.11245232661792784,
    "rmse": 50.10118059363339,
    "mae": 26.661802505437343,
    "n_trials": 193
  },
  "elapsed_seconds": 61.224987745285034
}