{
  "subject_idx": 102,
  "subject_id": "SP_063808",
  "is_patient": false,
  "condition": "changepoint",
  "n_trials": 194,
  "n_blocks": 2,
  "sub_blocks_avoid_seek": [
    0,
    1
  ],
  "mcmc_config": {
    "num_warmup": 2000,
    "num_samples": 2000,
    "num_chains": 4
  },
  "fit": {
    "dataset_idx": 102,
    "condition": "changepoint",
    "status": "PASS",
    "attempts": [
      {
        "attempt": 1,
        "num_warmup": 2000,
        "target_accept_prob": 0.95,
        "rhat_max": 1.0014205880965572,
        "ess_min": 3882.6270691559707,
        "n_divergences": 0,
        "passes_rhat": true,
        "passes_ess": true,
        "passes_gate": true
      }
    ],
    "params": {
      "H": {
        "mean": 0.017196768894791603,
        "median": 0.016195252537727356,
        "sd": 0.007003294304013252,
        "hdi_2.5": 0.0049665835686028,
        "hdi_97.5": 0.030771581456065178,
        "rhat": 1.0004480179144477,
        "ess_bulk": 4059.4157911621633
      },
      "LW": {
        "mean": 0.06569476425647736,
        "median": 0.06368817389011383,
        "sd": 0.020231664180755615,
        "hdi_2.5": 0.028864571824669838,
        "hdi_97.5": 0.10659623891115189,
        "rhat": 1.0007789731282677,
        "ess_bulk": 4382.684939230023
      },
      "log_UU": {
        "mean": 1.0120995044708252,
        "median": 1.0019903182983398,
        "sd": 0.24061864614486694,
        "hdi_2.5": 0.5656449794769287,
        "hdi_97.5": 1.5015149116516113,
        "rhat": 1.000597767367887,
        "ess_bulk": 4396.472675628265
      },
      "sigma_motor": {
        "mean": 28.111026763916016,
        "median": 28.003063201904297,
        "sd": 2.645052671432495,
        "hdi_2.5": 22.817134857177734,
        "hdi_97.5": 33.16914367675781,
        "rhat": 1.000451887082696,
        "ess_bulk": 4983.482552110459
      },
      "sigma_LR": {
        "mean": 4.079509258270264,
        "median": 4.063799858093262,
        "sd": 0.5962395668029785,
        "hdi_2.5": 2.890944480895996,
        "hdi_97.5": 5.255235195159912,
        "rhat": 1.0007273743165273,
        "ess_bulk": 5623.72461408524
      }
    },
    "n_divergences": 0,
    "n_chains": 4,
    "n_samples_per_chain": 2000
  },
  "behavior": {
    "r_obs_vs_pred": -0.05204958119942195,
    "rmse": 56.170554150349986,
    "mae": 38.29043616154689,
    "n_trials": 193
  },
  "elapsed_seconds": 68.40929365158081
}