{
  "subject_idx": 106,
  "subject_id": "SP_081718",
  "is_patient": false,
  "condition": "changepoint",
  "n_trials": 194,
  "n_blocks": 2,
  "sub_blocks_avoid_seek": [
    0,
    1
  ],
  "mcmc_config": {
    "num_warmup": 2000,
    "num_samples": 2000,
    "num_chains": 4
  },
  "fit": {
    "dataset_idx": 106,
    "condition": "changepoint",
    "status": "PASS",
    "attempts": [
      {
        "attempt": 1,
        "num_warmup": 2000,
        "target_accept_prob": 0.95,
        "rhat_max": 1.0011395892977424,
        "ess_min": 3967.237570411902,
        "n_divergences": 0,
        "passes_rhat": true,
        "passes_ess": true,
        "passes_gate": true
      }
    ],
    "params": {
      "H": {
        "mean": 0.007550437469035387,
        "median": 0.0072426809929311275,
        "sd": 0.0025265617296099663,
        "hdi_2.5": 0.0029129579197615385,
        "hdi_97.5": 0.012323528528213501,
        "rhat": 1.001084634947876,
        "ess_bulk": 4059.4555417741194
      },
      "LW": {
        "mean": 0.10880851745605469,
        "median": 0.10919065773487091,
        "sd": 0.016295215114951134,
        "hdi_2.5": 0.07803752273321152,
        "hdi_97.5": 0.14208464324474335,
        "rhat": 1.0007341990025684,
        "ess_bulk": 4467.549688819824
      },
      "log_UU": {
        "mean": 1.0187206268310547,
        "median": 1.0101571083068848,
        "sd": 0.18752874433994293,
        "hdi_2.5": 0.6680715084075928,
        "hdi_97.5": 1.391507863998413,
        "rhat": 1.000632658192157,
        "ess_bulk": 4749.985865236324
      },
      "sigma_motor": {
        "mean": 13.580524444580078,
        "median": 13.547584533691406,
        "sd": 1.2623485326766968,
        "hdi_2.5": 11.128046035766602,
        "hdi_97.5": 16.045711517333984,
        "rhat": 1.0006514508778008,
        "ess_bulk": 4396.012421169674
      },
      "sigma_LR": {
        "mean": 5.416820526123047,
        "median": 5.4005632400512695,
        "sd": 0.6925500631332397,
        "hdi_2.5": 4.044615745544434,
        "hdi_97.5": 6.71962833404541,
        "rhat": 1.0008163928178726,
        "ess_bulk": 4392.163304915679
      }
    },
    "n_divergences": 0,
    "n_chains": 4,
    "n_samples_per_chain": 2000
  },
  "behavior": {
    "r_obs_vs_pred": -0.06128782658320293,
    "rmse": 39.330067238905684,
    "mae": 14.485768154499945,
    "n_trials": 193
  },
  "elapsed_seconds": 29.96885657310486
}