{
  "subject_idx": 23,
  "subject_id": "SP_068804",
  "is_patient": true,
  "condition": "changepoint",
  "n_trials": 194,
  "n_blocks": 2,
  "sub_blocks_avoid_seek": [
    0,
    1
  ],
  "mcmc_config": {
    "num_warmup": 2000,
    "num_samples": 2000,
    "num_chains": 4
  },
  "fit": {
    "dataset_idx": 23,
    "condition": "changepoint",
    "status": "PASS",
    "attempts": [
      {
        "attempt": 1,
        "num_warmup": 2000,
        "target_accept_prob": 0.95,
        "rhat_max": 1.0009351576622174,
        "ess_min": 4242.554050601478,
        "n_divergences": 0,
        "passes_rhat": true,
        "passes_ess": true,
        "passes_gate": true
      }
    ],
    "params": {
      "H": {
        "mean": 0.010417579673230648,
        "median": 0.009988894686102867,
        "sd": 0.003181279869750142,
        "hdi_2.5": 0.004944810178130865,
        "hdi_97.5": 0.016799235716462135,
        "rhat": 1.00022627914432,
        "ess_bulk": 4341.586860109795
      },
      "LW": {
        "mean": 0.08639680594205856,
        "median": 0.08675383031368256,
        "sd": 0.013055156916379929,
        "hdi_2.5": 0.0603284053504467,
        "hdi_97.5": 0.11142631620168686,
        "rhat": 1.0009351576622174,
        "ess_bulk": 4389.356402204533
      },
      "log_UU": {
        "mean": 0.8045313954353333,
        "median": 0.797791063785553,
        "sd": 0.15193207561969757,
        "hdi_2.5": 0.5148869156837463,
        "hdi_97.5": 1.1061421632766724,
        "rhat": 1.000154233611465,
        "ess_bulk": 4836.729488115113
      },
      "sigma_motor": {
        "mean": 12.774532318115234,
        "median": 12.727104187011719,
        "sd": 1.091890573501587,
        "hdi_2.5": 10.638198852539062,
        "hdi_97.5": 14.923816680908203,
        "rhat": 1.0001150918313515,
        "ess_bulk": 5771.6820056405195
      },
      "sigma_LR": {
        "mean": 5.639975547790527,
        "median": 5.624874591827393,
        "sd": 0.5709817409515381,
        "hdi_2.5": 4.534635543823242,
        "hdi_97.5": 6.759858131408691,
        "rhat": 1.0006653169043624,
        "ess_bulk": 5486.9578715575735
      }
    },
    "n_divergences": 0,
    "n_chains": 4,
    "n_samples_per_chain": 2000
  },
  "behavior": {
    "r_obs_vs_pred": 0.10594931413805335,
    "rmse": 40.612699568072124,
    "mae": 19.898314601148194,
    "n_trials": 193
  },
  "elapsed_seconds": 60.2837336063385
}