{
  "subject_idx": 127,
  "subject_id": "SP_085645",
  "is_patient": false,
  "condition": "changepoint",
  "n_trials": 194,
  "n_blocks": 2,
  "sub_blocks_avoid_seek": [
    0,
    1
  ],
  "mcmc_config": {
    "num_warmup": 2000,
    "num_samples": 2000,
    "num_chains": 4
  },
  "fit": {
    "dataset_idx": 127,
    "condition": "changepoint",
    "status": "PASS",
    "attempts": [
      {
        "attempt": 1,
        "num_warmup": 2000,
        "target_accept_prob": 0.95,
        "rhat_max": 1.001259095753505,
        "ess_min": 4038.3856821286204,
        "n_divergences": 0,
        "passes_rhat": true,
        "passes_ess": true,
        "passes_gate": true
      }
    ],
    "params": {
      "H": {
        "mean": 0.010920906439423561,
        "median": 0.010527568869292736,
        "sd": 0.0032559558749198914,
        "hdi_2.5": 0.005110777448862791,
        "hdi_97.5": 0.017450086772441864,
        "rhat": 1.000527872391736,
        "ess_bulk": 4529.783811172741
      },
      "LW": {
        "mean": 0.08934398740530014,
        "median": 0.0896892100572586,
        "sd": 0.01386350579559803,
        "hdi_2.5": 0.06077493727207184,
        "hdi_97.5": 0.11519549787044525,
        "rhat": 1.0005377630685066,
        "ess_bulk": 4874.007439961733
      },
      "log_UU": {
        "mean": 0.998616099357605,
        "median": 0.9876918792724609,
        "sd": 0.17845948040485382,
        "hdi_2.5": 0.646769106388092,
        "hdi_97.5": 1.3445382118225098,
        "rhat": 1.0006696137933646,
        "ess_bulk": 4814.205450871852
      },
      "sigma_motor": {
        "mean": 13.936040878295898,
        "median": 13.87753677368164,
        "sd": 1.1775915622711182,
        "hdi_2.5": 11.705097198486328,
        "hdi_97.5": 16.335636138916016,
        "rhat": 1.0002228527730948,
        "ess_bulk": 4851.073683256331
      },
      "sigma_LR": {
        "mean": 5.467567443847656,
        "median": 5.446021556854248,
        "sd": 0.571964681148529,
        "hdi_2.5": 4.340773582458496,
        "hdi_97.5": 6.571179389953613,
        "rhat": 1.0005235407876618,
        "ess_bulk": 4773.810577347376
      }
    },
    "n_divergences": 0,
    "n_chains": 4,
    "n_samples_per_chain": 2000
  },
  "behavior": {
    "r_obs_vs_pred": 0.011677771446243709,
    "rmse": 36.951815613417864,
    "mae": 17.415103812716477,
    "n_trials": 193
  },
  "elapsed_seconds": 48.527424335479736
}