{
  "subject_idx": 59,
  "subject_id": "SP_064541",
  "is_patient": true,
  "condition": "oddball",
  "n_trials": 194,
  "n_blocks": 2,
  "sub_blocks_avoid_seek": [
    2,
    3
  ],
  "mcmc_config": {
    "num_warmup": 2000,
    "num_samples": 2000,
    "num_chains": 4
  },
  "fit": {
    "dataset_idx": 59,
    "condition": "oddball",
    "status": "PASS",
    "attempts": [
      {
        "attempt": 1,
        "num_warmup": 2000,
        "target_accept_prob": 0.95,
        "rhat_max": 1.001105198270066,
        "ess_min": 3889.2147746400888,
        "n_divergences": 0,
        "passes_rhat": true,
        "passes_ess": true,
        "passes_gate": true
      }
    ],
    "params": {
      "H": {
        "mean": 0.05564357340335846,
        "median": 0.04137443006038666,
        "sd": 0.050765834748744965,
        "hdi_2.5": 4.342509055277333e-05,
        "hdi_97.5": 0.15731187164783478,
        "rhat": 1.0008813964489685,
        "ess_bulk": 5512.254648003151
      },
      "LW": {
        "mean": 0.665176510810852,
        "median": 0.7015985250473022,
        "sd": 0.23367513716220856,
        "hdi_2.5": 0.2290511429309845,
        "hdi_97.5": 0.9999507665634155,
        "rhat": 1.000137317995833,
        "ess_bulk": 6968.696467535233
      },
      "log_UU": {
        "mean": 3.814431667327881,
        "median": 3.427924633026123,
        "sd": 2.4336307048797607,
        "hdi_2.5": 0.09779512137174606,
        "hdi_97.5": 8.518593788146973,
        "rhat": 1.0004592801623264,
        "ess_bulk": 6788.301627337761
      },
      "sigma_motor": {
        "mean": 43.976593017578125,
        "median": 43.906898498535156,
        "sd": 1.9906619787216187,
        "hdi_2.5": 40.29824447631836,
        "hdi_97.5": 47.98980712890625,
        "rhat": 1.0003026392828847,
        "ess_bulk": 6879.167014134551
      },
      "sigma_LR": {
        "mean": 0.7550790905952454,
        "median": 0.6288844347000122,
        "sd": 0.5792204141616821,
        "hdi_2.5": 0.0003494600532576442,
        "hdi_97.5": 1.888434648513794,
        "rhat": 1.0003500255092939,
        "ess_bulk": 3889.2147746400888
      }
    },
    "n_divergences": 0,
    "n_chains": 4,
    "n_samples_per_chain": 2000
  },
  "behavior": {
    "r_obs_vs_pred": -0.08514785694696275,
    "rmse": 45.99952659070854,
    "mae": 25.15188030081615,
    "n_trials": 193
  },
  "elapsed_seconds": 67.00961017608643
}