{
  "subject_idx": 48,
  "subject_id": "SP_018966",
  "is_patient": true,
  "condition": "changepoint",
  "n_trials": 194,
  "n_blocks": 2,
  "sub_blocks_avoid_seek": [
    0,
    1
  ],
  "mcmc_config": {
    "num_warmup": 2000,
    "num_samples": 2000,
    "num_chains": 4
  },
  "fit": {
    "dataset_idx": 48,
    "condition": "changepoint",
    "status": "PASS",
    "attempts": [
      {
        "attempt": 1,
        "num_warmup": 2000,
        "target_accept_prob": 0.95,
        "rhat_max": 1.0012788730529643,
        "ess_min": 3074.839129488536,
        "n_divergences": 0,
        "passes_rhat": true,
        "passes_ess": true,
        "passes_gate": true
      }
    ],
    "params": {
      "H": {
        "mean": 0.008659490384161472,
        "median": 0.007140808273106813,
        "sd": 0.0065137543715536594,
        "hdi_2.5": 9.273170144297183e-05,
        "hdi_97.5": 0.021358560770750046,
        "rhat": 1.000643140756081,
        "ess_bulk": 3245.85477352986
      },
      "LW": {
        "mean": 0.06111692637205124,
        "median": 0.05681764334440231,
        "sd": 0.02462003193795681,
        "hdi_2.5": 0.01686929352581501,
        "hdi_97.5": 0.10991732776165009,
        "rhat": 1.000546932950225,
        "ess_bulk": 3074.839129488536
      },
      "log_UU": {
        "mean": 1.2458901405334473,
        "median": 1.2069675922393799,
        "sd": 0.43546268343925476,
        "hdi_2.5": 0.4182940423488617,
        "hdi_97.5": 2.061192035675049,
        "rhat": 1.0002014690132388,
        "ess_bulk": 4138.053161472443
      },
      "sigma_motor": {
        "mean": 28.16806411743164,
        "median": 28.129379272460938,
        "sd": 1.9472352266311646,
        "hdi_2.5": 24.42531394958496,
        "hdi_97.5": 32.076080322265625,
        "rhat": 1.000434350487962,
        "ess_bulk": 3939.1170620897574
      },
      "sigma_LR": {
        "mean": 2.314800262451172,
        "median": 2.2740869522094727,
        "sd": 0.5213626027107239,
        "hdi_2.5": 1.3818089962005615,
        "hdi_97.5": 3.3911352157592773,
        "rhat": 1.0006095141895777,
        "ess_bulk": 4310.869412986953
      }
    },
    "n_divergences": 0,
    "n_chains": 4,
    "n_samples_per_chain": 2000
  },
  "behavior": {
    "r_obs_vs_pred": -0.2512479055293569,
    "rmse": 49.5228540758027,
    "mae": 29.05087124537966,
    "n_trials": 193
  },
  "elapsed_seconds": 117.48561024665833
}