{
  "subject_idx": 31,
  "subject_id": "SP_079233",
  "is_patient": true,
  "condition": "changepoint",
  "n_trials": 194,
  "n_blocks": 2,
  "sub_blocks_avoid_seek": [
    0,
    1
  ],
  "mcmc_config": {
    "num_warmup": 2000,
    "num_samples": 2000,
    "num_chains": 4
  },
  "fit": {
    "dataset_idx": 31,
    "condition": "changepoint",
    "status": "PASS",
    "attempts": [
      {
        "attempt": 1,
        "num_warmup": 2000,
        "target_accept_prob": 0.95,
        "rhat_max": 1.001709675107074,
        "ess_min": 4549.532217693737,
        "n_divergences": 0,
        "passes_rhat": true,
        "passes_ess": true,
        "passes_gate": true
      }
    ],
    "params": {
      "H": {
        "mean": 0.010685358196496964,
        "median": 0.00988934375345707,
        "sd": 0.005123202223330736,
        "hdi_2.5": 0.002196261193603277,
        "hdi_97.5": 0.020753266289830208,
        "rhat": 1.0002703666000026,
        "ess_bulk": 4604.80366622465
      },
      "LW": {
        "mean": 0.06325442343950272,
        "median": 0.0613940954208374,
        "sd": 0.01748962327837944,
        "hdi_2.5": 0.029834093526005745,
        "hdi_97.5": 0.09800030291080475,
        "rhat": 1.000329890900458,
        "ess_bulk": 5287.902777366189
      },
      "log_UU": {
        "mean": 1.1408262252807617,
        "median": 1.1271378993988037,
        "sd": 0.25371652841567993,
        "hdi_2.5": 0.661846399307251,
        "hdi_97.5": 1.6470813751220703,
        "rhat": 1.000384622028969,
        "ess_bulk": 5356.681510748729
      },
      "sigma_motor": {
        "mean": 26.54441261291504,
        "median": 26.4735107421875,
        "sd": 2.0204200744628906,
        "hdi_2.5": 22.624557495117188,
        "hdi_97.5": 30.500743865966797,
        "rhat": 1.0011090379472927,
        "ess_bulk": 5682.057545791361
      },
      "sigma_LR": {
        "mean": 4.376550674438477,
        "median": 4.356276988983154,
        "sd": 0.5991597771644592,
        "hdi_2.5": 3.2543771266937256,
        "hdi_97.5": 5.590741157531738,
        "rhat": 1.0003490525454997,
        "ess_bulk": 5535.915287809758
      }
    },
    "n_divergences": 0,
    "n_chains": 4,
    "n_samples_per_chain": 2000
  },
  "behavior": {
    "r_obs_vs_pred": -0.08820051399782874,
    "rmse": 54.39504747889876,
    "mae": 30.50867949071017,
    "n_trials": 193
  },
  "elapsed_seconds": 29.94295883178711
}