{
  "subject_idx": 121,
  "subject_id": "SP_085421",
  "is_patient": false,
  "condition": "changepoint",
  "n_trials": 194,
  "n_blocks": 2,
  "sub_blocks_avoid_seek": [
    0,
    1
  ],
  "mcmc_config": {
    "num_warmup": 2000,
    "num_samples": 2000,
    "num_chains": 4
  },
  "fit": {
    "dataset_idx": 121,
    "condition": "changepoint",
    "status": "PASS",
    "attempts": [
      {
        "attempt": 1,
        "num_warmup": 2000,
        "target_accept_prob": 0.95,
        "rhat_max": 1.005117919750805,
        "ess_min": 1735.6135889013037,
        "n_divergences": 0,
        "passes_rhat": true,
        "passes_ess": true,
        "passes_gate": true
      }
    ],
    "params": {
      "H": {
        "mean": 0.008756443858146667,
        "median": 0.007087872363626957,
        "sd": 0.0068276869133114815,
        "hdi_2.5": 4.5710388803854585e-05,
        "hdi_97.5": 0.02244224026799202,
        "rhat": 1.003261217671882,
        "ess_bulk": 2077.0984137935934
      },
      "LW": {
        "mean": 0.32308000326156616,
        "median": 0.3077138066291809,
        "sd": 0.15599998831748962,
        "hdi_2.5": 0.05220818892121315,
        "hdi_97.5": 0.6147342920303345,
        "rhat": 1.0050997940984512,
        "ess_bulk": 1735.6135889013037
      },
      "log_UU": {
        "mean": 1.108034610748291,
        "median": 1.0795403718948364,
        "sd": 0.31812915205955505,
        "hdi_2.5": 0.5488854050636292,
        "hdi_97.5": 1.76592218875885,
        "rhat": 1.00060188865043,
        "ess_bulk": 3454.578740600633
      },
      "sigma_motor": {
        "mean": 24.36411476135254,
        "median": 24.30215072631836,
        "sd": 1.659388780593872,
        "hdi_2.5": 21.275829315185547,
        "hdi_97.5": 27.73488426208496,
        "rhat": 1.0005586682166385,
        "ess_bulk": 4544.978194340747
      },
      "sigma_LR": {
        "mean": 2.7829504013061523,
        "median": 2.75656795501709,
        "sd": 0.5780158042907715,
        "hdi_2.5": 1.6725014448165894,
        "hdi_97.5": 3.895162343978882,
        "rhat": 1.0012376080556438,
        "ess_bulk": 4104.276118782383
      }
    },
    "n_divergences": 0,
    "n_chains": 4,
    "n_samples_per_chain": 2000
  },
  "behavior": {
    "r_obs_vs_pred": -0.06263185595094525,
    "rmse": 52.65050362501107,
    "mae": 27.5275395160705,
    "n_trials": 193
  },
  "elapsed_seconds": 82.42493510246277
}