{
  "subject_idx": 104,
  "subject_id": "SP_080730",
  "is_patient": false,
  "condition": "changepoint",
  "n_trials": 194,
  "n_blocks": 2,
  "sub_blocks_avoid_seek": [
    0,
    1
  ],
  "mcmc_config": {
    "num_warmup": 2000,
    "num_samples": 2000,
    "num_chains": 4
  },
  "fit": {
    "dataset_idx": 104,
    "condition": "changepoint",
    "status": "PASS",
    "attempts": [
      {
        "attempt": 1,
        "num_warmup": 2000,
        "target_accept_prob": 0.95,
        "rhat_max": 1.0009675395844526,
        "ess_min": 3825.3825644249328,
        "n_divergences": 0,
        "passes_rhat": true,
        "passes_ess": true,
        "passes_gate": true
      }
    ],
    "params": {
      "H": {
        "mean": 0.00763848377391696,
        "median": 0.007339494302868843,
        "sd": 0.002340186620131135,
        "hdi_2.5": 0.003524207044392824,
        "hdi_97.5": 0.012286699377000332,
        "rhat": 1.000899015063402,
        "ess_bulk": 4051.433108387342
      },
      "LW": {
        "mean": 0.11812514066696167,
        "median": 0.117627814412117,
        "sd": 0.008254298008978367,
        "hdi_2.5": 0.10222039371728897,
        "hdi_97.5": 0.1337559074163437,
        "rhat": 1.0004735374194262,
        "ess_bulk": 3914.7224084893137
      },
      "log_UU": {
        "mean": 0.8909664154052734,
        "median": 0.8859836459159851,
        "sd": 0.1449962556362152,
        "hdi_2.5": 0.596646785736084,
        "hdi_97.5": 1.1649694442749023,
        "rhat": 1.0005575693603548,
        "ess_bulk": 4638.4345621296625
      },
      "sigma_motor": {
        "mean": 10.981131553649902,
        "median": 10.928791046142578,
        "sd": 0.9406862854957581,
        "hdi_2.5": 9.230792999267578,
        "hdi_97.5": 12.914485931396484,
        "rhat": 1.000751142674634,
        "ess_bulk": 5140.502518848419
      },
      "sigma_LR": {
        "mean": 5.934797286987305,
        "median": 5.9237542152404785,
        "sd": 0.522832989692688,
        "hdi_2.5": 4.943524360656738,
        "hdi_97.5": 6.9660868644714355,
        "rhat": 1.0005283747263825,
        "ess_bulk": 4920.030660539715
      }
    },
    "n_divergences": 0,
    "n_chains": 4,
    "n_samples_per_chain": 2000
  },
  "behavior": {
    "r_obs_vs_pred": 0.017725129911788033,
    "rmse": 50.459193213201736,
    "mae": 22.62320010704254,
    "n_trials": 193
  },
  "elapsed_seconds": 47.46309208869934
}