{
  "subject_idx": 11,
  "subject_id": "SP_054371",
  "is_patient": true,
  "condition": "oddball",
  "n_trials": 194,
  "n_blocks": 2,
  "sub_blocks_avoid_seek": [
    2,
    3
  ],
  "mcmc_config": {
    "num_warmup": 2000,
    "num_samples": 2000,
    "num_chains": 4
  },
  "fit": {
    "dataset_idx": 11,
    "condition": "oddball",
    "status": "PASS",
    "attempts": [
      {
        "attempt": 1,
        "num_warmup": 2000,
        "target_accept_prob": 0.95,
        "rhat_max": 1.0016856695927763,
        "ess_min": 2705.519674295522,
        "n_divergences": 0,
        "passes_rhat": true,
        "passes_ess": true,
        "passes_gate": true
      }
    ],
    "params": {
      "H": {
        "mean": 0.14893198013305664,
        "median": 0.13729539513587952,
        "sd": 0.09245210140943527,
        "hdi_2.5": 2.1323976397980005e-05,
        "hdi_97.5": 0.3167663514614105,
        "rhat": 1.0009957761829937,
        "ess_bulk": 3065.0709641437243
      },
      "LW": {
        "mean": 0.22071360051631927,
        "median": 0.20642361044883728,
        "sd": 0.09199431538581848,
        "hdi_2.5": 0.06834886223077774,
        "hdi_97.5": 0.3979201018810272,
        "rhat": 1.0008906584500303,
        "ess_bulk": 2705.519674295522
      },
      "log_UU": {
        "mean": 0.08528853952884674,
        "median": 0.08303958177566528,
        "sd": 0.03592272475361824,
        "hdi_2.5": 0.020428327843546867,
        "hdi_97.5": 0.15511131286621094,
        "rhat": 1.0006240800160704,
        "ess_bulk": 4101.410323611768
      },
      "sigma_motor": {
        "mean": 6.603990077972412,
        "median": 6.5851850509643555,
        "sd": 0.4344630837440491,
        "hdi_2.5": 5.72410249710083,
        "hdi_97.5": 7.428673267364502,
        "rhat": 1.0016179677017083,
        "ess_bulk": 4880.621564403736
      },
      "sigma_LR": {
        "mean": 1.809231162071228,
        "median": 1.7649141550064087,
        "sd": 0.43455857038497925,
        "hdi_2.5": 1.0092872381210327,
        "hdi_97.5": 2.664804458618164,
        "rhat": 1.0000636749213259,
        "ess_bulk": 4963.908501424921
      }
    },
    "n_divergences": 0,
    "n_chains": 4,
    "n_samples_per_chain": 2000
  },
  "behavior": {
    "r_obs_vs_pred": -0.21117676687773668,
    "rmse": 9.919177595339928,
    "mae": 4.824733486766999,
    "n_trials": 193
  },
  "elapsed_seconds": 36.81842613220215
}