{
  "subject_idx": 83,
  "subject_id": "SP_088650",
  "is_patient": true,
  "condition": "oddball",
  "n_trials": 194,
  "n_blocks": 2,
  "sub_blocks_avoid_seek": [
    2,
    3
  ],
  "mcmc_config": {
    "num_warmup": 2000,
    "num_samples": 2000,
    "num_chains": 4
  },
  "fit": {
    "dataset_idx": 83,
    "condition": "oddball",
    "status": "PASS",
    "attempts": [
      {
        "attempt": 1,
        "num_warmup": 2000,
        "target_accept_prob": 0.95,
        "rhat_max": 1.000964959282501,
        "ess_min": 5896.6787158961615,
        "n_divergences": 0,
        "passes_rhat": true,
        "passes_ess": true,
        "passes_gate": true
      }
    ],
    "params": {
      "H": {
        "mean": 0.056544478982686996,
        "median": 0.04202968627214432,
        "sd": 0.050905048847198486,
        "hdi_2.5": 2.1314846890163608e-05,
        "hdi_97.5": 0.16006650030612946,
        "rhat": 1.0004564224233536,
        "ess_bulk": 6583.1994307003415
      },
      "LW": {
        "mean": 0.6710662841796875,
        "median": 0.7090858221054077,
        "sd": 0.2334420382976532,
        "hdi_2.5": 0.2333812713623047,
        "hdi_97.5": 0.9997857213020325,
        "rhat": 1.0003544509048805,
        "ess_bulk": 7287.064563093984
      },
      "log_UU": {
        "mean": 3.097792625427246,
        "median": 2.4554860591888428,
        "sd": 2.401703357696533,
        "hdi_2.5": 0.014633280225098133,
        "hdi_97.5": 7.993000030517578,
        "rhat": 1.0003716606181654,
        "ess_bulk": 7477.21427207447
      },
      "sigma_motor": {
        "mean": 19.445491790771484,
        "median": 19.396259307861328,
        "sd": 0.9975858330726624,
        "hdi_2.5": 17.498003005981445,
        "hdi_97.5": 21.393695831298828,
        "rhat": 1.000129345824807,
        "ess_bulk": 8176.145737581914
      },
      "sigma_LR": {
        "mean": 1.3186843395233154,
        "median": 1.2422246932983398,
        "sd": 0.5705769062042236,
        "hdi_2.5": 0.3160282373428345,
        "hdi_97.5": 2.4755194187164307,
        "rhat": 1.0003274883673152,
        "ess_bulk": 6356.114323779445
      }
    },
    "n_divergences": 0,
    "n_chains": 4,
    "n_samples_per_chain": 2000
  },
  "behavior": {
    "r_obs_vs_pred": -0.23152503810245129,
    "rmse": 20.452007947978196,
    "mae": 16.599233105245965,
    "n_trials": 193
  },
  "elapsed_seconds": 29.029025554656982
}