{
  "subject_idx": 38,
  "subject_id": "SP_082563",
  "is_patient": true,
  "condition": "changepoint",
  "n_trials": 194,
  "n_blocks": 2,
  "sub_blocks_avoid_seek": [
    0,
    1
  ],
  "mcmc_config": {
    "num_warmup": 2000,
    "num_samples": 2000,
    "num_chains": 4
  },
  "fit": {
    "dataset_idx": 38,
    "condition": "changepoint",
    "status": "PASS",
    "attempts": [
      {
        "attempt": 1,
        "num_warmup": 2000,
        "target_accept_prob": 0.95,
        "rhat_max": 1.0007778311086422,
        "ess_min": 4736.118657627026,
        "n_divergences": 0,
        "passes_rhat": true,
        "passes_ess": true,
        "passes_gate": true
      }
    ],
    "params": {
      "H": {
        "mean": 0.009365241043269634,
        "median": 0.008721441961824894,
        "sd": 0.0038020205684006214,
        "hdi_2.5": 0.0029186028987169266,
        "hdi_97.5": 0.016988135874271393,
        "rhat": 1.0006043364852262,
        "ess_bulk": 4800.180201141682
      },
      "LW": {
        "mean": 0.07432147860527039,
        "median": 0.07322989404201508,
        "sd": 0.0172354057431221,
        "hdi_2.5": 0.04101518541574478,
        "hdi_97.5": 0.10689794272184372,
        "rhat": 1.0005613196119336,
        "ess_bulk": 5608.957014551447
      },
      "log_UU": {
        "mean": 1.1464123725891113,
        "median": 1.1393479108810425,
        "sd": 0.20611630380153656,
        "hdi_2.5": 0.7476075887680054,
        "hdi_97.5": 1.54795503616333,
        "rhat": 1.0000495240356713,
        "ess_bulk": 5723.493291127434
      },
      "sigma_motor": {
        "mean": 19.74531364440918,
        "median": 19.679851531982422,
        "sd": 1.605857014656067,
        "hdi_2.5": 16.626569747924805,
        "hdi_97.5": 22.877696990966797,
        "rhat": 1.0004751493788837,
        "ess_bulk": 6676.119436003829
      },
      "sigma_LR": {
        "mean": 4.289008617401123,
        "median": 4.267941951751709,
        "sd": 0.5080339908599854,
        "hdi_2.5": 3.3352627754211426,
        "hdi_97.5": 5.29410982131958,
        "rhat": 1.000391537904026,
        "ess_bulk": 6293.70039907982
      }
    },
    "n_divergences": 0,
    "n_chains": 4,
    "n_samples_per_chain": 2000
  },
  "behavior": {
    "r_obs_vs_pred": -0.023496997397406516,
    "rmse": 52.26966199163208,
    "mae": 26.85539943545362,
    "n_trials": 193
  },
  "elapsed_seconds": 31.350655555725098
}