{
  "subject_idx": 87,
  "subject_id": "SP_089087",
  "is_patient": true,
  "condition": "oddball",
  "n_trials": 194,
  "n_blocks": 2,
  "sub_blocks_avoid_seek": [
    2,
    3
  ],
  "mcmc_config": {
    "num_warmup": 2000,
    "num_samples": 2000,
    "num_chains": 4
  },
  "fit": {
    "dataset_idx": 87,
    "condition": "oddball",
    "status": "PASS",
    "attempts": [
      {
        "attempt": 1,
        "num_warmup": 2000,
        "target_accept_prob": 0.95,
        "rhat_max": 1.001454134948123,
        "ess_min": 3035.975756394242,
        "n_divergences": 0,
        "passes_rhat": true,
        "passes_ess": true,
        "passes_gate": true
      }
    ],
    "params": {
      "H": {
        "mean": 0.06254827976226807,
        "median": 0.0490509569644928,
        "sd": 0.052184056490659714,
        "hdi_2.5": 4.611327767634066e-06,
        "hdi_97.5": 0.165465846657753,
        "rhat": 1.0006509669028572,
        "ess_bulk": 5429.185022634497
      },
      "LW": {
        "mean": 0.7109335660934448,
        "median": 0.7619042992591858,
        "sd": 0.22484730184078217,
        "hdi_2.5": 0.25511255860328674,
        "hdi_97.5": 0.9999003410339355,
        "rhat": 1.000622040564372,
        "ess_bulk": 5629.328388196891
      },
      "log_UU": {
        "mean": 3.794356346130371,
        "median": 3.4266092777252197,
        "sd": 2.514516592025757,
        "hdi_2.5": 0.023280292749404907,
        "hdi_97.5": 8.521905899047852,
        "rhat": 1.001451763507829,
        "ess_bulk": 4802.422595546142
      },
      "sigma_motor": {
        "mean": 51.16822052001953,
        "median": 51.09429168701172,
        "sd": 2.3231050968170166,
        "hdi_2.5": 46.796302795410156,
        "hdi_97.5": 55.794464111328125,
        "rhat": 0.9999717910253738,
        "ess_bulk": 6411.616712158996
      },
      "sigma_LR": {
        "mean": 0.850702702999115,
        "median": 0.7449960112571716,
        "sd": 0.6086533069610596,
        "hdi_2.5": 0.000333022209815681,
        "hdi_97.5": 2.011420726776123,
        "rhat": 1.0014331694244267,
        "ess_bulk": 3035.975756394242
      }
    },
    "n_divergences": 0,
    "n_chains": 4,
    "n_samples_per_chain": 2000
  },
  "behavior": {
    "r_obs_vs_pred": -0.1146401631699822,
    "rmse": 54.64356347060782,
    "mae": 29.323769765440545,
    "n_trials": 193
  },
  "elapsed_seconds": 55.4863076210022
}