{
  "subject_idx": 128,
  "subject_id": "SP_085713",
  "is_patient": false,
  "condition": "oddball",
  "n_trials": 194,
  "n_blocks": 2,
  "sub_blocks_avoid_seek": [
    2,
    3
  ],
  "mcmc_config": {
    "num_warmup": 2000,
    "num_samples": 2000,
    "num_chains": 4
  },
  "fit": {
    "dataset_idx": 128,
    "condition": "oddball",
    "status": "PASS",
    "attempts": [
      {
        "attempt": 1,
        "num_warmup": 2000,
        "target_accept_prob": 0.95,
        "rhat_max": 1.0014521263788068,
        "ess_min": 3256.3779485373457,
        "n_divergences": 0,
        "passes_rhat": true,
        "passes_ess": true,
        "passes_gate": true
      }
    ],
    "params": {
      "H": {
        "mean": 0.050037018954753876,
        "median": 0.03619071841239929,
        "sd": 0.04654378816485405,
        "hdi_2.5": 0.00010541026131249964,
        "hdi_97.5": 0.1457279771566391,
        "rhat": 1.00035691404725,
        "ess_bulk": 5677.6887755466205
      },
      "LW": {
        "mean": 0.6658382415771484,
        "median": 0.7112252116203308,
        "sd": 0.23819616436958313,
        "hdi_2.5": 0.21359050273895264,
        "hdi_97.5": 0.9995154142379761,
        "rhat": 1.0001419533905311,
        "ess_bulk": 5552.315979931595
      },
      "log_UU": {
        "mean": 3.9354405403137207,
        "median": 3.637655258178711,
        "sd": 2.504620313644409,
        "hdi_2.5": 5.9894551668548957e-05,
        "hdi_97.5": 8.598221778869629,
        "rhat": 1.0006859940491268,
        "ess_bulk": 4602.268378263597
      },
      "sigma_motor": {
        "mean": 27.228715896606445,
        "median": 27.18733024597168,
        "sd": 1.4306683540344238,
        "hdi_2.5": 24.56827163696289,
        "hdi_97.5": 30.1135196685791,
        "rhat": 1.0009379052408014,
        "ess_bulk": 4793.3495717770365
      },
      "sigma_LR": {
        "mean": 1.848657488822937,
        "median": 1.8255709409713745,
        "sd": 0.8417961001396179,
        "hdi_2.5": 0.16327424347400665,
        "hdi_97.5": 3.4088551998138428,
        "rhat": 1.0014521263788068,
        "ess_bulk": 3855.001893876119
      }
    },
    "n_divergences": 0,
    "n_chains": 4,
    "n_samples_per_chain": 2000
  },
  "behavior": {
    "r_obs_vs_pred": 0.25024842650557366,
    "rmse": 28.49990052859332,
    "mae": 19.18165069371806,
    "n_trials": 193
  },
  "elapsed_seconds": 66.76107168197632
}