{
  "subject_idx": 133,
  "subject_id": "SP_086332",
  "is_patient": false,
  "condition": "oddball",
  "n_trials": 194,
  "n_blocks": 2,
  "sub_blocks_avoid_seek": [
    2,
    3
  ],
  "mcmc_config": {
    "num_warmup": 2000,
    "num_samples": 2000,
    "num_chains": 4
  },
  "fit": {
    "dataset_idx": 133,
    "condition": "oddball",
    "status": "PASS",
    "attempts": [
      {
        "attempt": 1,
        "num_warmup": 2000,
        "target_accept_prob": 0.95,
        "rhat_max": 1.0018274197664967,
        "ess_min": 2725.1642916875535,
        "n_divergences": 0,
        "passes_rhat": true,
        "passes_ess": true,
        "passes_gate": true
      }
    ],
    "params": {
      "H": {
        "mean": 0.25860002636909485,
        "median": 0.26043373346328735,
        "sd": 0.08135785162448883,
        "hdi_2.5": 0.08747922629117966,
        "hdi_97.5": 0.41511863470077515,
        "rhat": 1.0009808886801188,
        "ess_bulk": 3353.496687560244
      },
      "LW": {
        "mean": 0.17356592416763306,
        "median": 0.16677378118038177,
        "sd": 0.057959798723459244,
        "hdi_2.5": 0.07134842872619629,
        "hdi_97.5": 0.2790767550468445,
        "rhat": 1.001735502482399,
        "ess_bulk": 2725.1642916875535
      },
      "log_UU": {
        "mean": 0.003821349237114191,
        "median": 0.0026309930253773928,
        "sd": 0.003892447566613555,
        "hdi_2.5": 1.4865979665046325e-06,
        "hdi_97.5": 0.011472300626337528,
        "rhat": 1.0004475752866366,
        "ess_bulk": 3838.6835907022255
      },
      "sigma_motor": {
        "mean": 8.205119132995605,
        "median": 8.169708251953125,
        "sd": 0.9134514927864075,
        "hdi_2.5": 6.511469841003418,
        "hdi_97.5": 10.065245628356934,
        "rhat": 1.0010910511550004,
        "ess_bulk": 3851.447784375409
      },
      "sigma_LR": {
        "mean": 2.873558521270752,
        "median": 2.851998805999756,
        "sd": 0.4839094579219818,
        "hdi_2.5": 1.9122505187988281,
        "hdi_97.5": 3.793999671936035,
        "rhat": 1.000769679758826,
        "ess_bulk": 4076.2916583935776
      }
    },
    "n_divergences": 0,
    "n_chains": 4,
    "n_samples_per_chain": 2000
  },
  "behavior": {
    "r_obs_vs_pred": -0.11562286857406202,
    "rmse": 16.35208530428634,
    "mae": 8.810544160025803,
    "n_trials": 193
  },
  "elapsed_seconds": 48.31980609893799
}