{
  "subject_idx": 66,
  "subject_id": "SP_081898",
  "is_patient": true,
  "condition": "changepoint",
  "n_trials": 194,
  "n_blocks": 2,
  "sub_blocks_avoid_seek": [
    0,
    1
  ],
  "mcmc_config": {
    "num_warmup": 2000,
    "num_samples": 2000,
    "num_chains": 4
  },
  "fit": {
    "dataset_idx": 66,
    "condition": "changepoint",
    "status": "PASS",
    "attempts": [
      {
        "attempt": 1,
        "num_warmup": 2000,
        "target_accept_prob": 0.95,
        "rhat_max": 1.001633739784696,
        "ess_min": 2498.8780512655694,
        "n_divergences": 0,
        "passes_rhat": true,
        "passes_ess": true,
        "passes_gate": true
      }
    ],
    "params": {
      "H": {
        "mean": 0.0020462516695261,
        "median": 0.001497904071584344,
        "sd": 0.0019078315235674381,
        "hdi_2.5": 1.4619811281590955e-06,
        "hdi_97.5": 0.0057607353664934635,
        "rhat": 1.0007384185484183,
        "ess_bulk": 2774.245625256545
      },
      "LW": {
        "mean": 0.23743033409118652,
        "median": 0.23407892882823944,
        "sd": 0.031354594975709915,
        "hdi_2.5": 0.17984992265701294,
        "hdi_97.5": 0.2976311147212982,
        "rhat": 1.0009753374584305,
        "ess_bulk": 2498.8780512655694
      },
      "log_UU": {
        "mean": 0.8850831389427185,
        "median": 0.8699770569801331,
        "sd": 0.22964218258857727,
        "hdi_2.5": 0.4761607050895691,
        "hdi_97.5": 1.3514478206634521,
        "rhat": 1.0010548423379235,
        "ess_bulk": 3936.7039406585523
      },
      "sigma_motor": {
        "mean": 26.95353889465332,
        "median": 26.84880256652832,
        "sd": 1.7456891536712646,
        "hdi_2.5": 23.695018768310547,
        "hdi_97.5": 30.544864654541016,
        "rhat": 1.000198041110633,
        "ess_bulk": 4144.593885992434
      },
      "sigma_LR": {
        "mean": 3.3692376613616943,
        "median": 3.3486690521240234,
        "sd": 0.6102253794670105,
        "hdi_2.5": 2.184539556503296,
        "hdi_97.5": 4.554328441619873,
        "rhat": 1.0001699624458973,
        "ess_bulk": 4370.872925385223
      }
    },
    "n_divergences": 0,
    "n_chains": 4,
    "n_samples_per_chain": 2000
  },
  "behavior": {
    "r_obs_vs_pred": -0.10105715430959458,
    "rmse": 57.60144902693144,
    "mae": 23.28247285101061,
    "n_trials": 193
  },
  "elapsed_seconds": 60.269044399261475
}