{
  "subject_idx": 100,
  "subject_id": "SP_090887",
  "is_patient": true,
  "condition": "oddball",
  "n_trials": 194,
  "n_blocks": 2,
  "sub_blocks_avoid_seek": [
    2,
    3
  ],
  "mcmc_config": {
    "num_warmup": 2000,
    "num_samples": 2000,
    "num_chains": 4
  },
  "fit": {
    "dataset_idx": 100,
    "condition": "oddball",
    "status": "PASS",
    "attempts": [
      {
        "attempt": 1,
        "num_warmup": 2000,
        "target_accept_prob": 0.95,
        "rhat_max": 1.0014654110473038,
        "ess_min": 4413.09665706297,
        "n_divergences": 0,
        "passes_rhat": true,
        "passes_ess": true,
        "passes_gate": true
      }
    ],
    "params": {
      "H": {
        "mean": 0.056481264531612396,
        "median": 0.043414972722530365,
        "sd": 0.05049667879939079,
        "hdi_2.5": 1.3749468052992597e-06,
        "hdi_97.5": 0.1570008397102356,
        "rhat": 1.000217838244152,
        "ess_bulk": 5725.552560909181
      },
      "LW": {
        "mean": 0.6693177223205566,
        "median": 0.7134864330291748,
        "sd": 0.2324373871088028,
        "hdi_2.5": 0.2314586043357849,
        "hdi_97.5": 0.999819815158844,
        "rhat": 1.0008063023608573,
        "ess_bulk": 5479.912631372087
      },
      "log_UU": {
        "mean": 3.73820424079895,
        "median": 3.3413548469543457,
        "sd": 2.4121389389038086,
        "hdi_2.5": 0.0878763198852539,
        "hdi_97.5": 8.299857139587402,
        "rhat": 1.0014654110473038,
        "ess_bulk": 6915.805174875793
      },
      "sigma_motor": {
        "mean": 43.3630485534668,
        "median": 43.316070556640625,
        "sd": 1.993235468864441,
        "hdi_2.5": 39.43376922607422,
        "hdi_97.5": 47.18681335449219,
        "rhat": 1.0006832079714305,
        "ess_bulk": 6069.248418277015
      },
      "sigma_LR": {
        "mean": 0.7316151261329651,
        "median": 0.6101274490356445,
        "sd": 0.5574761033058167,
        "hdi_2.5": 0.00010012031998485327,
        "hdi_97.5": 1.806060791015625,
        "rhat": 1.0005861649330092,
        "ess_bulk": 4413.09665706297
      }
    },
    "n_divergences": 0,
    "n_chains": 4,
    "n_samples_per_chain": 2000
  },
  "behavior": {
    "r_obs_vs_pred": -0.0655538591039354,
    "rmse": 45.38806942881407,
    "mae": 27.231677318764334,
    "n_trials": 193
  },
  "elapsed_seconds": 63.68621754646301
}