{
  "subject_idx": 107,
  "subject_id": "SP_081742",
  "is_patient": false,
  "condition": "oddball",
  "n_trials": 194,
  "n_blocks": 2,
  "sub_blocks_avoid_seek": [
    2,
    3
  ],
  "mcmc_config": {
    "num_warmup": 2000,
    "num_samples": 2000,
    "num_chains": 4
  },
  "fit": {
    "dataset_idx": 107,
    "condition": "oddball",
    "status": "PASS",
    "attempts": [
      {
        "attempt": 1,
        "num_warmup": 2000,
        "target_accept_prob": 0.95,
        "rhat_max": 1.0012065860698618,
        "ess_min": 2720.2730046252673,
        "n_divergences": 0,
        "passes_rhat": true,
        "passes_ess": true,
        "passes_gate": true
      }
    ],
    "params": {
      "H": {
        "mean": 0.033478133380413055,
        "median": 0.025785572826862335,
        "sd": 0.028145907446742058,
        "hdi_2.5": 0.0002259047469124198,
        "hdi_97.5": 0.0893540158867836,
        "rhat": 1.0009846216877756,
        "ess_bulk": 3018.273897658118
      },
      "LW": {
        "mean": 0.11887895315885544,
        "median": 0.11581195890903473,
        "sd": 0.03238138556480408,
        "hdi_2.5": 0.056839801371097565,
        "hdi_97.5": 0.18181337416172028,
        "rhat": 1.0009857564064832,
        "ess_bulk": 2720.2730046252673
      },
      "log_UU": {
        "mean": 0.04780127853155136,
        "median": 0.04441944509744644,
        "sd": 0.02717364951968193,
        "hdi_2.5": 0.00030976528069004416,
        "hdi_97.5": 0.09831006824970245,
        "rhat": 1.0011035109009712,
        "ess_bulk": 3596.5161460732697
      },
      "sigma_motor": {
        "mean": 11.216970443725586,
        "median": 11.183599472045898,
        "sd": 0.7698540091514587,
        "hdi_2.5": 9.679961204528809,
        "hdi_97.5": 12.664060592651367,
        "rhat": 1.0004878312480077,
        "ess_bulk": 4130.535327502017
      },
      "sigma_LR": {
        "mean": 3.338020086288452,
        "median": 3.3095898628234863,
        "sd": 0.461965411901474,
        "hdi_2.5": 2.4548792839050293,
        "hdi_97.5": 4.2401933670043945,
        "rhat": 0.9998339836850914,
        "ess_bulk": 4858.559685810385
      }
    },
    "n_divergences": 0,
    "n_chains": 4,
    "n_samples_per_chain": 2000
  },
  "behavior": {
    "r_obs_vs_pred": -0.12194319907918329,
    "rmse": 26.946034543960863,
    "mae": 9.734598993893153,
    "n_trials": 193
  },
  "elapsed_seconds": 95.39501976966858
}