{
  "subject_idx": 80,
  "subject_id": "SP_086826",
  "is_patient": true,
  "condition": "changepoint",
  "n_trials": 194,
  "n_blocks": 2,
  "sub_blocks_avoid_seek": [
    0,
    1
  ],
  "mcmc_config": {
    "num_warmup": 2000,
    "num_samples": 2000,
    "num_chains": 4
  },
  "fit": {
    "dataset_idx": 80,
    "condition": "changepoint",
    "status": "PASS",
    "attempts": [
      {
        "attempt": 1,
        "num_warmup": 2000,
        "target_accept_prob": 0.95,
        "rhat_max": 1.0020082411296545,
        "ess_min": 3392.964986003691,
        "n_divergences": 0,
        "passes_rhat": true,
        "passes_ess": true,
        "passes_gate": true
      }
    ],
    "params": {
      "H": {
        "mean": 0.004713757429271936,
        "median": 0.004420357756316662,
        "sd": 0.0019552786834537983,
        "hdi_2.5": 0.001477918354794383,
        "hdi_97.5": 0.008637948893010616,
        "rhat": 1.0003971295156677,
        "ess_bulk": 3729.7712787751148
      },
      "LW": {
        "mean": 0.5522168874740601,
        "median": 0.5432350635528564,
        "sd": 0.07626640051603317,
        "hdi_2.5": 0.41754451394081116,
        "hdi_97.5": 0.7038928866386414,
        "rhat": 1.0020082411296545,
        "ess_bulk": 3633.6775476796743
      },
      "log_UU": {
        "mean": 0.5889742374420166,
        "median": 0.5801833271980286,
        "sd": 0.1292312741279602,
        "hdi_2.5": 0.33725425601005554,
        "hdi_97.5": 0.8387879133224487,
        "rhat": 1.0002419603631463,
        "ess_bulk": 4135.219476849214
      },
      "sigma_motor": {
        "mean": 6.429019451141357,
        "median": 6.398063659667969,
        "sd": 0.5994924306869507,
        "hdi_2.5": 5.291579246520996,
        "hdi_97.5": 7.628415584564209,
        "rhat": 1.0002678066508726,
        "ess_bulk": 4727.20858246274
      },
      "sigma_LR": {
        "mean": 3.9121806621551514,
        "median": 3.892279624938965,
        "sd": 0.44347891211509705,
        "hdi_2.5": 3.0898871421813965,
        "hdi_97.5": 4.810323238372803,
        "rhat": 1.0005651209193165,
        "ess_bulk": 5210.146651155394
      }
    },
    "n_divergences": 0,
    "n_chains": 4,
    "n_samples_per_chain": 2000
  },
  "behavior": {
    "r_obs_vs_pred": 0.0369311597186344,
    "rmse": 39.16915650262463,
    "mae": 15.849477704677133,
    "n_trials": 193
  },
  "elapsed_seconds": 61.40302586555481
}