{
  "subject_idx": 19,
  "subject_id": "SP_063066",
  "is_patient": true,
  "condition": "changepoint",
  "n_trials": 194,
  "n_blocks": 2,
  "sub_blocks_avoid_seek": [
    0,
    1
  ],
  "mcmc_config": {
    "num_warmup": 2000,
    "num_samples": 2000,
    "num_chains": 4
  },
  "fit": {
    "dataset_idx": 19,
    "condition": "changepoint",
    "status": "PASS",
    "attempts": [
      {
        "attempt": 1,
        "num_warmup": 2000,
        "target_accept_prob": 0.95,
        "rhat_max": 1.0021583497531632,
        "ess_min": 2273.523970593908,
        "n_divergences": 0,
        "passes_rhat": true,
        "passes_ess": true,
        "passes_gate": true
      }
    ],
    "params": {
      "H": {
        "mean": 0.009769915603101254,
        "median": 0.008953571319580078,
        "sd": 0.005316172726452351,
        "hdi_2.5": 0.001065054559148848,
        "hdi_97.5": 0.0201934315264225,
        "rhat": 1.0013603582662909,
        "ess_bulk": 3675.19544647887
      },
      "LW": {
        "mean": 0.13607202470302582,
        "median": 0.13990187644958496,
        "sd": 0.03475881740450859,
        "hdi_2.5": 0.060587991029024124,
        "hdi_97.5": 0.198675274848938,
        "rhat": 1.0015778848223698,
        "ess_bulk": 2273.523970593908
      },
      "log_UU": {
        "mean": 1.2141140699386597,
        "median": 1.2035129070281982,
        "sd": 0.2810099422931671,
        "hdi_2.5": 0.6936162114143372,
        "hdi_97.5": 1.7935709953308105,
        "rhat": 1.0014035828774814,
        "ess_bulk": 4054.943484221991
      },
      "sigma_motor": {
        "mean": 30.99562644958496,
        "median": 31.014184951782227,
        "sd": 2.742140769958496,
        "hdi_2.5": 25.527210235595703,
        "hdi_97.5": 36.13481903076172,
        "rhat": 1.0016574007813848,
        "ess_bulk": 2995.7818876766855
      },
      "sigma_LR": {
        "mean": 3.271770477294922,
        "median": 3.235886573791504,
        "sd": 0.6561324000358582,
        "hdi_2.5": 1.9654277563095093,
        "hdi_97.5": 4.4767889976501465,
        "rhat": 1.0004594789426295,
        "ess_bulk": 3857.13568228637
      }
    },
    "n_divergences": 0,
    "n_chains": 4,
    "n_samples_per_chain": 2000
  },
  "behavior": {
    "r_obs_vs_pred": -0.14163389253148606,
    "rmse": 58.57953951363775,
    "mae": 30.70913733501431,
    "n_trials": 193
  },
  "elapsed_seconds": 59.179404973983765
}