{
  "subject_idx": 42,
  "subject_id": "SP_084554",
  "is_patient": true,
  "condition": "changepoint",
  "n_trials": 194,
  "n_blocks": 2,
  "sub_blocks_avoid_seek": [
    0,
    1
  ],
  "mcmc_config": {
    "num_warmup": 2000,
    "num_samples": 2000,
    "num_chains": 4
  },
  "fit": {
    "dataset_idx": 42,
    "condition": "changepoint",
    "status": "PASS",
    "attempts": [
      {
        "attempt": 1,
        "num_warmup": 2000,
        "target_accept_prob": 0.95,
        "rhat_max": 1.0012793389520835,
        "ess_min": 4559.440149697655,
        "n_divergences": 0,
        "passes_rhat": true,
        "passes_ess": true,
        "passes_gate": true
      }
    ],
    "params": {
      "H": {
        "mean": 0.01400636974722147,
        "median": 0.01318086963146925,
        "sd": 0.0058179027400910854,
        "hdi_2.5": 0.004338894970715046,
        "hdi_97.5": 0.025655053555965424,
        "rhat": 1.0003485508559542,
        "ess_bulk": 4635.780273500473
      },
      "LW": {
        "mean": 0.0630330964922905,
        "median": 0.06083613634109497,
        "sd": 0.020682817324995995,
        "hdi_2.5": 0.02566310577094555,
        "hdi_97.5": 0.10415923595428467,
        "rhat": 1.0006146577383237,
        "ess_bulk": 5226.552623491649
      },
      "log_UU": {
        "mean": 1.0566983222961426,
        "median": 1.0424132347106934,
        "sd": 0.24253211915493011,
        "hdi_2.5": 0.5972721576690674,
        "hdi_97.5": 1.5257415771484375,
        "rhat": 1.0006054051928834,
        "ess_bulk": 6150.272244201036
      },
      "sigma_motor": {
        "mean": 21.96995735168457,
        "median": 21.902965545654297,
        "sd": 1.657962679862976,
        "hdi_2.5": 18.850711822509766,
        "hdi_97.5": 25.272968292236328,
        "rhat": 1.0004509719519599,
        "ess_bulk": 5730.617302753028
      },
      "sigma_LR": {
        "mean": 3.188397169113159,
        "median": 3.1608448028564453,
        "sd": 0.584212064743042,
        "hdi_2.5": 2.0856521129608154,
        "hdi_97.5": 4.353808403015137,
        "rhat": 1.0004170316810486,
        "ess_bulk": 6001.752470123163
      }
    },
    "n_divergences": 0,
    "n_chains": 4,
    "n_samples_per_chain": 2000
  },
  "behavior": {
    "r_obs_vs_pred": 0.22538757464206927,
    "rmse": 35.98772592076241,
    "mae": 18.185924949491195,
    "n_trials": 193
  },
  "elapsed_seconds": 46.835570096969604
}