{
  "subject_idx": 103,
  "subject_id": "SP_066396",
  "is_patient": false,
  "condition": "oddball",
  "n_trials": 194,
  "n_blocks": 2,
  "sub_blocks_avoid_seek": [
    2,
    3
  ],
  "mcmc_config": {
    "num_warmup": 2000,
    "num_samples": 2000,
    "num_chains": 4
  },
  "fit": {
    "dataset_idx": 103,
    "condition": "oddball",
    "status": "PASS",
    "attempts": [
      {
        "attempt": 1,
        "num_warmup": 2000,
        "target_accept_prob": 0.95,
        "rhat_max": 1.0009909395989673,
        "ess_min": 6140.867565695027,
        "n_divergences": 0,
        "passes_rhat": true,
        "passes_ess": true,
        "passes_gate": true
      }
    ],
    "params": {
      "H": {
        "mean": 0.05430791899561882,
        "median": 0.04075492173433304,
        "sd": 0.04874292016029358,
        "hdi_2.5": 3.3627989068918396e-06,
        "hdi_97.5": 0.15238487720489502,
        "rhat": 1.0009321216427307,
        "ess_bulk": 6307.361922753156
      },
      "LW": {
        "mean": 0.6794936060905457,
        "median": 0.7255697846412659,
        "sd": 0.22999338805675507,
        "hdi_2.5": 0.24230173230171204,
        "hdi_97.5": 0.9999327659606934,
        "rhat": 1.0007911782800636,
        "ess_bulk": 8095.437747814406
      },
      "log_UU": {
        "mean": 4.482281684875488,
        "median": 4.176976203918457,
        "sd": 2.3092544078826904,
        "hdi_2.5": 0.8061536550521851,
        "hdi_97.5": 9.210481643676758,
        "rhat": 1.0006639879984023,
        "ess_bulk": 6646.513896831892
      },
      "sigma_motor": {
        "mean": 11.018351554870605,
        "median": 10.993345260620117,
        "sd": 0.5635303258895874,
        "hdi_2.5": 9.975465774536133,
        "hdi_97.5": 12.148702621459961,
        "rhat": 1.0001735843914872,
        "ess_bulk": 8202.89012771872
      },
      "sigma_LR": {
        "mean": 1.632298469543457,
        "median": 1.5740816593170166,
        "sd": 0.5483367443084717,
        "hdi_2.5": 0.6132436990737915,
        "hdi_97.5": 2.6966826915740967,
        "rhat": 1.0000679034114626,
        "ess_bulk": 7682.106710375004
      }
    },
    "n_divergences": 0,
    "n_chains": 4,
    "n_samples_per_chain": 2000
  },
  "behavior": {
    "r_obs_vs_pred": -0.32798141590278107,
    "rmse": 11.819106772577534,
    "mae": 6.51868967156115,
    "n_trials": 193
  },
  "elapsed_seconds": 44.19628834724426
}