{
  "subject_idx": 51,
  "subject_id": "SP_023275",
  "is_patient": true,
  "condition": "oddball",
  "n_trials": 194,
  "n_blocks": 2,
  "sub_blocks_avoid_seek": [
    2,
    3
  ],
  "mcmc_config": {
    "num_warmup": 2000,
    "num_samples": 2000,
    "num_chains": 4
  },
  "fit": {
    "dataset_idx": 51,
    "condition": "oddball",
    "status": "PASS",
    "attempts": [
      {
        "attempt": 1,
        "num_warmup": 2000,
        "target_accept_prob": 0.95,
        "rhat_max": 1.0025604650973268,
        "ess_min": 2752.0230165902212,
        "n_divergences": 0,
        "passes_rhat": true,
        "passes_ess": true,
        "passes_gate": true
      }
    ],
    "params": {
      "H": {
        "mean": 0.1691851168870926,
        "median": 0.16804185509681702,
        "sd": 0.034660208970308304,
        "hdi_2.5": 0.10212166607379913,
        "hdi_97.5": 0.236899271607399,
        "rhat": 1.0006832153565053,
        "ess_bulk": 4154.016598270258
      },
      "LW": {
        "mean": 0.030038073658943176,
        "median": 0.030369777232408524,
        "sd": 0.00660975044593215,
        "hdi_2.5": 0.016596898436546326,
        "hdi_97.5": 0.04191271588206291,
        "rhat": 0.9999694935796656,
        "ess_bulk": 4573.378813325379
      },
      "log_UU": {
        "mean": 0.00519119156524539,
        "median": 0.0037137563340365887,
        "sd": 0.0049949632957577705,
        "hdi_2.5": 5.132392857376544e-07,
        "hdi_97.5": 0.015102877281606197,
        "rhat": 1.0025604650973268,
        "ess_bulk": 2752.0230165902212
      },
      "sigma_motor": {
        "mean": 36.35488510131836,
        "median": 36.184234619140625,
        "sd": 2.921694040298462,
        "hdi_2.5": 30.931928634643555,
        "hdi_97.5": 42.28226852416992,
        "rhat": 1.0010465851939545,
        "ess_bulk": 3864.7895153677027
      },
      "sigma_LR": {
        "mean": 4.016236305236816,
        "median": 3.9934089183807373,
        "sd": 0.47950103878974915,
        "hdi_2.5": 3.116611957550049,
        "hdi_97.5": 4.964807033538818,
        "rhat": 1.0006517321880497,
        "ess_bulk": 4947.542699261472
      }
    },
    "n_divergences": 0,
    "n_chains": 4,
    "n_samples_per_chain": 2000
  },
  "behavior": {
    "r_obs_vs_pred": -0.5329685458520479,
    "rmse": 94.93835359881481,
    "mae": 58.25794892530367,
    "n_trials": 193
  },
  "elapsed_seconds": 47.450260639190674
}