{
  "subject_idx": 18,
  "subject_id": "SP_062425",
  "is_patient": true,
  "condition": "changepoint",
  "n_trials": 194,
  "n_blocks": 2,
  "sub_blocks_avoid_seek": [
    0,
    1
  ],
  "mcmc_config": {
    "num_warmup": 2000,
    "num_samples": 2000,
    "num_chains": 4
  },
  "fit": {
    "dataset_idx": 18,
    "condition": "changepoint",
    "status": "PASS",
    "attempts": [
      {
        "attempt": 1,
        "num_warmup": 2000,
        "target_accept_prob": 0.95,
        "rhat_max": 1.0016217421220286,
        "ess_min": 4405.643881618082,
        "n_divergences": 0,
        "passes_rhat": true,
        "passes_ess": true,
        "passes_gate": true
      }
    ],
    "params": {
      "H": {
        "mean": 0.022865550592541695,
        "median": 0.02153254859149456,
        "sd": 0.009629086591303349,
        "hdi_2.5": 0.00632445840165019,
        "hdi_97.5": 0.04171384871006012,
        "rhat": 1.0005456321252117,
        "ess_bulk": 4783.648040426475
      },
      "LW": {
        "mean": 0.43889403343200684,
        "median": 0.4261309504508972,
        "sd": 0.15112066268920898,
        "hdi_2.5": 0.1488163024187088,
        "hdi_97.5": 0.741838276386261,
        "rhat": 1.0005489813967345,
        "ess_bulk": 5495.089428166589
      },
      "log_UU": {
        "mean": 0.7700051069259644,
        "median": 0.755115270614624,
        "sd": 0.23168154060840607,
        "hdi_2.5": 0.34487688541412354,
        "hdi_97.5": 1.2316467761993408,
        "rhat": 1.0007931542047646,
        "ess_bulk": 4972.819207161199
      },
      "sigma_motor": {
        "mean": 15.230036735534668,
        "median": 15.168916702270508,
        "sd": 1.4088486433029175,
        "hdi_2.5": 12.656595230102539,
        "hdi_97.5": 18.057987213134766,
        "rhat": 1.0008349632469953,
        "ess_bulk": 5794.706213632284
      },
      "sigma_LR": {
        "mean": 2.8148446083068848,
        "median": 2.7867050170898438,
        "sd": 0.4752243161201477,
        "hdi_2.5": 1.9475457668304443,
        "hdi_97.5": 3.7842721939086914,
        "rhat": 1.00024196300363,
        "ess_bulk": 5460.190095708514
      }
    },
    "n_divergences": 0,
    "n_chains": 4,
    "n_samples_per_chain": 2000
  },
  "behavior": {
    "r_obs_vs_pred": -0.21632646721458063,
    "rmse": 37.43232896866788,
    "mae": 22.011737772075392,
    "n_trials": 193
  },
  "elapsed_seconds": 52.31725072860718
}