{
  "subject_idx": 88,
  "subject_id": "SP_089324",
  "is_patient": true,
  "condition": "oddball",
  "n_trials": 194,
  "n_blocks": 2,
  "sub_blocks_avoid_seek": [
    2,
    3
  ],
  "mcmc_config": {
    "num_warmup": 2000,
    "num_samples": 2000,
    "num_chains": 4
  },
  "fit": {
    "dataset_idx": 88,
    "condition": "oddball",
    "status": "PASS",
    "attempts": [
      {
        "attempt": 1,
        "num_warmup": 2000,
        "target_accept_prob": 0.95,
        "rhat_max": 1.0006730206173657,
        "ess_min": 2826.7292830206875,
        "n_divergences": 0,
        "passes_rhat": true,
        "passes_ess": true,
        "passes_gate": true
      }
    ],
    "params": {
      "H": {
        "mean": 0.050454337149858475,
        "median": 0.04319872707128525,
        "sd": 0.032938141375780106,
        "hdi_2.5": 0.00276698125526309,
        "hdi_97.5": 0.11549955606460571,
        "rhat": 1.0005229791990777,
        "ess_bulk": 3192.3328679128886
      },
      "LW": {
        "mean": 0.10640975087881088,
        "median": 0.1051197201013565,
        "sd": 0.028432881459593773,
        "hdi_2.5": 0.0503864549100399,
        "hdi_97.5": 0.16219556331634521,
        "rhat": 1.0006151214761663,
        "ess_bulk": 2826.7292830206875
      },
      "log_UU": {
        "mean": 0.04172918573021889,
        "median": 0.03938828408718109,
        "sd": 0.02400839887559414,
        "hdi_2.5": 2.917388701462187e-05,
        "hdi_97.5": 0.08515895158052444,
        "rhat": 1.0003689435942777,
        "ess_bulk": 2976.6424535069937
      },
      "sigma_motor": {
        "mean": 14.398159980773926,
        "median": 14.369365692138672,
        "sd": 1.0024882555007935,
        "hdi_2.5": 12.358141899108887,
        "hdi_97.5": 16.31958770751953,
        "rhat": 1.0001754184528373,
        "ess_bulk": 4213.587395978077
      },
      "sigma_LR": {
        "mean": 3.249945640563965,
        "median": 3.2277164459228516,
        "sd": 0.5150313973426819,
        "hdi_2.5": 2.2800281047821045,
        "hdi_97.5": 4.271308898925781,
        "rhat": 1.0002938927340423,
        "ess_bulk": 4561.842077661628
      }
    },
    "n_divergences": 0,
    "n_chains": 4,
    "n_samples_per_chain": 2000
  },
  "behavior": {
    "r_obs_vs_pred": -0.12973037584924793,
    "rmse": 28.624001521816087,
    "mae": 13.948647593326596,
    "n_trials": 193
  },
  "elapsed_seconds": 59.97615432739258
}