{
  "subject_idx": 86,
  "subject_id": "SP_089043",
  "is_patient": true,
  "condition": "changepoint",
  "n_trials": 194,
  "n_blocks": 2,
  "sub_blocks_avoid_seek": [
    0,
    1
  ],
  "mcmc_config": {
    "num_warmup": 2000,
    "num_samples": 2000,
    "num_chains": 4
  },
  "fit": {
    "dataset_idx": 86,
    "condition": "changepoint",
    "status": "PASS",
    "attempts": [
      {
        "attempt": 1,
        "num_warmup": 2000,
        "target_accept_prob": 0.95,
        "rhat_max": 1.0016141150167728,
        "ess_min": 4366.324953258382,
        "n_divergences": 0,
        "passes_rhat": true,
        "passes_ess": true,
        "passes_gate": true
      }
    ],
    "params": {
      "H": {
        "mean": 0.013323381543159485,
        "median": 0.01263088546693325,
        "sd": 0.005280085373669863,
        "hdi_2.5": 0.003896900452673435,
        "hdi_97.5": 0.02386121079325676,
        "rhat": 1.0003123462430967,
        "ess_bulk": 5038.278726085753
      },
      "LW": {
        "mean": 0.06518872082233429,
        "median": 0.06468503177165985,
        "sd": 0.016490457579493523,
        "hdi_2.5": 0.03212761506438255,
        "hdi_97.5": 0.09588292986154556,
        "rhat": 1.000199996168439,
        "ess_bulk": 4705.315973539351
      },
      "log_UU": {
        "mean": 1.0551745891571045,
        "median": 1.0445873737335205,
        "sd": 0.2250501662492752,
        "hdi_2.5": 0.6280261874198914,
        "hdi_97.5": 1.5037583112716675,
        "rhat": 1.000164813063068,
        "ess_bulk": 5090.77244518729
      },
      "sigma_motor": {
        "mean": 22.130144119262695,
        "median": 22.04721450805664,
        "sd": 1.8753401041030884,
        "hdi_2.5": 18.62168312072754,
        "hdi_97.5": 25.97138214111328,
        "rhat": 1.0008140681171431,
        "ess_bulk": 5524.728018372407
      },
      "sigma_LR": {
        "mean": 4.0971455574035645,
        "median": 4.078224182128906,
        "sd": 0.5528197288513184,
        "hdi_2.5": 3.0692501068115234,
        "hdi_97.5": 5.202254295349121,
        "rhat": 1.0000842120623241,
        "ess_bulk": 5580.495050851062
      }
    },
    "n_divergences": 0,
    "n_chains": 4,
    "n_samples_per_chain": 2000
  },
  "behavior": {
    "r_obs_vs_pred": 0.023994874860437145,
    "rmse": 46.50154699342917,
    "mae": 26.118430232407206,
    "n_trials": 193
  },
  "elapsed_seconds": 57.66671419143677
}