{
  "subject_idx": 62,
  "subject_id": "SP_074248",
  "is_patient": true,
  "condition": "oddball",
  "n_trials": 194,
  "n_blocks": 2,
  "sub_blocks_avoid_seek": [
    2,
    3
  ],
  "mcmc_config": {
    "num_warmup": 2000,
    "num_samples": 2000,
    "num_chains": 4
  },
  "fit": {
    "dataset_idx": 62,
    "condition": "oddball",
    "status": "PASS",
    "attempts": [
      {
        "attempt": 1,
        "num_warmup": 2000,
        "target_accept_prob": 0.95,
        "rhat_max": 1.001028611865158,
        "ess_min": 4126.480400019882,
        "n_divergences": 0,
        "passes_rhat": true,
        "passes_ess": true,
        "passes_gate": true
      }
    ],
    "params": {
      "H": {
        "mean": 0.052997589111328125,
        "median": 0.039474405348300934,
        "sd": 0.04820463806390762,
        "hdi_2.5": 4.4451619032770395e-05,
        "hdi_97.5": 0.15055590867996216,
        "rhat": 1.0004560424740903,
        "ess_bulk": 5154.915815350367
      },
      "LW": {
        "mean": 0.6683868765830994,
        "median": 0.7112933993339539,
        "sd": 0.2368009090423584,
        "hdi_2.5": 0.22933128476142883,
        "hdi_97.5": 0.9998045563697815,
        "rhat": 1.0002938693221115,
        "ess_bulk": 5974.744556813985
      },
      "log_UU": {
        "mean": 4.230103492736816,
        "median": 3.932007312774658,
        "sd": 2.3588597774505615,
        "hdi_2.5": 0.3671869933605194,
        "hdi_97.5": 8.859395027160645,
        "rhat": 1.0002736641961014,
        "ess_bulk": 6162.287166796528
      },
      "sigma_motor": {
        "mean": 27.84305191040039,
        "median": 27.795623779296875,
        "sd": 1.4021040201187134,
        "hdi_2.5": 25.132375717163086,
        "hdi_97.5": 30.627721786499023,
        "rhat": 1.0004541485082488,
        "ess_bulk": 5375.5914358756945
      },
      "sigma_LR": {
        "mean": 1.4629554748535156,
        "median": 1.4169690608978271,
        "sd": 0.8286191821098328,
        "hdi_2.5": 0.002835572464391589,
        "hdi_97.5": 2.9139771461486816,
        "rhat": 1.0009268879448967,
        "ess_bulk": 4126.480400019882
      }
    },
    "n_divergences": 0,
    "n_chains": 4,
    "n_samples_per_chain": 2000
  },
  "behavior": {
    "r_obs_vs_pred": 0.2399118581451631,
    "rmse": 28.771365776157154,
    "mae": 10.364456164630884,
    "n_trials": 193
  },
  "elapsed_seconds": 59.684298515319824
}