{
  "subject_idx": 73,
  "subject_id": "SP_084238",
  "is_patient": true,
  "condition": "changepoint",
  "n_trials": 194,
  "n_blocks": 2,
  "sub_blocks_avoid_seek": [
    0,
    1
  ],
  "mcmc_config": {
    "num_warmup": 2000,
    "num_samples": 2000,
    "num_chains": 4
  },
  "fit": {
    "dataset_idx": 73,
    "condition": "changepoint",
    "status": "PASS",
    "attempts": [
      {
        "attempt": 1,
        "num_warmup": 2000,
        "target_accept_prob": 0.95,
        "rhat_max": 1.0011929992966913,
        "ess_min": 3439.0695440890195,
        "n_divergences": 0,
        "passes_rhat": true,
        "passes_ess": true,
        "passes_gate": true
      }
    ],
    "params": {
      "H": {
        "mean": 0.023034587502479553,
        "median": 0.021993117406964302,
        "sd": 0.008762763813138008,
        "hdi_2.5": 0.007964951917529106,
        "hdi_97.5": 0.04079145938158035,
        "rhat": 1.000688189418336,
        "ess_bulk": 4333.071991758555
      },
      "LW": {
        "mean": 0.07288119196891785,
        "median": 0.07313747704029083,
        "sd": 0.021658845245838165,
        "hdi_2.5": 0.03086424060165882,
        "hdi_97.5": 0.11502646654844284,
        "rhat": 1.0005855456662667,
        "ess_bulk": 4201.685192834619
      },
      "log_UU": {
        "mean": 0.9411463141441345,
        "median": 0.9316619038581848,
        "sd": 0.2028530389070511,
        "hdi_2.5": 0.5771594643592834,
        "hdi_97.5": 1.3747613430023193,
        "rhat": 1.000340296734706,
        "ess_bulk": 5255.380753772166
      },
      "sigma_motor": {
        "mean": 19.1452693939209,
        "median": 19.09746551513672,
        "sd": 2.1014699935913086,
        "hdi_2.5": 15.093060493469238,
        "hdi_97.5": 23.294071197509766,
        "rhat": 0.9999623657742217,
        "ess_bulk": 5247.514378257674
      },
      "sigma_LR": {
        "mean": 4.0237040519714355,
        "median": 3.995683431625366,
        "sd": 0.5422060489654541,
        "hdi_2.5": 2.9938178062438965,
        "hdi_97.5": 5.1085662841796875,
        "rhat": 1.000378122991002,
        "ess_bulk": 5651.399862363508
      }
    },
    "n_divergences": 0,
    "n_chains": 4,
    "n_samples_per_chain": 2000
  },
  "behavior": {
    "r_obs_vs_pred": -0.20668396914663803,
    "rmse": 48.50769430815303,
    "mae": 29.74868991743252,
    "n_trials": 193
  },
  "elapsed_seconds": 63.708043336868286
}