{
  "subject_idx": 37,
  "subject_id": "SP_082023",
  "is_patient": true,
  "condition": "changepoint",
  "n_trials": 194,
  "n_blocks": 2,
  "sub_blocks_avoid_seek": [
    0,
    1
  ],
  "mcmc_config": {
    "num_warmup": 2000,
    "num_samples": 2000,
    "num_chains": 4
  },
  "fit": {
    "dataset_idx": 37,
    "condition": "changepoint",
    "status": "PASS",
    "attempts": [
      {
        "attempt": 1,
        "num_warmup": 2000,
        "target_accept_prob": 0.95,
        "rhat_max": 1.0011359512148004,
        "ess_min": 2751.108688937946,
        "n_divergences": 0,
        "passes_rhat": true,
        "passes_ess": true,
        "passes_gate": true
      }
    ],
    "params": {
      "H": {
        "mean": 0.014150552451610565,
        "median": 0.013774565421044827,
        "sd": 0.003895736066624522,
        "hdi_2.5": 0.007222650106996298,
        "hdi_97.5": 0.022174052894115448,
        "rhat": 1.000644450989133,
        "ess_bulk": 3696.401415309337
      },
      "LW": {
        "mean": 0.12427420169115067,
        "median": 0.12638038396835327,
        "sd": 0.032059647142887115,
        "hdi_2.5": 0.06539687514305115,
        "hdi_97.5": 0.1805756539106369,
        "rhat": 1.000712217728104,
        "ess_bulk": 2981.0412060081508
      },
      "log_UU": {
        "mean": 0.7871748208999634,
        "median": 0.7802025079727173,
        "sd": 0.15669485926628113,
        "hdi_2.5": 0.4807192087173462,
        "hdi_97.5": 1.0843572616577148,
        "rhat": 1.0009939357427289,
        "ess_bulk": 3754.1105724228687
      },
      "sigma_motor": {
        "mean": 7.793850421905518,
        "median": 7.758730411529541,
        "sd": 0.7410323619842529,
        "hdi_2.5": 6.3143310546875,
        "hdi_97.5": 9.175333023071289,
        "rhat": 1.000209495072573,
        "ess_bulk": 4924.55051323218
      },
      "sigma_LR": {
        "mean": 4.5256218910217285,
        "median": 4.493350982666016,
        "sd": 0.48352622985839844,
        "hdi_2.5": 3.631856679916382,
        "hdi_97.5": 5.490814208984375,
        "rhat": 1.0002060445332333,
        "ess_bulk": 4603.446266911777
      }
    },
    "n_divergences": 0,
    "n_chains": 4,
    "n_samples_per_chain": 2000
  },
  "behavior": {
    "r_obs_vs_pred": -0.01772511254926641,
    "rmse": 46.81077154073071,
    "mae": 19.815313178206278,
    "n_trials": 193
  },
  "elapsed_seconds": 104.73898673057556
}