{
  "subject_idx": 8,
  "subject_id": "SP_050207",
  "is_patient": true,
  "condition": "oddball",
  "n_trials": 194,
  "n_blocks": 2,
  "sub_blocks_avoid_seek": [
    2,
    3
  ],
  "mcmc_config": {
    "num_warmup": 2000,
    "num_samples": 2000,
    "num_chains": 4
  },
  "fit": {
    "dataset_idx": 8,
    "condition": "oddball",
    "status": "PASS",
    "attempts": [
      {
        "attempt": 1,
        "num_warmup": 2000,
        "target_accept_prob": 0.95,
        "rhat_max": 1.0007830836880964,
        "ess_min": 4627.693059460102,
        "n_divergences": 0,
        "passes_rhat": true,
        "passes_ess": true,
        "passes_gate": true
      }
    ],
    "params": {
      "H": {
        "mean": 0.05454368144273758,
        "median": 0.040381766855716705,
        "sd": 0.04996316879987717,
        "hdi_2.5": 2.4590288376202807e-05,
        "hdi_97.5": 0.15577097237110138,
        "rhat": 1.000314130230096,
        "ess_bulk": 4806.432224957508
      },
      "LW": {
        "mean": 0.6708093285560608,
        "median": 0.713255763053894,
        "sd": 0.2364949733018875,
        "hdi_2.5": 0.22845716774463654,
        "hdi_97.5": 0.9999840259552002,
        "rhat": 1.0002067082959172,
        "ess_bulk": 6390.429429800312
      },
      "log_UU": {
        "mean": 3.777060031890869,
        "median": 3.3602280616760254,
        "sd": 2.506754159927368,
        "hdi_2.5": 0.0511302575469017,
        "hdi_97.5": 8.59330940246582,
        "rhat": 1.0001207824246363,
        "ess_bulk": 6534.1834207243855
      },
      "sigma_motor": {
        "mean": 59.820552825927734,
        "median": 59.71734619140625,
        "sd": 2.67073130607605,
        "hdi_2.5": 54.74640655517578,
        "hdi_97.5": 65.08446502685547,
        "rhat": 1.0005368841689344,
        "ess_bulk": 6915.1650450525085
      },
      "sigma_LR": {
        "mean": 0.9437882900238037,
        "median": 0.8557897806167603,
        "sd": 0.6042069792747498,
        "hdi_2.5": 0.004563723225146532,
        "hdi_97.5": 2.084116220474243,
        "rhat": 1.0007512330990551,
        "ess_bulk": 5551.222902356265
      }
    },
    "n_divergences": 0,
    "n_chains": 4,
    "n_samples_per_chain": 2000
  },
  "behavior": {
    "r_obs_vs_pred": -0.13371421074622664,
    "rmse": 65.30994135474522,
    "mae": 44.438735283920145,
    "n_trials": 193
  },
  "elapsed_seconds": 36.1466007232666
}