{
  "subject_idx": 21,
  "subject_id": "SP_064023",
  "is_patient": true,
  "condition": "changepoint",
  "n_trials": 194,
  "n_blocks": 2,
  "sub_blocks_avoid_seek": [
    0,
    1
  ],
  "mcmc_config": {
    "num_warmup": 2000,
    "num_samples": 2000,
    "num_chains": 4
  },
  "fit": {
    "dataset_idx": 21,
    "condition": "changepoint",
    "status": "PASS",
    "attempts": [
      {
        "attempt": 1,
        "num_warmup": 2000,
        "target_accept_prob": 0.95,
        "rhat_max": 1.0010682854114077,
        "ess_min": 3541.9989025290106,
        "n_divergences": 0,
        "passes_rhat": true,
        "passes_ess": true,
        "passes_gate": true
      }
    ],
    "params": {
      "H": {
        "mean": 0.012680239044129848,
        "median": 0.01147554349154234,
        "sd": 0.006738145835697651,
        "hdi_2.5": 0.0016369724180549383,
        "hdi_97.5": 0.02550121769309044,
        "rhat": 1.0008061416712524,
        "ess_bulk": 3860.3409688626484
      },
      "LW": {
        "mean": 0.12384741753339767,
        "median": 0.1179078221321106,
        "sd": 0.05883684754371643,
        "hdi_2.5": 0.01455820444971323,
        "hdi_97.5": 0.23754405975341797,
        "rhat": 1.0002525170166068,
        "ess_bulk": 3939.9179930140194
      },
      "log_UU": {
        "mean": 0.8659615516662598,
        "median": 0.8375825881958008,
        "sd": 0.29495710134506226,
        "hdi_2.5": 0.3170548379421234,
        "hdi_97.5": 1.443040370941162,
        "rhat": 1.0006452842435842,
        "ess_bulk": 4657.972171337096
      },
      "sigma_motor": {
        "mean": 14.472373008728027,
        "median": 14.436049461364746,
        "sd": 1.14626145362854,
        "hdi_2.5": 12.203177452087402,
        "hdi_97.5": 16.69804573059082,
        "rhat": 1.0003575460380474,
        "ess_bulk": 4588.776347119234
      },
      "sigma_LR": {
        "mean": 2.5509138107299805,
        "median": 2.5131139755249023,
        "sd": 0.48315751552581787,
        "hdi_2.5": 1.6479980945587158,
        "hdi_97.5": 3.533742904663086,
        "rhat": 1.0002419163828329,
        "ess_bulk": 5330.80970419025
      }
    },
    "n_divergences": 0,
    "n_chains": 4,
    "n_samples_per_chain": 2000
  },
  "behavior": {
    "r_obs_vs_pred": 0.11560799086515094,
    "rmse": 30.702461193202918,
    "mae": 17.684775835385672,
    "n_trials": 193
  },
  "elapsed_seconds": 60.39103889465332
}