{
  "subject_idx": 95,
  "subject_id": "SP_090270",
  "is_patient": true,
  "condition": "oddball",
  "n_trials": 194,
  "n_blocks": 2,
  "sub_blocks_avoid_seek": [
    2,
    3
  ],
  "mcmc_config": {
    "num_warmup": 2000,
    "num_samples": 2000,
    "num_chains": 4
  },
  "fit": {
    "dataset_idx": 95,
    "condition": "oddball",
    "status": "PASS",
    "attempts": [
      {
        "attempt": 1,
        "num_warmup": 2000,
        "target_accept_prob": 0.95,
        "rhat_max": 1.001118153990155,
        "ess_min": 5361.625210992032,
        "n_divergences": 0,
        "passes_rhat": true,
        "passes_ess": true,
        "passes_gate": true
      }
    ],
    "params": {
      "H": {
        "mean": 0.025986148044466972,
        "median": 0.018915846943855286,
        "sd": 0.024342987686395645,
        "hdi_2.5": 6.903742814756697e-06,
        "hdi_97.5": 0.07434646785259247,
        "rhat": 1.0002747085611343,
        "ess_bulk": 5462.783786551649
      },
      "LW": {
        "mean": 0.7093259692192078,
        "median": 0.7582542896270752,
        "sd": 0.21873511373996735,
        "hdi_2.5": 0.2833118438720703,
        "hdi_97.5": 0.9999370574951172,
        "rhat": 1.000840867125624,
        "ess_bulk": 7423.66428647813
      },
      "log_UU": {
        "mean": 5.402573108673096,
        "median": 5.193073272705078,
        "sd": 2.014909029006958,
        "hdi_2.5": 1.9486167430877686,
        "hdi_97.5": 9.373029708862305,
        "rhat": 1.0006625973411474,
        "ess_bulk": 6652.497442708068
      },
      "sigma_motor": {
        "mean": 10.132134437561035,
        "median": 10.099681854248047,
        "sd": 0.6124106049537659,
        "hdi_2.5": 9.018098831176758,
        "hdi_97.5": 11.394309043884277,
        "rhat": 1.0004871916020674,
        "ess_bulk": 6992.958843744693
      },
      "sigma_LR": {
        "mean": 7.735593318939209,
        "median": 7.724433898925781,
        "sd": 0.6351717710494995,
        "hdi_2.5": 6.541785717010498,
        "hdi_97.5": 8.989972114562988,
        "rhat": 1.000247932490903,
        "ess_bulk": 6653.335407458552
      }
    },
    "n_divergences": 0,
    "n_chains": 4,
    "n_samples_per_chain": 2000
  },
  "behavior": {
    "r_obs_vs_pred": 0.8857087868541728,
    "rmse": 20.479735154293408,
    "mae": 3.4535576336004348,
    "n_trials": 193
  },
  "elapsed_seconds": 41.385276556015015
}