{
  "subject_idx": 78,
  "subject_id": "SP_085678",
  "is_patient": true,
  "condition": "changepoint",
  "n_trials": 194,
  "n_blocks": 2,
  "sub_blocks_avoid_seek": [
    0,
    1
  ],
  "mcmc_config": {
    "num_warmup": 2000,
    "num_samples": 2000,
    "num_chains": 4
  },
  "fit": {
    "dataset_idx": 78,
    "condition": "changepoint",
    "status": "PASS",
    "attempts": [
      {
        "attempt": 1,
        "num_warmup": 2000,
        "target_accept_prob": 0.95,
        "rhat_max": 1.001353436083255,
        "ess_min": 2800.256050045142,
        "n_divergences": 0,
        "passes_rhat": true,
        "passes_ess": true,
        "passes_gate": true
      }
    ],
    "params": {
      "H": {
        "mean": 0.0069517092779278755,
        "median": 0.0064754243940114975,
        "sd": 0.0033056617248803377,
        "hdi_2.5": 0.0014192010276019573,
        "hdi_97.5": 0.013685151003301144,
        "rhat": 1.0008682033457044,
        "ess_bulk": 3237.344478435156
      },
      "LW": {
        "mean": 0.12484525889158249,
        "median": 0.12707452476024628,
        "sd": 0.033296793699264526,
        "hdi_2.5": 0.06058269739151001,
        "hdi_97.5": 0.183510884642601,
        "rhat": 1.0009080972781819,
        "ess_bulk": 2800.256050045142
      },
      "log_UU": {
        "mean": 0.7647623419761658,
        "median": 0.7532310485839844,
        "sd": 0.16583351790905,
        "hdi_2.5": 0.456504762172699,
        "hdi_97.5": 1.093761682510376,
        "rhat": 1.000876775760845,
        "ess_bulk": 3587.616400170134
      },
      "sigma_motor": {
        "mean": 11.523832321166992,
        "median": 11.510647773742676,
        "sd": 1.288815975189209,
        "hdi_2.5": 9.081704139709473,
        "hdi_97.5": 14.141201972961426,
        "rhat": 1.0006522814125505,
        "ess_bulk": 4605.453535778615
      },
      "sigma_LR": {
        "mean": 4.874391078948975,
        "median": 4.84700345993042,
        "sd": 0.5218176245689392,
        "hdi_2.5": 3.8334338665008545,
        "hdi_97.5": 5.868355751037598,
        "rhat": 1.0003465916217236,
        "ess_bulk": 4768.0358420278735
      }
    },
    "n_divergences": 0,
    "n_chains": 4,
    "n_samples_per_chain": 2000
  },
  "behavior": {
    "r_obs_vs_pred": -0.07451937348062718,
    "rmse": 50.777589554890895,
    "mae": 22.937417037355583,
    "n_trials": 193
  },
  "elapsed_seconds": 57.07149887084961
}