{
  "subject_idx": 41,
  "subject_id": "SP_084328",
  "is_patient": true,
  "condition": "oddball",
  "n_trials": 194,
  "n_blocks": 2,
  "sub_blocks_avoid_seek": [
    2,
    3
  ],
  "mcmc_config": {
    "num_warmup": 2000,
    "num_samples": 2000,
    "num_chains": 4
  },
  "fit": {
    "dataset_idx": 41,
    "condition": "oddball",
    "status": "PASS",
    "attempts": [
      {
        "attempt": 1,
        "num_warmup": 2000,
        "target_accept_prob": 0.95,
        "rhat_max": 1.000879803303053,
        "ess_min": 4252.720675972072,
        "n_divergences": 1,
        "passes_rhat": true,
        "passes_ess": true,
        "passes_gate": true
      }
    ],
    "params": {
      "H": {
        "mean": 0.3699032962322235,
        "median": 0.368941068649292,
        "sd": 0.05215083062648773,
        "hdi_2.5": 0.2720974385738373,
        "hdi_97.5": 0.4760446846485138,
        "rhat": 1.0005716123500248,
        "ess_bulk": 4913.721774636318
      },
      "LW": {
        "mean": 0.26057738065719604,
        "median": 0.25873082876205444,
        "sd": 0.04080396145582199,
        "hdi_2.5": 0.18008142709732056,
        "hdi_97.5": 0.33733388781547546,
        "rhat": 0.999946131474589,
        "ess_bulk": 4336.323467889902
      },
      "log_UU": {
        "mean": 0.0022439993917942047,
        "median": 0.0015495888656005263,
        "sd": 0.0022511242423206568,
        "hdi_2.5": 1.0609979881337495e-06,
        "hdi_97.5": 0.006700359284877777,
        "rhat": 1.000093341530358,
        "ess_bulk": 4380.054085066503
      },
      "sigma_motor": {
        "mean": 4.868472576141357,
        "median": 4.834742546081543,
        "sd": 0.5919899344444275,
        "hdi_2.5": 3.752664089202881,
        "hdi_97.5": 6.034180641174316,
        "rhat": 1.0000369649643088,
        "ess_bulk": 4911.570828408971
      },
      "sigma_LR": {
        "mean": 4.333311080932617,
        "median": 4.313031196594238,
        "sd": 0.55930095911026,
        "hdi_2.5": 3.277557134628296,
        "hdi_97.5": 5.46474552154541,
        "rhat": 1.0002019894747907,
        "ess_bulk": 4421.119258665769
      }
    },
    "n_divergences": 1,
    "n_chains": 4,
    "n_samples_per_chain": 2000
  },
  "behavior": {
    "r_obs_vs_pred": 0.14731167582460913,
    "rmse": 16.23265527039981,
    "mae": 5.782259088627723,
    "n_trials": 193
  },
  "elapsed_seconds": 73.04623675346375
}