{
  "subject_idx": 124,
  "subject_id": "SP_085577",
  "is_patient": false,
  "condition": "changepoint",
  "n_trials": 194,
  "n_blocks": 2,
  "sub_blocks_avoid_seek": [
    0,
    1
  ],
  "mcmc_config": {
    "num_warmup": 2000,
    "num_samples": 2000,
    "num_chains": 4
  },
  "fit": {
    "dataset_idx": 124,
    "condition": "changepoint",
    "status": "PASS",
    "attempts": [
      {
        "attempt": 1,
        "num_warmup": 2000,
        "target_accept_prob": 0.95,
        "rhat_max": 1.0021289324844875,
        "ess_min": 5010.397478035004,
        "n_divergences": 0,
        "passes_rhat": true,
        "passes_ess": true,
        "passes_gate": true
      }
    ],
    "params": {
      "H": {
        "mean": 0.020237643271684647,
        "median": 0.01966194249689579,
        "sd": 0.005328251514583826,
        "hdi_2.5": 0.010410116985440254,
        "hdi_97.5": 0.030504852533340454,
        "rhat": 1.0017653178332597,
        "ess_bulk": 5227.604694039845
      },
      "LW": {
        "mean": 0.11822205036878586,
        "median": 0.1170685887336731,
        "sd": 0.026549972593784332,
        "hdi_2.5": 0.0682884156703949,
        "hdi_97.5": 0.16887815296649933,
        "rhat": 1.0004291095473758,
        "ess_bulk": 5769.965283704135
      },
      "log_UU": {
        "mean": 1.001384973526001,
        "median": 0.9965054988861084,
        "sd": 0.15813860297203064,
        "hdi_2.5": 0.6885338425636292,
        "hdi_97.5": 1.3061131238937378,
        "rhat": 1.000151070157096,
        "ess_bulk": 6187.687775105896
      },
      "sigma_motor": {
        "mean": 13.717823028564453,
        "median": 13.657127380371094,
        "sd": 1.3427051305770874,
        "hdi_2.5": 11.071649551391602,
        "hdi_97.5": 16.277685165405273,
        "rhat": 1.001023146994807,
        "ess_bulk": 5644.087894189615
      },
      "sigma_LR": {
        "mean": 4.942063808441162,
        "median": 4.921771049499512,
        "sd": 0.5137588381767273,
        "hdi_2.5": 3.994877338409424,
        "hdi_97.5": 5.998222351074219,
        "rhat": 1.0003894420410744,
        "ess_bulk": 5989.868995804208
      }
    },
    "n_divergences": 0,
    "n_chains": 4,
    "n_samples_per_chain": 2000
  },
  "behavior": {
    "r_obs_vs_pred": -0.07202675217352307,
    "rmse": 48.44407950491502,
    "mae": 25.537818617877488,
    "n_trials": 193
  },
  "elapsed_seconds": 40.694913387298584
}