{
  "subject_idx": 2,
  "subject_id": "SP_004590",
  "is_patient": true,
  "condition": "oddball",
  "n_trials": 194,
  "n_blocks": 2,
  "sub_blocks_avoid_seek": [
    2,
    3
  ],
  "mcmc_config": {
    "num_warmup": 2000,
    "num_samples": 2000,
    "num_chains": 4
  },
  "fit": {
    "dataset_idx": 2,
    "condition": "oddball",
    "status": "PASS",
    "attempts": [
      {
        "attempt": 1,
        "num_warmup": 2000,
        "target_accept_prob": 0.95,
        "rhat_max": 1.0020809122760779,
        "ess_min": 2919.762170300861,
        "n_divergences": 0,
        "passes_rhat": true,
        "passes_ess": true,
        "passes_gate": true
      }
    ],
    "params": {
      "H": {
        "mean": 0.20211194455623627,
        "median": 0.2005784809589386,
        "sd": 0.029578281566500664,
        "hdi_2.5": 0.14802049100399017,
        "hdi_97.5": 0.26422765851020813,
        "rhat": 1.0004823013851152,
        "ess_bulk": 3688.524110048692
      },
      "LW": {
        "mean": 0.03671252727508545,
        "median": 0.0370674803853035,
        "sd": 0.0042631132528185844,
        "hdi_2.5": 0.02760029025375843,
        "hdi_97.5": 0.04427890107035637,
        "rhat": 1.000329421929297,
        "ess_bulk": 3057.3205426250224
      },
      "log_UU": {
        "mean": 0.00605618255212903,
        "median": 0.004567490890622139,
        "sd": 0.005431455094367266,
        "hdi_2.5": 1.2659813819482224e-06,
        "hdi_97.5": 0.01705046184360981,
        "rhat": 1.0013019626917685,
        "ess_bulk": 2971.58985317354
      },
      "sigma_motor": {
        "mean": 12.882730484008789,
        "median": 12.803104400634766,
        "sd": 1.3119090795516968,
        "hdi_2.5": 10.349980354309082,
        "hdi_97.5": 15.438226699829102,
        "rhat": 1.0004893544888156,
        "ess_bulk": 4047.581542016519
      },
      "sigma_LR": {
        "mean": 4.905057430267334,
        "median": 4.893441200256348,
        "sd": 0.4582864046096802,
        "hdi_2.5": 3.999454975128174,
        "hdi_97.5": 5.78666877746582,
        "rhat": 1.0020809122760779,
        "ess_bulk": 4326.663742656539
      }
    },
    "n_divergences": 0,
    "n_chains": 4,
    "n_samples_per_chain": 2000
  },
  "behavior": {
    "r_obs_vs_pred": -0.16327613333420457,
    "rmse": 53.95447524045611,
    "mae": 23.158542034172797,
    "n_trials": 193
  },
  "elapsed_seconds": 104.7367012500763
}