{
  "subject_idx": 106,
  "subject_id": "SP_081718",
  "is_patient": false,
  "condition": "oddball",
  "n_trials": 194,
  "n_blocks": 2,
  "sub_blocks_avoid_seek": [
    2,
    3
  ],
  "mcmc_config": {
    "num_warmup": 2000,
    "num_samples": 2000,
    "num_chains": 4
  },
  "fit": {
    "dataset_idx": 106,
    "condition": "oddball",
    "status": "PASS",
    "attempts": [
      {
        "attempt": 1,
        "num_warmup": 2000,
        "target_accept_prob": 0.95,
        "rhat_max": 1.0012868542228055,
        "ess_min": 6199.7025956015805,
        "n_divergences": 0,
        "passes_rhat": true,
        "passes_ess": true,
        "passes_gate": true
      }
    ],
    "params": {
      "H": {
        "mean": 0.04679650813341141,
        "median": 0.034951068460941315,
        "sd": 0.04172077775001526,
        "hdi_2.5": 5.391984086600132e-05,
        "hdi_97.5": 0.12862667441368103,
        "rhat": 1.0011387141423582,
        "ess_bulk": 7450.186580798923
      },
      "LW": {
        "mean": 0.6769989728927612,
        "median": 0.7197515368461609,
        "sd": 0.229779452085495,
        "hdi_2.5": 0.24205978214740753,
        "hdi_97.5": 0.9996902942657471,
        "rhat": 1.0002885284516456,
        "ess_bulk": 8761.551623286918
      },
      "log_UU": {
        "mean": 4.761203765869141,
        "median": 4.518442153930664,
        "sd": 2.201122760772705,
        "hdi_2.5": 1.0933787822723389,
        "hdi_97.5": 9.209216117858887,
        "rhat": 1.0003898888966694,
        "ess_bulk": 7257.761836252906
      },
      "sigma_motor": {
        "mean": 5.835343360900879,
        "median": 5.825986862182617,
        "sd": 0.3044772744178772,
        "hdi_2.5": 5.27080774307251,
        "hdi_97.5": 6.447890281677246,
        "rhat": 0.9999529812972038,
        "ess_bulk": 8133.245586010902
      },
      "sigma_LR": {
        "mean": 2.671370029449463,
        "median": 2.6430509090423584,
        "sd": 0.5361176133155823,
        "hdi_2.5": 1.66939377784729,
        "hdi_97.5": 3.7295310497283936,
        "rhat": 1.0006140233717817,
        "ess_bulk": 8811.291410181388
      }
    },
    "n_divergences": 0,
    "n_chains": 4,
    "n_samples_per_chain": 2000
  },
  "behavior": {
    "r_obs_vs_pred": 0.6864407953015513,
    "rmse": 7.649584761420143,
    "mae": 2.6631300414217423,
    "n_trials": 193
  },
  "elapsed_seconds": 28.425657272338867
}