{
  "subject_idx": 35,
  "subject_id": "SP_081551",
  "is_patient": true,
  "condition": "changepoint",
  "n_trials": 194,
  "n_blocks": 2,
  "sub_blocks_avoid_seek": [
    0,
    1
  ],
  "mcmc_config": {
    "num_warmup": 2000,
    "num_samples": 2000,
    "num_chains": 4
  },
  "fit": {
    "dataset_idx": 35,
    "condition": "changepoint",
    "status": "PASS",
    "attempts": [
      {
        "attempt": 1,
        "num_warmup": 2000,
        "target_accept_prob": 0.95,
        "rhat_max": 1.0057699093639283,
        "ess_min": 1183.909530469454,
        "n_divergences": 0,
        "passes_rhat": true,
        "passes_ess": true,
        "passes_gate": true
      }
    ],
    "params": {
      "H": {
        "mean": 0.003607039339840412,
        "median": 0.0033197873272001743,
        "sd": 0.0018846705788746476,
        "hdi_2.5": 2.0749582745338557e-06,
        "hdi_97.5": 0.006983119063079357,
        "rhat": 1.0014167589996366,
        "ess_bulk": 2273.9231792444007
      },
      "LW": {
        "mean": 0.1518382877111435,
        "median": 0.15204353630542755,
        "sd": 0.017361750826239586,
        "hdi_2.5": 0.12535357475280762,
        "hdi_97.5": 0.18298839032649994,
        "rhat": 1.0057699093639283,
        "ess_bulk": 1183.909530469454
      },
      "log_UU": {
        "mean": 0.9618449807167053,
        "median": 0.9325686693191528,
        "sd": 0.2512950301170349,
        "hdi_2.5": 0.5145315527915955,
        "hdi_97.5": 1.4530467987060547,
        "rhat": 1.000987636949237,
        "ess_bulk": 2526.0689807207414
      },
      "sigma_motor": {
        "mean": 25.409339904785156,
        "median": 25.2288818359375,
        "sd": 2.597687005996704,
        "hdi_2.5": 20.372867584228516,
        "hdi_97.5": 30.62751007080078,
        "rhat": 1.0030673776700019,
        "ess_bulk": 1483.77822707218
      },
      "sigma_LR": {
        "mean": 5.462069511413574,
        "median": 5.476214408874512,
        "sd": 0.8377297520637512,
        "hdi_2.5": 3.8668928146362305,
        "hdi_97.5": 7.146961688995361,
        "rhat": 1.0016423233993592,
        "ess_bulk": 1826.4731266315248
      }
    },
    "n_divergences": 0,
    "n_chains": 4,
    "n_samples_per_chain": 2000
  },
  "behavior": {
    "r_obs_vs_pred": -0.08793590572259109,
    "rmse": 59.47934660962614,
    "mae": 27.34335712810322,
    "n_trials": 193
  },
  "elapsed_seconds": 40.74731969833374
}