{
  "subject_idx": 107,
  "subject_id": "SP_081742",
  "is_patient": false,
  "condition": "changepoint",
  "n_trials": 194,
  "n_blocks": 2,
  "sub_blocks_avoid_seek": [
    0,
    1
  ],
  "mcmc_config": {
    "num_warmup": 2000,
    "num_samples": 2000,
    "num_chains": 4
  },
  "fit": {
    "dataset_idx": 107,
    "condition": "changepoint",
    "status": "PASS",
    "attempts": [
      {
        "attempt": 1,
        "num_warmup": 2000,
        "target_accept_prob": 0.95,
        "rhat_max": 1.0013473582742538,
        "ess_min": 2754.309778397561,
        "n_divergences": 0,
        "passes_rhat": true,
        "passes_ess": true,
        "passes_gate": true
      }
    ],
    "params": {
      "H": {
        "mean": 0.0029438971541821957,
        "median": 0.0026738732121884823,
        "sd": 0.0014611117076128721,
        "hdi_2.5": 0.0006736272480338812,
        "hdi_97.5": 0.005888419225811958,
        "rhat": 1.0001496804346517,
        "ess_bulk": 3186.897579835382
      },
      "LW": {
        "mean": 0.2323773205280304,
        "median": 0.22923898696899414,
        "sd": 0.025064243003726006,
        "hdi_2.5": 0.1891215443611145,
        "hdi_97.5": 0.28480833768844604,
        "rhat": 1.0007690334476589,
        "ess_bulk": 2803.655922075228
      },
      "log_UU": {
        "mean": 0.9420637488365173,
        "median": 0.9361889362335205,
        "sd": 0.171413853764534,
        "hdi_2.5": 0.620832085609436,
        "hdi_97.5": 1.2919543981552124,
        "rhat": 1.0011092592518445,
        "ess_bulk": 3303.484666292467
      },
      "sigma_motor": {
        "mean": 13.85346508026123,
        "median": 13.798454284667969,
        "sd": 1.2517510652542114,
        "hdi_2.5": 11.639923095703125,
        "hdi_97.5": 16.584453582763672,
        "rhat": 1.0008373202039904,
        "ess_bulk": 3857.932053709568
      },
      "sigma_LR": {
        "mean": 4.464040756225586,
        "median": 4.441878318786621,
        "sd": 0.6468228101730347,
        "hdi_2.5": 3.2602813243865967,
        "hdi_97.5": 5.741135597229004,
        "rhat": 1.0003276695823218,
        "ess_bulk": 4007.313559195253
      }
    },
    "n_divergences": 0,
    "n_chains": 4,
    "n_samples_per_chain": 2000
  },
  "behavior": {
    "r_obs_vs_pred": -0.06905174825681276,
    "rmse": 60.38740751832821,
    "mae": 25.597922529063762,
    "n_trials": 193
  },
  "elapsed_seconds": 99.318922996521
}