{
  "subject_idx": 105,
  "subject_id": "SP_080943",
  "is_patient": false,
  "condition": "changepoint",
  "n_trials": 194,
  "n_blocks": 2,
  "sub_blocks_avoid_seek": [
    0,
    1
  ],
  "mcmc_config": {
    "num_warmup": 2000,
    "num_samples": 2000,
    "num_chains": 4
  },
  "fit": {
    "dataset_idx": 105,
    "condition": "changepoint",
    "status": "PASS",
    "attempts": [
      {
        "attempt": 1,
        "num_warmup": 2000,
        "target_accept_prob": 0.95,
        "rhat_max": 1.0020607609245196,
        "ess_min": 5026.731254761378,
        "n_divergences": 0,
        "passes_rhat": true,
        "passes_ess": true,
        "passes_gate": true
      }
    ],
    "params": {
      "H": {
        "mean": 0.013101733289659023,
        "median": 0.012206513434648514,
        "sd": 0.0059017520397901535,
        "hdi_2.5": 0.002973348367959261,
        "hdi_97.5": 0.02455783821642399,
        "rhat": 1.000572185003624,
        "ess_bulk": 5300.391243290006
      },
      "LW": {
        "mean": 0.10533855855464935,
        "median": 0.10293608903884888,
        "sd": 0.03147000074386597,
        "hdi_2.5": 0.04811780899763107,
        "hdi_97.5": 0.1676088124513626,
        "rhat": 1.0003366729151335,
        "ess_bulk": 5569.011378162684
      },
      "log_UU": {
        "mean": 0.9471153020858765,
        "median": 0.9340214729309082,
        "sd": 0.21735727787017822,
        "hdi_2.5": 0.5365310907363892,
        "hdi_97.5": 1.3744431734085083,
        "rhat": 1.001632903473757,
        "ess_bulk": 5817.666570995697
      },
      "sigma_motor": {
        "mean": 17.953357696533203,
        "median": 17.87514877319336,
        "sd": 1.4123808145523071,
        "hdi_2.5": 15.289588928222656,
        "hdi_97.5": 20.768531799316406,
        "rhat": 0.9997956825439626,
        "ess_bulk": 5954.980706030966
      },
      "sigma_LR": {
        "mean": 3.159492254257202,
        "median": 3.131591558456421,
        "sd": 0.5399816036224365,
        "hdi_2.5": 2.115793228149414,
        "hdi_97.5": 4.222263813018799,
        "rhat": 1.0013574867729016,
        "ess_bulk": 5775.671262164149
      }
    },
    "n_divergences": 0,
    "n_chains": 4,
    "n_samples_per_chain": 2000
  },
  "behavior": {
    "r_obs_vs_pred": 0.17788146626205356,
    "rmse": 35.00449927769555,
    "mae": 21.291039762024436,
    "n_trials": 193
  },
  "elapsed_seconds": 47.329726696014404
}