{
  "subject_idx": 128,
  "subject_id": "SP_085713",
  "is_patient": false,
  "condition": "changepoint",
  "n_trials": 194,
  "n_blocks": 2,
  "sub_blocks_avoid_seek": [
    0,
    1
  ],
  "mcmc_config": {
    "num_warmup": 2000,
    "num_samples": 2000,
    "num_chains": 4
  },
  "fit": {
    "dataset_idx": 128,
    "condition": "changepoint",
    "status": "PASS",
    "attempts": [
      {
        "attempt": 1,
        "num_warmup": 2000,
        "target_accept_prob": 0.95,
        "rhat_max": 1.0015299938589775,
        "ess_min": 4087.346839884066,
        "n_divergences": 0,
        "passes_rhat": true,
        "passes_ess": true,
        "passes_gate": true
      }
    ],
    "params": {
      "H": {
        "mean": 0.014409514144062996,
        "median": 0.013404996134340763,
        "sd": 0.006366405636072159,
        "hdi_2.5": 0.0037786108441650867,
        "hdi_97.5": 0.026887906715273857,
        "rhat": 1.0003012348447837,
        "ess_bulk": 4250.225928339841
      },
      "LW": {
        "mean": 0.1286059021949768,
        "median": 0.1272503137588501,
        "sd": 0.03733475133776665,
        "hdi_2.5": 0.05546078458428383,
        "hdi_97.5": 0.197563037276268,
        "rhat": 1.0007102558418794,
        "ess_bulk": 4457.100374791075
      },
      "log_UU": {
        "mean": 0.9440541863441467,
        "median": 0.929985523223877,
        "sd": 0.24169336259365082,
        "hdi_2.5": 0.4773617386817932,
        "hdi_97.5": 1.4136205911636353,
        "rhat": 1.0005774957391633,
        "ess_bulk": 4936.354712699538
      },
      "sigma_motor": {
        "mean": 20.124221801757812,
        "median": 20.04677963256836,
        "sd": 1.6638232469558716,
        "hdi_2.5": 16.96367835998535,
        "hdi_97.5": 23.44510841369629,
        "rhat": 1.0013359953174008,
        "ess_bulk": 5506.072178390969
      },
      "sigma_LR": {
        "mean": 3.518278121948242,
        "median": 3.4912235736846924,
        "sd": 0.6114903092384338,
        "hdi_2.5": 2.324702501296997,
        "hdi_97.5": 4.690856456756592,
        "rhat": 1.0004285259373193,
        "ess_bulk": 4549.723713668501
      }
    },
    "n_divergences": 0,
    "n_chains": 4,
    "n_samples_per_chain": 2000
  },
  "behavior": {
    "r_obs_vs_pred": 0.055999682321361176,
    "rmse": 37.322764893948374,
    "mae": 24.077492845481157,
    "n_trials": 193
  },
  "elapsed_seconds": 33.819852113723755
}