{
  "subject_idx": 94,
  "subject_id": "SP_090202",
  "is_patient": true,
  "condition": "oddball",
  "n_trials": 194,
  "n_blocks": 2,
  "sub_blocks_avoid_seek": [
    2,
    3
  ],
  "mcmc_config": {
    "num_warmup": 2000,
    "num_samples": 2000,
    "num_chains": 4
  },
  "fit": {
    "dataset_idx": 94,
    "condition": "oddball",
    "status": "PASS",
    "attempts": [
      {
        "attempt": 1,
        "num_warmup": 2000,
        "target_accept_prob": 0.95,
        "rhat_max": 1.003447618009382,
        "ess_min": 1058.474239809486,
        "n_divergences": 0,
        "passes_rhat": true,
        "passes_ess": true,
        "passes_gate": true
      }
    ],
    "params": {
      "H": {
        "mean": 0.06847100704908371,
        "median": 0.05141901224851608,
        "sd": 0.06017739698290825,
        "hdi_2.5": 2.6609923224896193e-05,
        "hdi_97.5": 0.1889808624982834,
        "rhat": 1.0003684957640948,
        "ess_bulk": 3100.3616699091212
      },
      "LW": {
        "mean": 0.682442307472229,
        "median": 0.7323095798492432,
        "sd": 0.23458316922187805,
        "hdi_2.5": 0.2334451824426651,
        "hdi_97.5": 0.999863862991333,
        "rhat": 1.0004086239050727,
        "ess_bulk": 3024.2531085910664
      },
      "log_UU": {
        "mean": 3.4516875743865967,
        "median": 3.217325210571289,
        "sd": 2.675182580947876,
        "hdi_2.5": 0.00011552798969205469,
        "hdi_97.5": 8.36767578125,
        "rhat": 1.0019106943725575,
        "ess_bulk": 1201.1181165297785
      },
      "sigma_motor": {
        "mean": 9.52647876739502,
        "median": 9.535711288452148,
        "sd": 0.5526935458183289,
        "hdi_2.5": 8.474584579467773,
        "hdi_97.5": 10.654182434082031,
        "rhat": 1.0007933372361948,
        "ess_bulk": 2155.8929916210313
      },
      "sigma_LR": {
        "mean": 0.7708327174186707,
        "median": 0.6659250259399414,
        "sd": 0.49847710132598877,
        "hdi_2.5": 0.016413265839219093,
        "hdi_97.5": 1.7670527696609497,
        "rhat": 1.0008608314715546,
        "ess_bulk": 3795.6327654180664
      }
    },
    "n_divergences": 0,
    "n_chains": 4,
    "n_samples_per_chain": 2000
  },
  "behavior": {
    "r_obs_vs_pred": 0.0796469660323568,
    "rmse": 9.550409575373537,
    "mae": 3.565691396743035,
    "n_trials": 193
  },
  "elapsed_seconds": 88.29117965698242
}