{
  "subject_idx": 124,
  "subject_id": "SP_085577",
  "is_patient": false,
  "condition": "oddball",
  "n_trials": 194,
  "n_blocks": 2,
  "sub_blocks_avoid_seek": [
    2,
    3
  ],
  "mcmc_config": {
    "num_warmup": 2000,
    "num_samples": 2000,
    "num_chains": 4
  },
  "fit": {
    "dataset_idx": 124,
    "condition": "oddball",
    "status": "PASS",
    "attempts": [
      {
        "attempt": 1,
        "num_warmup": 2000,
        "target_accept_prob": 0.95,
        "rhat_max": 1.0024885493601576,
        "ess_min": 3906.8762942465805,
        "n_divergences": 0,
        "passes_rhat": true,
        "passes_ess": true,
        "passes_gate": true
      }
    ],
    "params": {
      "H": {
        "mean": 0.3611660599708557,
        "median": 0.36056703329086304,
        "sd": 0.05281712859869003,
        "hdi_2.5": 0.2574971318244934,
        "hdi_97.5": 0.46411168575286865,
        "rhat": 1.0004045184662131,
        "ess_bulk": 4588.832444835811
      },
      "LW": {
        "mean": 0.039439063519239426,
        "median": 0.04018627107143402,
        "sd": 0.013282107189297676,
        "hdi_2.5": 0.011743616312742233,
        "hdi_97.5": 0.06314986199140549,
        "rhat": 1.001590457195018,
        "ess_bulk": 3927.1713470510836
      },
      "log_UU": {
        "mean": 0.0025413716211915016,
        "median": 0.0018314073095098138,
        "sd": 0.002418427960947156,
        "hdi_2.5": 5.982237638590959e-08,
        "hdi_97.5": 0.007513084448873997,
        "rhat": 0.9999171329863861,
        "ess_bulk": 3999.4743495363814
      },
      "sigma_motor": {
        "mean": 20.48147964477539,
        "median": 20.378719329833984,
        "sd": 1.9004517793655396,
        "hdi_2.5": 16.871944427490234,
        "hdi_97.5": 24.19863510131836,
        "rhat": 0.9998673076381056,
        "ess_bulk": 4273.662144056159
      },
      "sigma_LR": {
        "mean": 3.386772632598877,
        "median": 3.367520332336426,
        "sd": 0.5304616689682007,
        "hdi_2.5": 2.3683619499206543,
        "hdi_97.5": 4.4467244148254395,
        "rhat": 1.000443724494079,
        "ess_bulk": 4818.528392931638
      }
    },
    "n_divergences": 0,
    "n_chains": 4,
    "n_samples_per_chain": 2000
  },
  "behavior": {
    "r_obs_vs_pred": -0.18179828216038738,
    "rmse": 38.13151389807785,
    "mae": 19.72025188977391,
    "n_trials": 193
  },
  "elapsed_seconds": 41.87053203582764
}