{
  "subject_idx": 118,
  "subject_id": "SP_084993",
  "is_patient": false,
  "condition": "changepoint",
  "n_trials": 394,
  "n_blocks": 2,
  "sub_blocks_avoid_seek": [
    0,
    1
  ],
  "mcmc_config": {
    "num_warmup": 2000,
    "num_samples": 2000,
    "num_chains": 4
  },
  "fit": {
    "dataset_idx": 118,
    "condition": "changepoint",
    "status": "PASS",
    "attempts": [
      {
        "attempt": 1,
        "num_warmup": 2000,
        "target_accept_prob": 0.95,
        "rhat_max": 1.001677794472239,
        "ess_min": 5146.386455872345,
        "n_divergences": 0,
        "passes_rhat": true,
        "passes_ess": true,
        "passes_gate": true
      }
    ],
    "params": {
      "H": {
        "mean": 0.007604681886732578,
        "median": 0.007307094521820545,
        "sd": 0.0026611783541738987,
        "hdi_2.5": 0.002854017075151205,
        "hdi_97.5": 0.012679506093263626,
        "rhat": 1.0006069262566415,
        "ess_bulk": 5260.070416773212
      },
      "LW": {
        "mean": 0.06329363584518433,
        "median": 0.06258229911327362,
        "sd": 0.013379882089793682,
        "hdi_2.5": 0.038239218294620514,
        "hdi_97.5": 0.08976216614246368,
        "rhat": 1.001362983230675,
        "ess_bulk": 5647.522810893301
      },
      "log_UU": {
        "mean": 1.1466418504714966,
        "median": 1.1401622295379639,
        "sd": 0.1684459000825882,
        "hdi_2.5": 0.8219763040542603,
        "hdi_97.5": 1.4805598258972168,
        "rhat": 1.0007274648018925,
        "ess_bulk": 6642.255371263046
      },
      "sigma_motor": {
        "mean": 28.195077896118164,
        "median": 28.143783569335938,
        "sd": 1.5179197788238525,
        "hdi_2.5": 25.194841384887695,
        "hdi_97.5": 31.12899398803711,
        "rhat": 1.001230060072607,
        "ess_bulk": 6279.655102212984
      },
      "sigma_LR": {
        "mean": 4.543722629547119,
        "median": 4.526392936706543,
        "sd": 0.5757127404212952,
        "hdi_2.5": 3.373347282409668,
        "hdi_97.5": 5.627516269683838,
        "rhat": 1.0004888724334187,
        "ess_bulk": 6168.887748773078
      }
    },
    "n_divergences": 0,
    "n_chains": 4,
    "n_samples_per_chain": 2000
  },
  "behavior": {
    "r_obs_vs_pred": 0.0891748725209952,
    "rmse": 49.33098895735379,
    "mae": 28.456492881333272,
    "n_trials": 393
  },
  "elapsed_seconds": 54.5806028842926
}