{
  "subject_idx": 113,
  "subject_id": "SP_084205",
  "is_patient": false,
  "condition": "changepoint",
  "n_trials": 194,
  "n_blocks": 2,
  "sub_blocks_avoid_seek": [
    0,
    1
  ],
  "mcmc_config": {
    "num_warmup": 2000,
    "num_samples": 2000,
    "num_chains": 4
  },
  "fit": {
    "dataset_idx": 113,
    "condition": "changepoint",
    "status": "PASS",
    "attempts": [
      {
        "attempt": 1,
        "num_warmup": 2000,
        "target_accept_prob": 0.95,
        "rhat_max": 1.0021343178725624,
        "ess_min": 3870.6227961275436,
        "n_divergences": 0,
        "passes_rhat": true,
        "passes_ess": true,
        "passes_gate": true
      }
    ],
    "params": {
      "H": {
        "mean": 0.01087882462888956,
        "median": 0.01022246852517128,
        "sd": 0.004415980540215969,
        "hdi_2.5": 0.003188908565789461,
        "hdi_97.5": 0.019470179453492165,
        "rhat": 1.0016308321710838,
        "ess_bulk": 4010.501844437696
      },
      "LW": {
        "mean": 0.1338575780391693,
        "median": 0.1306796669960022,
        "sd": 0.020727073773741722,
        "hdi_2.5": 0.09999039024114609,
        "hdi_97.5": 0.17669221758842468,
        "rhat": 1.0006307245670736,
        "ess_bulk": 4128.943502015129
      },
      "log_UU": {
        "mean": 1.0076133012771606,
        "median": 0.9967904090881348,
        "sd": 0.2225426584482193,
        "hdi_2.5": 0.5853353142738342,
        "hdi_97.5": 1.4401601552963257,
        "rhat": 1.0006552095749237,
        "ess_bulk": 4685.600972486024
      },
      "sigma_motor": {
        "mean": 22.043210983276367,
        "median": 21.95865249633789,
        "sd": 1.7330825328826904,
        "hdi_2.5": 18.871747970581055,
        "hdi_97.5": 25.580249786376953,
        "rhat": 1.000739548510214,
        "ess_bulk": 5454.733355611353
      },
      "sigma_LR": {
        "mean": 3.835574150085449,
        "median": 3.803773880004883,
        "sd": 0.6482840180397034,
        "hdi_2.5": 2.592050075531006,
        "hdi_97.5": 5.118813514709473,
        "rhat": 1.0006107734859668,
        "ess_bulk": 5155.589779812921
      }
    },
    "n_divergences": 0,
    "n_chains": 4,
    "n_samples_per_chain": 2000
  },
  "behavior": {
    "r_obs_vs_pred": -0.263404664293958,
    "rmse": 58.335001680855754,
    "mae": 25.285917887912937,
    "n_trials": 193
  },
  "elapsed_seconds": 67.14427709579468
}