{
  "subject_idx": 11,
  "subject_id": "SP_054371",
  "is_patient": true,
  "condition": "changepoint",
  "n_trials": 194,
  "n_blocks": 2,
  "sub_blocks_avoid_seek": [
    0,
    1
  ],
  "mcmc_config": {
    "num_warmup": 2000,
    "num_samples": 2000,
    "num_chains": 4
  },
  "fit": {
    "dataset_idx": 11,
    "condition": "changepoint",
    "status": "PASS",
    "attempts": [
      {
        "attempt": 1,
        "num_warmup": 2000,
        "target_accept_prob": 0.95,
        "rhat_max": 1.0015191318676666,
        "ess_min": 4754.987603011879,
        "n_divergences": 0,
        "passes_rhat": true,
        "passes_ess": true,
        "passes_gate": true
      }
    ],
    "params": {
      "H": {
        "mean": 0.008612427860498428,
        "median": 0.008235848508775234,
        "sd": 0.00308497273363173,
        "hdi_2.5": 0.0032570345792919397,
        "hdi_97.5": 0.01480250433087349,
        "rhat": 1.0012060836241536,
        "ess_bulk": 4774.869080108366
      },
      "LW": {
        "mean": 0.03339928388595581,
        "median": 0.028285309672355652,
        "sd": 0.023677578195929527,
        "hdi_2.5": 0.0007137541542761028,
        "hdi_97.5": 0.07459873706102371,
        "rhat": 1.0007063904358329,
        "ess_bulk": 5773.361463572187
      },
      "log_UU": {
        "mean": 0.843661367893219,
        "median": 0.8326501846313477,
        "sd": 0.16938118636608124,
        "hdi_2.5": 0.5286744236946106,
        "hdi_97.5": 1.1825491189956665,
        "rhat": 1.0012491078031895,
        "ess_bulk": 4950.207460244768
      },
      "sigma_motor": {
        "mean": 8.554165840148926,
        "median": 8.54372787475586,
        "sd": 0.9356961846351624,
        "hdi_2.5": 6.848697662353516,
        "hdi_97.5": 10.500076293945312,
        "rhat": 1.000108526386243,
        "ess_bulk": 6286.600398769799
      },
      "sigma_LR": {
        "mean": 4.011826515197754,
        "median": 3.9907588958740234,
        "sd": 0.5157840847969055,
        "hdi_2.5": 3.04256010055542,
        "hdi_97.5": 5.051894187927246,
        "rhat": 1.0004396421582753,
        "ess_bulk": 6671.484584044175
      }
    },
    "n_divergences": 0,
    "n_chains": 4,
    "n_samples_per_chain": 2000
  },
  "behavior": {
    "r_obs_vs_pred": 0.41937903985460945,
    "rmse": 26.240849883618363,
    "mae": 12.027682308812139,
    "n_trials": 193
  },
  "elapsed_seconds": 37.305187463760376
}