{
  "subject_idx": 125,
  "subject_id": "SP_085588",
  "is_patient": false,
  "condition": "changepoint",
  "n_trials": 194,
  "n_blocks": 2,
  "sub_blocks_avoid_seek": [
    0,
    1
  ],
  "mcmc_config": {
    "num_warmup": 2000,
    "num_samples": 2000,
    "num_chains": 4
  },
  "fit": {
    "dataset_idx": 125,
    "condition": "changepoint",
    "status": "PASS",
    "attempts": [
      {
        "attempt": 1,
        "num_warmup": 2000,
        "target_accept_prob": 0.95,
        "rhat_max": 1.0012090513483114,
        "ess_min": 4498.318328253635,
        "n_divergences": 0,
        "passes_rhat": true,
        "passes_ess": true,
        "passes_gate": true
      }
    ],
    "params": {
      "H": {
        "mean": 0.016687896102666855,
        "median": 0.015927670523524284,
        "sd": 0.006495047826319933,
        "hdi_2.5": 0.005567585118114948,
        "hdi_97.5": 0.030279316008090973,
        "rhat": 1.00039231518271,
        "ess_bulk": 4569.8274436609745
      },
      "LW": {
        "mean": 0.04441051185131073,
        "median": 0.04311405122280121,
        "sd": 0.012927131727337837,
        "hdi_2.5": 0.020733870565891266,
        "hdi_97.5": 0.07037441432476044,
        "rhat": 1.0012090513483114,
        "ess_bulk": 5256.910000263587
      },
      "log_UU": {
        "mean": 1.121799111366272,
        "median": 1.1131839752197266,
        "sd": 0.25661346316337585,
        "hdi_2.5": 0.5882895588874817,
        "hdi_97.5": 1.5976965427398682,
        "rhat": 1.000323190162577,
        "ess_bulk": 5180.095079330397
      },
      "sigma_motor": {
        "mean": 25.840505599975586,
        "median": 25.75817108154297,
        "sd": 2.4876656532287598,
        "hdi_2.5": 21.145206451416016,
        "hdi_97.5": 30.747344970703125,
        "rhat": 1.00010156265639,
        "ess_bulk": 4831.176238516756
      },
      "sigma_LR": {
        "mean": 5.017343521118164,
        "median": 5.002621650695801,
        "sd": 0.7077561616897583,
        "hdi_2.5": 3.6829710006713867,
        "hdi_97.5": 6.443486213684082,
        "rhat": 1.0005478116811726,
        "ess_bulk": 5072.9481325484885
      }
    },
    "n_divergences": 0,
    "n_chains": 4,
    "n_samples_per_chain": 2000
  },
  "behavior": {
    "r_obs_vs_pred": -0.1583652590090434,
    "rmse": 52.89640813896105,
    "mae": 27.253735084926294,
    "n_trials": 193
  },
  "elapsed_seconds": 50.86447310447693
}