{
  "subject_idx": 25,
  "subject_id": "SP_070277",
  "is_patient": true,
  "condition": "changepoint",
  "n_trials": 194,
  "n_blocks": 2,
  "sub_blocks_avoid_seek": [
    0,
    1
  ],
  "mcmc_config": {
    "num_warmup": 2000,
    "num_samples": 2000,
    "num_chains": 4
  },
  "fit": {
    "dataset_idx": 25,
    "condition": "changepoint",
    "status": "PASS",
    "attempts": [
      {
        "attempt": 1,
        "num_warmup": 2000,
        "target_accept_prob": 0.95,
        "rhat_max": 1.0012484405232842,
        "ess_min": 4339.303571037681,
        "n_divergences": 0,
        "passes_rhat": true,
        "passes_ess": true,
        "passes_gate": true
      }
    ],
    "params": {
      "H": {
        "mean": 0.006804699543863535,
        "median": 0.005983426235616207,
        "sd": 0.004073971416801214,
        "hdi_2.5": 0.000766940473113209,
        "hdi_97.5": 0.014676571823656559,
        "rhat": 1.0002582327031029,
        "ess_bulk": 4400.754942746129
      },
      "LW": {
        "mean": 0.07369816303253174,
        "median": 0.07128164172172546,
        "sd": 0.023493247106671333,
        "hdi_2.5": 0.030658740550279617,
        "hdi_97.5": 0.12035605311393738,
        "rhat": 1.000167620805786,
        "ess_bulk": 5126.188767773672
      },
      "log_UU": {
        "mean": 1.1865818500518799,
        "median": 1.1641558408737183,
        "sd": 0.31028738617897034,
        "hdi_2.5": 0.6152974963188171,
        "hdi_97.5": 1.7967830896377563,
        "rhat": 1.000127550424914,
        "ess_bulk": 5822.134233219606
      },
      "sigma_motor": {
        "mean": 35.21831130981445,
        "median": 35.14695739746094,
        "sd": 2.1689724922180176,
        "hdi_2.5": 31.253585815429688,
        "hdi_97.5": 39.78289031982422,
        "rhat": 1.0009266394440408,
        "ess_bulk": 5739.57013327774
      },
      "sigma_LR": {
        "mean": 3.3735153675079346,
        "median": 3.34133243560791,
        "sd": 0.5689363479614258,
        "hdi_2.5": 2.2917098999023438,
        "hdi_97.5": 4.491170883178711,
        "rhat": 1.001000042164563,
        "ess_bulk": 5611.235956679105
      }
    },
    "n_divergences": 0,
    "n_chains": 4,
    "n_samples_per_chain": 2000
  },
  "behavior": {
    "r_obs_vs_pred": -0.08015506283187772,
    "rmse": 52.87324050410001,
    "mae": 27.09157286090728,
    "n_trials": 193
  },
  "elapsed_seconds": 55.22211742401123
}