{
  "subject_idx": 79,
  "subject_id": "SP_085871",
  "is_patient": true,
  "condition": "changepoint",
  "n_trials": 194,
  "n_blocks": 2,
  "sub_blocks_avoid_seek": [
    0,
    1
  ],
  "mcmc_config": {
    "num_warmup": 2000,
    "num_samples": 2000,
    "num_chains": 4
  },
  "fit": {
    "dataset_idx": 79,
    "condition": "changepoint",
    "status": "PASS",
    "attempts": [
      {
        "attempt": 1,
        "num_warmup": 2000,
        "target_accept_prob": 0.95,
        "rhat_max": 1.0013690227800207,
        "ess_min": 4010.2284314961266,
        "n_divergences": 0,
        "passes_rhat": true,
        "passes_ess": true,
        "passes_gate": true
      }
    ],
    "params": {
      "H": {
        "mean": 0.0127494428306818,
        "median": 0.012385234236717224,
        "sd": 0.0034464006312191486,
        "hdi_2.5": 0.006813072599470615,
        "hdi_97.5": 0.019758811220526695,
        "rhat": 1.0004662434837006,
        "ess_bulk": 4141.209252113634
      },
      "LW": {
        "mean": 0.11084115505218506,
        "median": 0.11101982742547989,
        "sd": 0.013291144743561745,
        "hdi_2.5": 0.085122250020504,
        "hdi_97.5": 0.13725072145462036,
        "rhat": 1.0003683309874805,
        "ess_bulk": 4435.324872995231
      },
      "log_UU": {
        "mean": 0.9372417330741882,
        "median": 0.9306644201278687,
        "sd": 0.14861704409122467,
        "hdi_2.5": 0.6589738130569458,
        "hdi_97.5": 1.2300069332122803,
        "rhat": 1.0003001014231923,
        "ess_bulk": 4779.478728838697
      },
      "sigma_motor": {
        "mean": 11.180595397949219,
        "median": 11.127656936645508,
        "sd": 0.9965975880622864,
        "hdi_2.5": 9.325143814086914,
        "hdi_97.5": 13.230859756469727,
        "rhat": 1.0004928642335644,
        "ess_bulk": 5494.725085348274
      },
      "sigma_LR": {
        "mean": 5.15795373916626,
        "median": 5.144698143005371,
        "sd": 0.5451915264129639,
        "hdi_2.5": 4.120532512664795,
        "hdi_97.5": 6.229826927185059,
        "rhat": 1.0002948372924862,
        "ess_bulk": 5475.06254020728
      }
    },
    "n_divergences": 0,
    "n_chains": 4,
    "n_samples_per_chain": 2000
  },
  "behavior": {
    "r_obs_vs_pred": 0.05644105420247833,
    "rmse": 40.28543355321721,
    "mae": 17.659630385492903,
    "n_trials": 193
  },
  "elapsed_seconds": 56.010804891586304
}