{
  "subject_idx": 47,
  "subject_id": "SP_009595",
  "is_patient": true,
  "condition": "oddball",
  "n_trials": 194,
  "n_blocks": 2,
  "sub_blocks_avoid_seek": [
    2,
    3
  ],
  "mcmc_config": {
    "num_warmup": 2000,
    "num_samples": 2000,
    "num_chains": 4
  },
  "fit": {
    "dataset_idx": 47,
    "condition": "oddball",
    "status": "PASS",
    "attempts": [
      {
        "attempt": 1,
        "num_warmup": 2000,
        "target_accept_prob": 0.95,
        "rhat_max": 1.0026715576627163,
        "ess_min": 2992.340347991735,
        "n_divergences": 0,
        "passes_rhat": true,
        "passes_ess": true,
        "passes_gate": true
      }
    ],
    "params": {
      "H": {
        "mean": 0.32062822580337524,
        "median": 0.3196371793746948,
        "sd": 0.059180304408073425,
        "hdi_2.5": 0.2064540982246399,
        "hdi_97.5": 0.439829558134079,
        "rhat": 1.0008040530341078,
        "ess_bulk": 3701.793466493033
      },
      "LW": {
        "mean": 0.07168179750442505,
        "median": 0.07209785282611847,
        "sd": 0.01853273995220661,
        "hdi_2.5": 0.03379055857658386,
        "hdi_97.5": 0.10629408806562424,
        "rhat": 1.0018805201425651,
        "ess_bulk": 4640.815779522131
      },
      "log_UU": {
        "mean": 0.0049957409501075745,
        "median": 0.003418782725930214,
        "sd": 0.004974312614649534,
        "hdi_2.5": 1.0507904768530807e-08,
        "hdi_97.5": 0.01495183352380991,
        "rhat": 1.0006397180584818,
        "ess_bulk": 2992.340347991735
      },
      "sigma_motor": {
        "mean": 9.299176216125488,
        "median": 9.236451148986816,
        "sd": 1.1754717826843262,
        "hdi_2.5": 7.043672561645508,
        "hdi_97.5": 11.605672836303711,
        "rhat": 1.0002460424778892,
        "ess_bulk": 3017.508240700376
      },
      "sigma_LR": {
        "mean": 2.0039074420928955,
        "median": 1.9848003387451172,
        "sd": 0.31136542558670044,
        "hdi_2.5": 1.40182626247406,
        "hdi_97.5": 2.61550235748291,
        "rhat": 1.0008156611189067,
        "ess_bulk": 4794.581063960826
      }
    },
    "n_divergences": 0,
    "n_chains": 4,
    "n_samples_per_chain": 2000
  },
  "behavior": {
    "r_obs_vs_pred": -0.15903637650352928,
    "rmse": 23.13587186173347,
    "mae": 11.12866639924945,
    "n_trials": 193
  },
  "elapsed_seconds": 93.74247407913208
}