{
  "subject_idx": 129,
  "subject_id": "SP_085735",
  "is_patient": false,
  "condition": "oddball",
  "n_trials": 194,
  "n_blocks": 2,
  "sub_blocks_avoid_seek": [
    2,
    3
  ],
  "mcmc_config": {
    "num_warmup": 2000,
    "num_samples": 2000,
    "num_chains": 4
  },
  "fit": {
    "dataset_idx": 129,
    "condition": "oddball",
    "status": "PASS",
    "attempts": [
      {
        "attempt": 1,
        "num_warmup": 2000,
        "target_accept_prob": 0.95,
        "rhat_max": 1.0021144333318988,
        "ess_min": 2665.569315324283,
        "n_divergences": 0,
        "passes_rhat": true,
        "passes_ess": true,
        "passes_gate": true
      }
    ],
    "params": {
      "H": {
        "mean": 0.17331479489803314,
        "median": 0.16778917610645294,
        "sd": 0.06186603009700775,
        "hdi_2.5": 0.05660601332783699,
        "hdi_97.5": 0.29069578647613525,
        "rhat": 1.0019325427255237,
        "ess_bulk": 2848.8116034060304
      },
      "LW": {
        "mean": 0.02779068611562252,
        "median": 0.026787767186760902,
        "sd": 0.013673205859959126,
        "hdi_2.5": 0.002044328488409519,
        "hdi_97.5": 0.05231805145740509,
        "rhat": 1.00071986062734,
        "ess_bulk": 2851.8282027189607
      },
      "log_UU": {
        "mean": 0.05187121406197548,
        "median": 0.04959829896688461,
        "sd": 0.02772589959204197,
        "hdi_2.5": 0.0026440469082444906,
        "hdi_97.5": 0.10450820624828339,
        "rhat": 1.0015064812596208,
        "ess_bulk": 2774.550122425024
      },
      "sigma_motor": {
        "mean": 32.21091079711914,
        "median": 32.1787109375,
        "sd": 2.1212310791015625,
        "hdi_2.5": 28.077816009521484,
        "hdi_97.5": 36.36346435546875,
        "rhat": 1.0016594936621757,
        "ess_bulk": 4788.396868407117
      },
      "sigma_LR": {
        "mean": 3.286167860031128,
        "median": 3.2536423206329346,
        "sd": 0.4838828146457672,
        "hdi_2.5": 2.388507127761841,
        "hdi_97.5": 4.24869441986084,
        "rhat": 1.0005559477671186,
        "ess_bulk": 4073.187953313658
      }
    },
    "n_divergences": 0,
    "n_chains": 4,
    "n_samples_per_chain": 2000
  },
  "behavior": {
    "r_obs_vs_pred": -0.6130645686510964,
    "rmse": 74.14910720567033,
    "mae": 41.99085791448102,
    "n_trials": 193
  },
  "elapsed_seconds": 91.92343282699585
}