{
  "subject_idx": 90,
  "subject_id": "SP_089515",
  "is_patient": true,
  "condition": "changepoint",
  "n_trials": 194,
  "n_blocks": 2,
  "sub_blocks_avoid_seek": [
    0,
    1
  ],
  "mcmc_config": {
    "num_warmup": 2000,
    "num_samples": 2000,
    "num_chains": 4
  },
  "fit": {
    "dataset_idx": 90,
    "condition": "changepoint",
    "status": "PASS",
    "attempts": [
      {
        "attempt": 1,
        "num_warmup": 2000,
        "target_accept_prob": 0.95,
        "rhat_max": 1.0018227166191254,
        "ess_min": 3442.0079885286464,
        "n_divergences": 0,
        "passes_rhat": true,
        "passes_ess": true,
        "passes_gate": true
      }
    ],
    "params": {
      "H": {
        "mean": 0.005301924888044596,
        "median": 0.004974785260856152,
        "sd": 0.002263859612867236,
        "hdi_2.5": 0.001479277154430747,
        "hdi_97.5": 0.009833499789237976,
        "rhat": 1.0015508532108943,
        "ess_bulk": 3710.3393279606867
      },
      "LW": {
        "mean": 0.10038905590772629,
        "median": 0.10003513097763062,
        "sd": 0.014083688147366047,
        "hdi_2.5": 0.07233276963233948,
        "hdi_97.5": 0.12719690799713135,
        "rhat": 1.000714912541586,
        "ess_bulk": 3769.6440468215706
      },
      "log_UU": {
        "mean": 1.2018414735794067,
        "median": 1.1965532302856445,
        "sd": 0.21807695925235748,
        "hdi_2.5": 0.7747530341148376,
        "hdi_97.5": 1.6232008934020996,
        "rhat": 1.0008166870090522,
        "ess_bulk": 4996.297310341488
      },
      "sigma_motor": {
        "mean": 21.610065460205078,
        "median": 21.534034729003906,
        "sd": 1.8874403238296509,
        "hdi_2.5": 18.026649475097656,
        "hdi_97.5": 25.2235164642334,
        "rhat": 1.001161289869508,
        "ess_bulk": 4679.988502312046
      },
      "sigma_LR": {
        "mean": 5.705874919891357,
        "median": 5.6963276863098145,
        "sd": 0.753909707069397,
        "hdi_2.5": 4.236444473266602,
        "hdi_97.5": 7.181687355041504,
        "rhat": 1.000641836853139,
        "ess_bulk": 4559.9881838946
      }
    },
    "n_divergences": 0,
    "n_chains": 4,
    "n_samples_per_chain": 2000
  },
  "behavior": {
    "r_obs_vs_pred": -0.04726854322942324,
    "rmse": 51.758041416669016,
    "mae": 23.395361709939266,
    "n_trials": 193
  },
  "elapsed_seconds": 56.44749045372009
}