{
  "subject_idx": 131,
  "subject_id": "SP_085814",
  "is_patient": false,
  "condition": "oddball",
  "n_trials": 194,
  "n_blocks": 2,
  "sub_blocks_avoid_seek": [
    2,
    3
  ],
  "mcmc_config": {
    "num_warmup": 2000,
    "num_samples": 2000,
    "num_chains": 4
  },
  "fit": {
    "dataset_idx": 131,
    "condition": "oddball",
    "status": "PASS",
    "attempts": [
      {
        "attempt": 1,
        "num_warmup": 2000,
        "target_accept_prob": 0.95,
        "rhat_max": 1.0012359733519458,
        "ess_min": 4202.409337343564,
        "n_divergences": 0,
        "passes_rhat": true,
        "passes_ess": true,
        "passes_gate": true
      }
    ],
    "params": {
      "H": {
        "mean": 0.05368391424417496,
        "median": 0.04044736176729202,
        "sd": 0.04865505173802376,
        "hdi_2.5": 5.3697141993325204e-05,
        "hdi_97.5": 0.15153320133686066,
        "rhat": 1.0002826368516267,
        "ess_bulk": 5110.953039653747
      },
      "LW": {
        "mean": 0.6584035158157349,
        "median": 0.697921872138977,
        "sd": 0.24108855426311493,
        "hdi_2.5": 0.19962121546268463,
        "hdi_97.5": 0.9999897480010986,
        "rhat": 1.000983512324778,
        "ess_bulk": 4789.624718144741
      },
      "log_UU": {
        "mean": 3.677004814147949,
        "median": 3.2733726501464844,
        "sd": 2.5083682537078857,
        "hdi_2.5": 0.03996261954307556,
        "hdi_97.5": 8.475207328796387,
        "rhat": 1.0004475791060479,
        "ess_bulk": 5345.028511424603
      },
      "sigma_motor": {
        "mean": 31.910524368286133,
        "median": 31.85228729248047,
        "sd": 1.5456796884536743,
        "hdi_2.5": 28.932842254638672,
        "hdi_97.5": 34.936092376708984,
        "rhat": 1.0006675598271786,
        "ess_bulk": 5939.826741875889
      },
      "sigma_LR": {
        "mean": 1.132405400276184,
        "median": 1.0540082454681396,
        "sd": 0.6412386298179626,
        "hdi_2.5": 0.007369076833128929,
        "hdi_97.5": 2.2925329208374023,
        "rhat": 1.0002082803798382,
        "ess_bulk": 4603.367312810203
      }
    },
    "n_divergences": 0,
    "n_chains": 4,
    "n_samples_per_chain": 2000
  },
  "behavior": {
    "r_obs_vs_pred": -0.1769678190593096,
    "rmse": 33.075102971817415,
    "mae": 23.781461896062645,
    "n_trials": 193
  },
  "elapsed_seconds": 46.96519899368286
}