{
  "subject_idx": 33,
  "subject_id": "SP_081437",
  "is_patient": true,
  "condition": "oddball",
  "n_trials": 394,
  "n_blocks": 2,
  "sub_blocks_avoid_seek": [
    2,
    3
  ],
  "mcmc_config": {
    "num_warmup": 2000,
    "num_samples": 2000,
    "num_chains": 4
  },
  "fit": {
    "dataset_idx": 33,
    "condition": "oddball",
    "status": "PASS",
    "attempts": [
      {
        "attempt": 1,
        "num_warmup": 2000,
        "target_accept_prob": 0.95,
        "rhat_max": 1.0013702633633608,
        "ess_min": 6386.4122294433255,
        "n_divergences": 0,
        "passes_rhat": true,
        "passes_ess": true,
        "passes_gate": true
      }
    ],
    "params": {
      "H": {
        "mean": 0.047140467911958694,
        "median": 0.034346770495176315,
        "sd": 0.04310884326696396,
        "hdi_2.5": 6.609007687075064e-05,
        "hdi_97.5": 0.13513807952404022,
        "rhat": 1.000445639975218,
        "ess_bulk": 6792.810369765646
      },
      "LW": {
        "mean": 0.66031813621521,
        "median": 0.6975350379943848,
        "sd": 0.23779280483722687,
        "hdi_2.5": 0.21744421124458313,
        "hdi_97.5": 0.9999582767486572,
        "rhat": 1.0000141072222877,
        "ess_bulk": 7502.371754300155
      },
      "log_UU": {
        "mean": 4.147045135498047,
        "median": 3.8254904747009277,
        "sd": 2.3896262645721436,
        "hdi_2.5": 0.2747687101364136,
        "hdi_97.5": 8.718074798583984,
        "rhat": 1.0013702633633608,
        "ess_bulk": 9037.475931544666
      },
      "sigma_motor": {
        "mean": 48.121944427490234,
        "median": 48.05143356323242,
        "sd": 1.665453314781189,
        "hdi_2.5": 44.895259857177734,
        "hdi_97.5": 51.40857696533203,
        "rhat": 1.0003771088982543,
        "ess_bulk": 8320.263647678214
      },
      "sigma_LR": {
        "mean": 1.8260306119918823,
        "median": 1.776621699333191,
        "sd": 0.5999881029129028,
        "hdi_2.5": 0.6953884363174438,
        "hdi_97.5": 3.002422571182251,
        "rhat": 1.001334899820214,
        "ess_bulk": 8102.930399046637
      }
    },
    "n_divergences": 0,
    "n_chains": 4,
    "n_samples_per_chain": 2000
  },
  "behavior": {
    "r_obs_vs_pred": -0.23084981759586717,
    "rmse": 50.898630766176375,
    "mae": 33.7307298056361,
    "n_trials": 393
  },
  "elapsed_seconds": 65.58147192001343
}