{
  "subject_idx": 10,
  "subject_id": "SP_052424",
  "is_patient": true,
  "condition": "oddball",
  "n_trials": 194,
  "n_blocks": 2,
  "sub_blocks_avoid_seek": [
    2,
    3
  ],
  "mcmc_config": {
    "num_warmup": 2000,
    "num_samples": 2000,
    "num_chains": 4
  },
  "fit": {
    "dataset_idx": 10,
    "condition": "oddball",
    "status": "PASS",
    "attempts": [
      {
        "attempt": 1,
        "num_warmup": 2000,
        "target_accept_prob": 0.95,
        "rhat_max": 1.0022671424185274,
        "ess_min": 3093.4308721372386,
        "n_divergences": 0,
        "passes_rhat": true,
        "passes_ess": true,
        "passes_gate": true
      }
    ],
    "params": {
      "H": {
        "mean": 0.24382977187633514,
        "median": 0.2428462952375412,
        "sd": 0.060236118733882904,
        "hdi_2.5": 0.12698683142662048,
        "hdi_97.5": 0.35887786746025085,
        "rhat": 1.0004121796221965,
        "ess_bulk": 3599.864375910572
      },
      "LW": {
        "mean": 0.05082353949546814,
        "median": 0.051150351762771606,
        "sd": 0.012560592964291573,
        "hdi_2.5": 0.025967475026845932,
        "hdi_97.5": 0.07573302090167999,
        "rhat": 1.0022671424185274,
        "ess_bulk": 3093.4308721372386
      },
      "log_UU": {
        "mean": 0.003761809319257736,
        "median": 0.0026165740564465523,
        "sd": 0.0037246644496917725,
        "hdi_2.5": 1.1448189525253838e-06,
        "hdi_97.5": 0.011342138983309269,
        "rhat": 1.0003082644038328,
        "ess_bulk": 3750.503956142304
      },
      "sigma_motor": {
        "mean": 19.903152465820312,
        "median": 19.757709503173828,
        "sd": 1.9091596603393555,
        "hdi_2.5": 16.373462677001953,
        "hdi_97.5": 23.63980484008789,
        "rhat": 1.0002649896256814,
        "ess_bulk": 4463.54736422909
      },
      "sigma_LR": {
        "mean": 3.146367073059082,
        "median": 3.114461898803711,
        "sd": 0.45068323612213135,
        "hdi_2.5": 2.3362226486206055,
        "hdi_97.5": 4.0617756843566895,
        "rhat": 1.0018454122889033,
        "ess_bulk": 4077.3436800745803
      }
    },
    "n_divergences": 0,
    "n_chains": 4,
    "n_samples_per_chain": 2000
  },
  "behavior": {
    "r_obs_vs_pred": -0.3830149531748587,
    "rmse": 50.87370383350763,
    "mae": 24.164199106318037,
    "n_trials": 193
  },
  "elapsed_seconds": 41.329349994659424
}