{
  "subject_idx": 99,
  "subject_id": "SP_090742",
  "is_patient": true,
  "condition": "changepoint",
  "n_trials": 194,
  "n_blocks": 2,
  "sub_blocks_avoid_seek": [
    0,
    1
  ],
  "mcmc_config": {
    "num_warmup": 2000,
    "num_samples": 2000,
    "num_chains": 4
  },
  "fit": {
    "dataset_idx": 99,
    "condition": "changepoint",
    "status": "PASS",
    "attempts": [
      {
        "attempt": 1,
        "num_warmup": 2000,
        "target_accept_prob": 0.95,
        "rhat_max": 1.0007924921243205,
        "ess_min": 4423.424719810906,
        "n_divergences": 0,
        "passes_rhat": true,
        "passes_ess": true,
        "passes_gate": true
      }
    ],
    "params": {
      "H": {
        "mean": 0.014351056888699532,
        "median": 0.013506390154361725,
        "sd": 0.00542176840826869,
        "hdi_2.5": 0.00531738018617034,
        "hdi_97.5": 0.024957353249192238,
        "rhat": 1.0001661311974401,
        "ess_bulk": 5019.943603608272
      },
      "LW": {
        "mean": 0.10293659567832947,
        "median": 0.10171100497245789,
        "sd": 0.02675599977374077,
        "hdi_2.5": 0.050907887518405914,
        "hdi_97.5": 0.15411148965358734,
        "rhat": 1.0003216180013825,
        "ess_bulk": 5137.137191291957
      },
      "log_UU": {
        "mean": 0.9307834506034851,
        "median": 0.9177039861679077,
        "sd": 0.2139677256345749,
        "hdi_2.5": 0.5195849537849426,
        "hdi_97.5": 1.350113868713379,
        "rhat": 0.9999493014549184,
        "ess_bulk": 5018.032744089844
      },
      "sigma_motor": {
        "mean": 23.090286254882812,
        "median": 22.998722076416016,
        "sd": 1.833876371383667,
        "hdi_2.5": 19.62174415588379,
        "hdi_97.5": 26.71141242980957,
        "rhat": 1.0005722894535791,
        "ess_bulk": 5362.842904274062
      },
      "sigma_LR": {
        "mean": 4.325584888458252,
        "median": 4.3080973625183105,
        "sd": 0.6135361790657043,
        "hdi_2.5": 3.1225881576538086,
        "hdi_97.5": 5.5223612785339355,
        "rhat": 1.0001494446606283,
        "ess_bulk": 5578.214872166098
      }
    },
    "n_divergences": 0,
    "n_chains": 4,
    "n_samples_per_chain": 2000
  },
  "behavior": {
    "r_obs_vs_pred": -0.20490912652292367,
    "rmse": 50.302592698983325,
    "mae": 25.79869349945549,
    "n_trials": 193
  },
  "elapsed_seconds": 44.97129464149475
}