{
  "subject_idx": 111,
  "subject_id": "SP_084025",
  "is_patient": false,
  "condition": "changepoint",
  "n_trials": 194,
  "n_blocks": 2,
  "sub_blocks_avoid_seek": [
    0,
    1
  ],
  "mcmc_config": {
    "num_warmup": 2000,
    "num_samples": 2000,
    "num_chains": 4
  },
  "fit": {
    "dataset_idx": 111,
    "condition": "changepoint",
    "status": "PASS",
    "attempts": [
      {
        "attempt": 1,
        "num_warmup": 2000,
        "target_accept_prob": 0.95,
        "rhat_max": 1.0011198169039528,
        "ess_min": 4115.998233634561,
        "n_divergences": 0,
        "passes_rhat": true,
        "passes_ess": true,
        "passes_gate": true
      }
    ],
    "params": {
      "H": {
        "mean": 0.006499050185084343,
        "median": 0.006118100136518478,
        "sd": 0.002714622998610139,
        "hdi_2.5": 0.0020126672461628914,
        "hdi_97.5": 0.012094368226826191,
        "rhat": 1.00045191405054,
        "ess_bulk": 4397.102156911482
      },
      "LW": {
        "mean": 0.10512404143810272,
        "median": 0.10369208455085754,
        "sd": 0.0205472931265831,
        "hdi_2.5": 0.06697080284357071,
        "hdi_97.5": 0.1460627317428589,
        "rhat": 1.0002690013701034,
        "ess_bulk": 4820.8874527799235
      },
      "log_UU": {
        "mean": 0.961381196975708,
        "median": 0.9565441608428955,
        "sd": 0.18075808882713318,
        "hdi_2.5": 0.6224210858345032,
        "hdi_97.5": 1.3264721632003784,
        "rhat": 1.0011198169039528,
        "ess_bulk": 5216.715195923271
      },
      "sigma_motor": {
        "mean": 18.186193466186523,
        "median": 18.124805450439453,
        "sd": 1.6419273614883423,
        "hdi_2.5": 14.955567359924316,
        "hdi_97.5": 21.312484741210938,
        "rhat": 1.0003844216679938,
        "ess_bulk": 5443.857582266182
      },
      "sigma_LR": {
        "mean": 5.363528251647949,
        "median": 5.340759754180908,
        "sd": 0.6323255300521851,
        "hdi_2.5": 4.1795549392700195,
        "hdi_97.5": 6.629415035247803,
        "rhat": 1.0006843703339625,
        "ess_bulk": 5294.528326609494
      }
    },
    "n_divergences": 0,
    "n_chains": 4,
    "n_samples_per_chain": 2000
  },
  "behavior": {
    "r_obs_vs_pred": -0.14222639566490686,
    "rmse": 57.455945432277204,
    "mae": 26.206014673761214,
    "n_trials": 193
  },
  "elapsed_seconds": 49.57374548912048
}