{
  "subject_idx": 53,
  "subject_id": "SP_031274",
  "is_patient": true,
  "condition": "oddball",
  "n_trials": 194,
  "n_blocks": 2,
  "sub_blocks_avoid_seek": [
    2,
    3
  ],
  "mcmc_config": {
    "num_warmup": 2000,
    "num_samples": 2000,
    "num_chains": 4
  },
  "fit": {
    "dataset_idx": 53,
    "condition": "oddball",
    "status": "PASS",
    "attempts": [
      {
        "attempt": 1,
        "num_warmup": 2000,
        "target_accept_prob": 0.95,
        "rhat_max": 1.0021801035329543,
        "ess_min": 2701.76756922663,
        "n_divergences": 0,
        "passes_rhat": true,
        "passes_ess": true,
        "passes_gate": true
      }
    ],
    "params": {
      "H": {
        "mean": 0.0926431193947792,
        "median": 0.06864459812641144,
        "sd": 0.08037040382623672,
        "hdi_2.5": 0.00011220179294468835,
        "hdi_97.5": 0.25786009430885315,
        "rhat": 1.0018503011442002,
        "ess_bulk": 2749.414374859735
      },
      "LW": {
        "mean": 0.18743069469928741,
        "median": 0.17697839438915253,
        "sd": 0.07435208559036255,
        "hdi_2.5": 0.06140393018722534,
        "hdi_97.5": 0.3452865779399872,
        "rhat": 1.0020387537531696,
        "ess_bulk": 3038.568502905981
      },
      "log_UU": {
        "mean": 0.03347701206803322,
        "median": 0.025345578789711,
        "sd": 0.029517201706767082,
        "hdi_2.5": 3.440359068918042e-05,
        "hdi_97.5": 0.09164213389158249,
        "rhat": 1.0011134336115464,
        "ess_bulk": 3583.9215201667403
      },
      "sigma_motor": {
        "mean": 16.509069442749023,
        "median": 16.534996032714844,
        "sd": 1.2199496030807495,
        "hdi_2.5": 14.082260131835938,
        "hdi_97.5": 18.90069580078125,
        "rhat": 1.0021801035329543,
        "ess_bulk": 3490.317541398576
      },
      "sigma_LR": {
        "mean": 2.381727457046509,
        "median": 2.34360933303833,
        "sd": 0.49731186032295227,
        "hdi_2.5": 1.4796218872070312,
        "hdi_97.5": 3.404270887374878,
        "rhat": 1.0000784011143524,
        "ess_bulk": 4578.390545152491
      }
    },
    "n_divergences": 0,
    "n_chains": 4,
    "n_samples_per_chain": 2000
  },
  "behavior": {
    "r_obs_vs_pred": -0.4700223146754958,
    "rmse": 22.012909480524172,
    "mae": 10.884695209350456,
    "n_trials": 193
  },
  "elapsed_seconds": 45.78742003440857
}