{
  "subject_idx": 75,
  "subject_id": "SP_084677",
  "is_patient": true,
  "condition": "changepoint",
  "n_trials": 194,
  "n_blocks": 2,
  "sub_blocks_avoid_seek": [
    0,
    1
  ],
  "mcmc_config": {
    "num_warmup": 2000,
    "num_samples": 2000,
    "num_chains": 4
  },
  "fit": {
    "dataset_idx": 75,
    "condition": "changepoint",
    "status": "PASS",
    "attempts": [
      {
        "attempt": 1,
        "num_warmup": 2000,
        "target_accept_prob": 0.95,
        "rhat_max": 1.0007157710451964,
        "ess_min": 4091.3240377989487,
        "n_divergences": 0,
        "passes_rhat": true,
        "passes_ess": true,
        "passes_gate": true
      }
    ],
    "params": {
      "H": {
        "mean": 0.017148764804005623,
        "median": 0.01609712280333042,
        "sd": 0.007298694457858801,
        "hdi_2.5": 0.004875787999480963,
        "hdi_97.5": 0.0318000353872776,
        "rhat": 1.0006301925431513,
        "ess_bulk": 4238.084750300063
      },
      "LW": {
        "mean": 0.07145392894744873,
        "median": 0.06915644556283951,
        "sd": 0.02288646250963211,
        "hdi_2.5": 0.028310760855674744,
        "hdi_97.5": 0.11642541736364365,
        "rhat": 1.0001622341264091,
        "ess_bulk": 4330.099923867403
      },
      "log_UU": {
        "mean": 1.021750807762146,
        "median": 1.0106329917907715,
        "sd": 0.26044929027557373,
        "hdi_2.5": 0.5558950304985046,
        "hdi_97.5": 1.561422348022461,
        "rhat": 1.0003145507646871,
        "ess_bulk": 5247.350897770627
      },
      "sigma_motor": {
        "mean": 19.189226150512695,
        "median": 19.111812591552734,
        "sd": 1.6822760105133057,
        "hdi_2.5": 15.957047462463379,
        "hdi_97.5": 22.621131896972656,
        "rhat": 1.0005197629348541,
        "ess_bulk": 4939.579702906848
      },
      "sigma_LR": {
        "mean": 2.8944225311279297,
        "median": 2.8591904640197754,
        "sd": 0.5681397318840027,
        "hdi_2.5": 1.809869408607483,
        "hdi_97.5": 4.018784523010254,
        "rhat": 1.0007157710451964,
        "ess_bulk": 5415.998430430828
      }
    },
    "n_divergences": 0,
    "n_chains": 4,
    "n_samples_per_chain": 2000
  },
  "behavior": {
    "r_obs_vs_pred": 0.02599021504105868,
    "rmse": 40.274346497811756,
    "mae": 24.7709909796985,
    "n_trials": 193
  },
  "elapsed_seconds": 33.67886209487915
}