{
  "subject_idx": 63,
  "subject_id": "SP_075960",
  "is_patient": true,
  "condition": "changepoint",
  "n_trials": 194,
  "n_blocks": 2,
  "sub_blocks_avoid_seek": [
    0,
    1
  ],
  "mcmc_config": {
    "num_warmup": 2000,
    "num_samples": 2000,
    "num_chains": 4
  },
  "fit": {
    "dataset_idx": 63,
    "condition": "changepoint",
    "status": "PASS",
    "attempts": [
      {
        "attempt": 1,
        "num_warmup": 2000,
        "target_accept_prob": 0.95,
        "rhat_max": 1.001490117893562,
        "ess_min": 3425.3281730919666,
        "n_divergences": 0,
        "passes_rhat": true,
        "passes_ess": true,
        "passes_gate": true
      }
    ],
    "params": {
      "H": {
        "mean": 0.010101495310664177,
        "median": 0.009359672665596008,
        "sd": 0.0049050673842430115,
        "hdi_2.5": 0.0016975258477032185,
        "hdi_97.5": 0.019596321508288383,
        "rhat": 1.0008701769377608,
        "ess_bulk": 3573.212161103808
      },
      "LW": {
        "mean": 0.16254867613315582,
        "median": 0.1556244194507599,
        "sd": 0.03238583356142044,
        "hdi_2.5": 0.11252298206090927,
        "hdi_97.5": 0.2286601960659027,
        "rhat": 1.001289495701345,
        "ess_bulk": 3479.899810325393
      },
      "log_UU": {
        "mean": 0.9783454537391663,
        "median": 0.9701483249664307,
        "sd": 0.23081670701503754,
        "hdi_2.5": 0.5390821695327759,
        "hdi_97.5": 1.4329278469085693,
        "rhat": 1.000929928716008,
        "ess_bulk": 4235.006285024947
      },
      "sigma_motor": {
        "mean": 9.550971984863281,
        "median": 9.518573760986328,
        "sd": 0.822650134563446,
        "hdi_2.5": 7.935694217681885,
        "hdi_97.5": 11.135284423828125,
        "rhat": 1.001490117893562,
        "ess_bulk": 4262.083432204389
      },
      "sigma_LR": {
        "mean": 3.5966758728027344,
        "median": 3.5717172622680664,
        "sd": 0.46841463446617126,
        "hdi_2.5": 2.7271242141723633,
        "hdi_97.5": 4.549126148223877,
        "rhat": 1.0010843354134709,
        "ess_bulk": 4370.724002918911
      }
    },
    "n_divergences": 0,
    "n_chains": 4,
    "n_samples_per_chain": 2000
  },
  "behavior": {
    "r_obs_vs_pred": 0.05845732704583738,
    "rmse": 51.2510161286621,
    "mae": 21.47349595296356,
    "n_trials": 193
  },
  "elapsed_seconds": 62.267327547073364
}