{
  "subject_idx": 82,
  "subject_id": "SP_087647",
  "is_patient": true,
  "condition": "changepoint",
  "n_trials": 194,
  "n_blocks": 2,
  "sub_blocks_avoid_seek": [
    0,
    1
  ],
  "mcmc_config": {
    "num_warmup": 2000,
    "num_samples": 2000,
    "num_chains": 4
  },
  "fit": {
    "dataset_idx": 82,
    "condition": "changepoint",
    "status": "PASS",
    "attempts": [
      {
        "attempt": 1,
        "num_warmup": 2000,
        "target_accept_prob": 0.95,
        "rhat_max": 1.0019478712879537,
        "ess_min": 4092.5888282591277,
        "n_divergences": 0,
        "passes_rhat": true,
        "passes_ess": true,
        "passes_gate": true
      }
    ],
    "params": {
      "H": {
        "mean": 0.01925097592175007,
        "median": 0.018867509439587593,
        "sd": 0.004362425766885281,
        "hdi_2.5": 0.011233767494559288,
        "hdi_97.5": 0.02788403257727623,
        "rhat": 1.0003822066766852,
        "ess_bulk": 4605.592355674234
      },
      "LW": {
        "mean": 0.08373189717531204,
        "median": 0.08437550067901611,
        "sd": 0.01230869721621275,
        "hdi_2.5": 0.05911646783351898,
        "hdi_97.5": 0.10773523896932602,
        "rhat": 1.000133781116155,
        "ess_bulk": 4392.256831852386
      },
      "log_UU": {
        "mean": 0.9041652679443359,
        "median": 0.9003680944442749,
        "sd": 0.13926422595977783,
        "hdi_2.5": 0.6417298913002014,
        "hdi_97.5": 1.1825525760650635,
        "rhat": 1.0019310459329005,
        "ess_bulk": 5163.1454003677645
      },
      "sigma_motor": {
        "mean": 10.473111152648926,
        "median": 10.392087936401367,
        "sd": 1.600335717201233,
        "hdi_2.5": 7.447033882141113,
        "hdi_97.5": 13.658099174499512,
        "rhat": 1.001387383861481,
        "ess_bulk": 4460.822086016284
      },
      "sigma_LR": {
        "mean": 6.226981163024902,
        "median": 6.207270622253418,
        "sd": 0.6358453631401062,
        "hdi_2.5": 5.02968692779541,
        "hdi_97.5": 7.480668544769287,
        "rhat": 1.0001438753146403,
        "ess_bulk": 4913.782877972512
      }
    },
    "n_divergences": 0,
    "n_chains": 4,
    "n_samples_per_chain": 2000
  },
  "behavior": {
    "r_obs_vs_pred": 0.018379765397309067,
    "rmse": 42.22533877739307,
    "mae": 18.052389593997614,
    "n_trials": 193
  },
  "elapsed_seconds": 45.533899784088135
}