{
  "subject_idx": 118,
  "subject_id": "SP_084993",
  "is_patient": false,
  "condition": "oddball",
  "n_trials": 394,
  "n_blocks": 2,
  "sub_blocks_avoid_seek": [
    2,
    3
  ],
  "mcmc_config": {
    "num_warmup": 2000,
    "num_samples": 2000,
    "num_chains": 4
  },
  "fit": {
    "dataset_idx": 118,
    "condition": "oddball",
    "status": "PASS",
    "attempts": [
      {
        "attempt": 1,
        "num_warmup": 2000,
        "target_accept_prob": 0.95,
        "rhat_max": 1.001382118873152,
        "ess_min": 2654.542815731102,
        "n_divergences": 0,
        "passes_rhat": true,
        "passes_ess": true,
        "passes_gate": true
      }
    ],
    "params": {
      "H": {
        "mean": 0.2728213369846344,
        "median": 0.2711710035800934,
        "sd": 0.02815629541873932,
        "hdi_2.5": 0.21854186058044434,
        "hdi_97.5": 0.3277240991592407,
        "rhat": 1.000393348587708,
        "ess_bulk": 5251.1420721001905
      },
      "LW": {
        "mean": 0.02755492925643921,
        "median": 0.02775757387280464,
        "sd": 0.007303450722247362,
        "hdi_2.5": 0.01303502731025219,
        "hdi_97.5": 0.041247691959142685,
        "rhat": 1.00050871773096,
        "ess_bulk": 4246.180806481587
      },
      "log_UU": {
        "mean": 0.0029402112122625113,
        "median": 0.0020343209616839886,
        "sd": 0.0028688577003777027,
        "hdi_2.5": 1.0713262099670828e-06,
        "hdi_97.5": 0.008726564235985279,
        "rhat": 1.0007070426963625,
        "ess_bulk": 2654.542815731102
      },
      "sigma_motor": {
        "mean": 23.376691818237305,
        "median": 23.31328582763672,
        "sd": 1.5233899354934692,
        "hdi_2.5": 20.361923217773438,
        "hdi_97.5": 26.301292419433594,
        "rhat": 1.0006714580742673,
        "ess_bulk": 4870.624599683401
      },
      "sigma_LR": {
        "mean": 3.216507911682129,
        "median": 3.2016429901123047,
        "sd": 0.2984652519226074,
        "hdi_2.5": 2.617339611053467,
        "hdi_97.5": 3.7820444107055664,
        "rhat": 1.0003930783192752,
        "ess_bulk": 4894.72867379638
      }
    },
    "n_divergences": 0,
    "n_chains": 4,
    "n_samples_per_chain": 2000
  },
  "behavior": {
    "r_obs_vs_pred": -0.44114869658774314,
    "rmse": 69.40283720622745,
    "mae": 41.72362876393413,
    "n_trials": 393
  },
  "elapsed_seconds": 89.30735301971436
}