{
  "subject_idx": 81,
  "subject_id": "SP_087524",
  "is_patient": true,
  "condition": "oddball",
  "n_trials": 194,
  "n_blocks": 2,
  "sub_blocks_avoid_seek": [
    2,
    3
  ],
  "mcmc_config": {
    "num_warmup": 2000,
    "num_samples": 2000,
    "num_chains": 4
  },
  "fit": {
    "dataset_idx": 81,
    "condition": "oddball",
    "status": "PASS",
    "attempts": [
      {
        "attempt": 1,
        "num_warmup": 2000,
        "target_accept_prob": 0.95,
        "rhat_max": 1.0016708898310898,
        "ess_min": 3104.070466364952,
        "n_divergences": 0,
        "passes_rhat": true,
        "passes_ess": true,
        "passes_gate": true
      }
    ],
    "params": {
      "H": {
        "mean": 0.13054296374320984,
        "median": 0.12470503896474838,
        "sd": 0.049033623188734055,
        "hdi_2.5": 0.04694105312228203,
        "hdi_97.5": 0.23025712370872498,
        "rhat": 1.0015229821491176,
        "ess_bulk": 3628.920690150112
      },
      "LW": {
        "mean": 0.03307470679283142,
        "median": 0.03327735885977745,
        "sd": 0.009676004759967327,
        "hdi_2.5": 0.013769924640655518,
        "hdi_97.5": 0.05137291178107262,
        "rhat": 1.0013278893336663,
        "ess_bulk": 3104.070466364952
      },
      "log_UU": {
        "mean": 0.005758685991168022,
        "median": 0.004134593531489372,
        "sd": 0.005557856056839228,
        "hdi_2.5": 5.099022928334307e-07,
        "hdi_97.5": 0.0165261123329401,
        "rhat": 1.000237038044697,
        "ess_bulk": 3596.5104046421966
      },
      "sigma_motor": {
        "mean": 42.85861587524414,
        "median": 42.74864959716797,
        "sd": 2.8265092372894287,
        "hdi_2.5": 37.41034698486328,
        "hdi_97.5": 48.36054229736328,
        "rhat": 1.0006546395768474,
        "ess_bulk": 4710.183380916935
      },
      "sigma_LR": {
        "mean": 2.3955819606781006,
        "median": 2.367462158203125,
        "sd": 0.4047882854938507,
        "hdi_2.5": 1.6572624444961548,
        "hdi_97.5": 3.212063789367676,
        "rhat": 1.000387972442521,
        "ess_bulk": 4062.0734403104316
      }
    },
    "n_divergences": 0,
    "n_chains": 4,
    "n_samples_per_chain": 2000
  },
  "behavior": {
    "r_obs_vs_pred": -0.5461331552413246,
    "rmse": 80.71466537699027,
    "mae": 46.48601326550999,
    "n_trials": 193
  },
  "elapsed_seconds": 52.281325578689575
}