{
  "subject_idx": 100,
  "subject_id": "SP_090887",
  "is_patient": true,
  "condition": "changepoint",
  "n_trials": 194,
  "n_blocks": 2,
  "sub_blocks_avoid_seek": [
    0,
    1
  ],
  "mcmc_config": {
    "num_warmup": 2000,
    "num_samples": 2000,
    "num_chains": 4
  },
  "fit": {
    "dataset_idx": 100,
    "condition": "changepoint",
    "status": "PASS",
    "attempts": [
      {
        "attempt": 1,
        "num_warmup": 2000,
        "target_accept_prob": 0.95,
        "rhat_max": 1.0010290295803244,
        "ess_min": 3815.4401744570782,
        "n_divergences": 0,
        "passes_rhat": true,
        "passes_ess": true,
        "passes_gate": true
      }
    ],
    "params": {
      "H": {
        "mean": 0.007775218226015568,
        "median": 0.007285261061042547,
        "sd": 0.003380626905709505,
        "hdi_2.5": 0.002029110211879015,
        "hdi_97.5": 0.014580166898667812,
        "rhat": 1.000806864091472,
        "ess_bulk": 3958.971558179712
      },
      "LW": {
        "mean": 0.060942377895116806,
        "median": 0.05890138819813728,
        "sd": 0.01718772202730179,
        "hdi_2.5": 0.03072143718600273,
        "hdi_97.5": 0.09690136462450027,
        "rhat": 1.0009741402172116,
        "ess_bulk": 3909.037568425669
      },
      "log_UU": {
        "mean": 0.9058852791786194,
        "median": 0.8939332962036133,
        "sd": 0.18697483837604523,
        "hdi_2.5": 0.568149209022522,
        "hdi_97.5": 1.2886244058609009,
        "rhat": 1.0004657240341053,
        "ess_bulk": 5066.063123338825
      },
      "sigma_motor": {
        "mean": 30.14670181274414,
        "median": 30.049287796020508,
        "sd": 2.668142318725586,
        "hdi_2.5": 25.056821823120117,
        "hdi_97.5": 35.52859115600586,
        "rhat": 1.0006873663867788,
        "ess_bulk": 4859.495222867356
      },
      "sigma_LR": {
        "mean": 4.975255012512207,
        "median": 4.95542573928833,
        "sd": 0.6467045545578003,
        "hdi_2.5": 3.706023693084717,
        "hdi_97.5": 6.205079078674316,
        "rhat": 1.0007708571125085,
        "ess_bulk": 5065.430859490391
      }
    },
    "n_divergences": 0,
    "n_chains": 4,
    "n_samples_per_chain": 2000
  },
  "behavior": {
    "r_obs_vs_pred": -0.40926533279566923,
    "rmse": 75.79834189268836,
    "mae": 40.875665433936476,
    "n_trials": 193
  },
  "elapsed_seconds": 59.660951137542725
}