{
  "subject_idx": 14,
  "subject_id": "SP_057060",
  "is_patient": true,
  "condition": "changepoint",
  "n_trials": 194,
  "n_blocks": 2,
  "sub_blocks_avoid_seek": [
    0,
    1
  ],
  "mcmc_config": {
    "num_warmup": 2000,
    "num_samples": 2000,
    "num_chains": 4
  },
  "fit": {
    "dataset_idx": 14,
    "condition": "changepoint",
    "status": "PASS",
    "attempts": [
      {
        "attempt": 1,
        "num_warmup": 2000,
        "target_accept_prob": 0.95,
        "rhat_max": 1.001500123109435,
        "ess_min": 3769.9822091420324,
        "n_divergences": 0,
        "passes_rhat": true,
        "passes_ess": true,
        "passes_gate": true
      }
    ],
    "params": {
      "H": {
        "mean": 0.0035595858935266733,
        "median": 0.0031207583379000425,
        "sd": 0.0021808939054608345,
        "hdi_2.5": 0.0004033323493786156,
        "hdi_97.5": 0.00778124388307333,
        "rhat": 1.0014817056112149,
        "ess_bulk": 4025.129268978261
      },
      "LW": {
        "mean": 0.06962747871875763,
        "median": 0.06818553805351257,
        "sd": 0.017890730872750282,
        "hdi_2.5": 0.036783814430236816,
        "hdi_97.5": 0.10579720884561539,
        "rhat": 0.9998704139613985,
        "ess_bulk": 3826.5665958750224
      },
      "log_UU": {
        "mean": 0.8989844918251038,
        "median": 0.8731335401535034,
        "sd": 0.2337372899055481,
        "hdi_2.5": 0.47327178716659546,
        "hdi_97.5": 1.352393627166748,
        "rhat": 1.0005899179203868,
        "ess_bulk": 4964.695789694292
      },
      "sigma_motor": {
        "mean": 26.321870803833008,
        "median": 26.222761154174805,
        "sd": 2.1746914386749268,
        "hdi_2.5": 22.08209991455078,
        "hdi_97.5": 30.49615478515625,
        "rhat": 1.0010075808907428,
        "ess_bulk": 4290.332903442287
      },
      "sigma_LR": {
        "mean": 4.633174419403076,
        "median": 4.6267499923706055,
        "sd": 0.848605215549469,
        "hdi_2.5": 2.9578380584716797,
        "hdi_97.5": 6.260951042175293,
        "rhat": 1.0005795323527087,
        "ess_bulk": 4406.832008509819
      }
    },
    "n_divergences": 0,
    "n_chains": 4,
    "n_samples_per_chain": 2000
  },
  "behavior": {
    "r_obs_vs_pred": 0.028423710848306097,
    "rmse": 43.090318577854774,
    "mae": 17.216617255855276,
    "n_trials": 193
  },
  "elapsed_seconds": 68.15995931625366
}