{
  "subject_idx": 65,
  "subject_id": "SP_081404",
  "is_patient": true,
  "condition": "changepoint",
  "n_trials": 194,
  "n_blocks": 2,
  "sub_blocks_avoid_seek": [
    0,
    1
  ],
  "mcmc_config": {
    "num_warmup": 2000,
    "num_samples": 2000,
    "num_chains": 4
  },
  "fit": {
    "dataset_idx": 65,
    "condition": "changepoint",
    "status": "PASS",
    "attempts": [
      {
        "attempt": 1,
        "num_warmup": 2000,
        "target_accept_prob": 0.95,
        "rhat_max": 1.0021099276103242,
        "ess_min": 2925.9058282604637,
        "n_divergences": 0,
        "passes_rhat": true,
        "passes_ess": true,
        "passes_gate": true
      }
    ],
    "params": {
      "H": {
        "mean": 0.015217592008411884,
        "median": 0.01449649315327406,
        "sd": 0.005662607494741678,
        "hdi_2.5": 0.005368510726839304,
        "hdi_97.5": 0.026328446343541145,
        "rhat": 1.0002436910219628,
        "ess_bulk": 4472.1296822846925
      },
      "LW": {
        "mean": 0.08763531595468521,
        "median": 0.0894915983080864,
        "sd": 0.017556047067046165,
        "hdi_2.5": 0.05133455619215965,
        "hdi_97.5": 0.12067247927188873,
        "rhat": 1.0008860736107208,
        "ess_bulk": 3833.400580726389
      },
      "log_UU": {
        "mean": 1.0157886743545532,
        "median": 1.0044608116149902,
        "sd": 0.2123252898454666,
        "hdi_2.5": 0.6009944081306458,
        "hdi_97.5": 1.4290224313735962,
        "rhat": 1.0013255494650446,
        "ess_bulk": 5104.038648359361
      },
      "sigma_motor": {
        "mean": 21.84505844116211,
        "median": 21.77442169189453,
        "sd": 2.051065683364868,
        "hdi_2.5": 18.05965805053711,
        "hdi_97.5": 26.061227798461914,
        "rhat": 0.999865358088997,
        "ess_bulk": 4706.353056894239
      },
      "sigma_LR": {
        "mean": 4.639592170715332,
        "median": 4.620823383331299,
        "sd": 0.5880878567695618,
        "hdi_2.5": 3.5375516414642334,
        "hdi_97.5": 5.832627296447754,
        "rhat": 0.999876703330228,
        "ess_bulk": 5190.99147683543
      }
    },
    "n_divergences": 0,
    "n_chains": 4,
    "n_samples_per_chain": 2000
  },
  "behavior": {
    "r_obs_vs_pred": -0.2297736764258964,
    "rmse": 62.86778704127085,
    "mae": 30.28943901341119,
    "n_trials": 193
  },
  "elapsed_seconds": 33.47481036186218
}