{
  "subject_idx": 19,
  "subject_id": "SP_063066",
  "is_patient": true,
  "condition": "oddball",
  "n_trials": 194,
  "n_blocks": 2,
  "sub_blocks_avoid_seek": [
    2,
    3
  ],
  "mcmc_config": {
    "num_warmup": 2000,
    "num_samples": 2000,
    "num_chains": 4
  },
  "fit": {
    "dataset_idx": 19,
    "condition": "oddball",
    "status": "PASS",
    "attempts": [
      {
        "attempt": 1,
        "num_warmup": 2000,
        "target_accept_prob": 0.95,
        "rhat_max": 1.0010379523755135,
        "ess_min": 4359.6080450437785,
        "n_divergences": 0,
        "passes_rhat": true,
        "passes_ess": true,
        "passes_gate": true
      }
    ],
    "params": {
      "H": {
        "mean": 0.05574868991971016,
        "median": 0.04158284515142441,
        "sd": 0.05002709850668907,
        "hdi_2.5": 1.7408256098860875e-05,
        "hdi_97.5": 0.1560644805431366,
        "rhat": 1.0001409086192534,
        "ess_bulk": 5219.3834439124785
      },
      "LW": {
        "mean": 0.6619804501533508,
        "median": 0.7046282291412354,
        "sd": 0.2397143691778183,
        "hdi_2.5": 0.21434006094932556,
        "hdi_97.5": 0.9999663829803467,
        "rhat": 1.0003979972088328,
        "ess_bulk": 6293.106332507063
      },
      "log_UU": {
        "mean": 3.7266478538513184,
        "median": 3.342912197113037,
        "sd": 2.445042133331299,
        "hdi_2.5": 0.05253605544567108,
        "hdi_97.5": 8.414963722229004,
        "rhat": 1.0010379523755135,
        "ess_bulk": 6961.112433388935
      },
      "sigma_motor": {
        "mean": 45.349395751953125,
        "median": 45.28053665161133,
        "sd": 2.080113172531128,
        "hdi_2.5": 41.428131103515625,
        "hdi_97.5": 49.49644088745117,
        "rhat": 1.0003119522056851,
        "ess_bulk": 6826.785975570074
      },
      "sigma_LR": {
        "mean": 0.6958245635032654,
        "median": 0.5729389190673828,
        "sd": 0.5482673645019531,
        "hdi_2.5": 9.952807886293158e-05,
        "hdi_97.5": 1.757822036743164,
        "rhat": 1.0004931358672147,
        "ess_bulk": 4359.6080450437785
      }
    },
    "n_divergences": 0,
    "n_chains": 4,
    "n_samples_per_chain": 2000
  },
  "behavior": {
    "r_obs_vs_pred": -0.04286889695135059,
    "rmse": 47.52112064597359,
    "mae": 26.440112084140786,
    "n_trials": 193
  },
  "elapsed_seconds": 56.424959897994995
}