{
  "subject_idx": 127,
  "subject_id": "SP_085645",
  "is_patient": false,
  "condition": "oddball",
  "n_trials": 194,
  "n_blocks": 2,
  "sub_blocks_avoid_seek": [
    2,
    3
  ],
  "mcmc_config": {
    "num_warmup": 2000,
    "num_samples": 2000,
    "num_chains": 4
  },
  "fit": {
    "dataset_idx": 127,
    "condition": "oddball",
    "status": "PASS",
    "attempts": [
      {
        "attempt": 1,
        "num_warmup": 2000,
        "target_accept_prob": 0.95,
        "rhat_max": 1.0008866787931097,
        "ess_min": 2604.0618926348347,
        "n_divergences": 0,
        "passes_rhat": true,
        "passes_ess": true,
        "passes_gate": true
      }
    ],
    "params": {
      "H": {
        "mean": 0.004171666689217091,
        "median": 0.001789589412510395,
        "sd": 0.007338033989071846,
        "hdi_2.5": 4.474504322615758e-08,
        "hdi_97.5": 0.01641230471432209,
        "rhat": 1.000096512575841,
        "ess_bulk": 2615.678734013602
      },
      "LW": {
        "mean": 0.29186713695526123,
        "median": 0.2839968204498291,
        "sd": 0.0725751742720604,
        "hdi_2.5": 0.15473753213882446,
        "hdi_97.5": 0.4283091127872467,
        "rhat": 1.000525282560867,
        "ess_bulk": 2604.0618926348347
      },
      "log_UU": {
        "mean": 0.00391631992533803,
        "median": 0.0029303727205842733,
        "sd": 0.003555741161108017,
        "hdi_2.5": 2.127613697666675e-06,
        "hdi_97.5": 0.01090711448341608,
        "rhat": 1.0008339074777552,
        "ess_bulk": 3228.033994475358
      },
      "sigma_motor": {
        "mean": 5.242098808288574,
        "median": 5.209956169128418,
        "sd": 0.5333955883979797,
        "hdi_2.5": 4.240113735198975,
        "hdi_97.5": 6.313271999359131,
        "rhat": 1.0005220874439325,
        "ess_bulk": 4473.984879894816
      },
      "sigma_LR": {
        "mean": 5.158474445343018,
        "median": 5.150581359863281,
        "sd": 0.5604559779167175,
        "hdi_2.5": 4.100159168243408,
        "hdi_97.5": 6.279262065887451,
        "rhat": 1.0004794581081915,
        "ess_bulk": 4225.82684769911
      }
    },
    "n_divergences": 0,
    "n_chains": 4,
    "n_samples_per_chain": 2000
  },
  "behavior": {
    "r_obs_vs_pred": -0.23309875792441298,
    "rmse": 14.895920314031143,
    "mae": 5.144095019971798,
    "n_trials": 193
  },
  "elapsed_seconds": 116.44869661331177
}