{
  "subject_idx": 120,
  "subject_id": "SP_085397",
  "is_patient": false,
  "condition": "changepoint",
  "n_trials": 194,
  "n_blocks": 2,
  "sub_blocks_avoid_seek": [
    0,
    1
  ],
  "mcmc_config": {
    "num_warmup": 2000,
    "num_samples": 2000,
    "num_chains": 4
  },
  "fit": {
    "dataset_idx": 120,
    "condition": "changepoint",
    "status": "PASS",
    "attempts": [
      {
        "attempt": 1,
        "num_warmup": 2000,
        "target_accept_prob": 0.95,
        "rhat_max": 1.0014536698765415,
        "ess_min": 5032.019933941937,
        "n_divergences": 0,
        "passes_rhat": true,
        "passes_ess": true,
        "passes_gate": true
      }
    ],
    "params": {
      "H": {
        "mean": 0.012390319257974625,
        "median": 0.011931778863072395,
        "sd": 0.0038606536109000444,
        "hdi_2.5": 0.005551217123866081,
        "hdi_97.5": 0.020009556785225868,
        "rhat": 1.0005809292790115,
        "ess_bulk": 5065.463404409981
      },
      "LW": {
        "mean": 0.05493224784731865,
        "median": 0.05441093444824219,
        "sd": 0.011356115341186523,
        "hdi_2.5": 0.033661216497421265,
        "hdi_97.5": 0.0773901715874672,
        "rhat": 1.0013116838842002,
        "ess_bulk": 5791.49623727036
      },
      "log_UU": {
        "mean": 1.1608912944793701,
        "median": 1.153083324432373,
        "sd": 0.20039618015289307,
        "hdi_2.5": 0.7716909646987915,
        "hdi_97.5": 1.5573484897613525,
        "rhat": 0.999936137290124,
        "ess_bulk": 5769.936535624711
      },
      "sigma_motor": {
        "mean": 15.145988464355469,
        "median": 15.074331283569336,
        "sd": 1.2077230215072632,
        "hdi_2.5": 12.956119537353516,
        "hdi_97.5": 17.573768615722656,
        "rhat": 1.0014536698765415,
        "ess_bulk": 6239.0571235170355
      },
      "sigma_LR": {
        "mean": 5.163478851318359,
        "median": 5.142932891845703,
        "sd": 0.5234115719795227,
        "hdi_2.5": 4.183051109313965,
        "hdi_97.5": 6.223001956939697,
        "rhat": 1.0003924009384784,
        "ess_bulk": 6317.936148967929
      }
    },
    "n_divergences": 0,
    "n_chains": 4,
    "n_samples_per_chain": 2000
  },
  "behavior": {
    "r_obs_vs_pred": -0.14017949862509213,
    "rmse": 51.31148590823171,
    "mae": 22.59284597776174,
    "n_trials": 193
  },
  "elapsed_seconds": 36.951077461242676
}