{
  "subject_idx": 51,
  "subject_id": "SP_023275",
  "is_patient": true,
  "condition": "changepoint",
  "n_trials": 194,
  "n_blocks": 2,
  "sub_blocks_avoid_seek": [
    0,
    1
  ],
  "mcmc_config": {
    "num_warmup": 2000,
    "num_samples": 2000,
    "num_chains": 4
  },
  "fit": {
    "dataset_idx": 51,
    "condition": "changepoint",
    "status": "PASS",
    "attempts": [
      {
        "attempt": 1,
        "num_warmup": 2000,
        "target_accept_prob": 0.95,
        "rhat_max": 1.0011281498843894,
        "ess_min": 4148.909842858289,
        "n_divergences": 0,
        "passes_rhat": true,
        "passes_ess": true,
        "passes_gate": true
      }
    ],
    "params": {
      "H": {
        "mean": 0.011771184392273426,
        "median": 0.010739054530858994,
        "sd": 0.006063488777726889,
        "hdi_2.5": 0.0015711041633039713,
        "hdi_97.5": 0.023506755009293556,
        "rhat": 1.0002918102034362,
        "ess_bulk": 4217.787562056756
      },
      "LW": {
        "mean": 0.05214491859078407,
        "median": 0.0506652295589447,
        "sd": 0.01863166317343712,
        "hdi_2.5": 0.018296997994184494,
        "hdi_97.5": 0.08759115636348724,
        "rhat": 1.0002291189840757,
        "ess_bulk": 4651.265744830977
      },
      "log_UU": {
        "mean": 1.0012768507003784,
        "median": 0.9818233251571655,
        "sd": 0.2678429186344147,
        "hdi_2.5": 0.5169690847396851,
        "hdi_97.5": 1.5442452430725098,
        "rhat": 1.0000585277251737,
        "ess_bulk": 5633.955281850426
      },
      "sigma_motor": {
        "mean": 39.62025451660156,
        "median": 39.541656494140625,
        "sd": 2.988420009613037,
        "hdi_2.5": 33.728580474853516,
        "hdi_97.5": 45.33082580566406,
        "rhat": 1.0011281498843894,
        "ess_bulk": 4209.703371840088
      },
      "sigma_LR": {
        "mean": 3.904902696609497,
        "median": 3.876591682434082,
        "sd": 0.7008523941040039,
        "hdi_2.5": 2.548816680908203,
        "hdi_97.5": 5.269085884094238,
        "rhat": 1.0001648371522465,
        "ess_bulk": 5164.682889138285
      }
    },
    "n_divergences": 0,
    "n_chains": 4,
    "n_samples_per_chain": 2000
  },
  "behavior": {
    "r_obs_vs_pred": -0.30522610964687824,
    "rmse": 65.2559291138096,
    "mae": 38.15115917520356,
    "n_trials": 193
  },
  "elapsed_seconds": 31.987082481384277
}