{
  "subject_idx": 21,
  "subject_id": "SP_064023",
  "is_patient": true,
  "condition": "oddball",
  "n_trials": 194,
  "n_blocks": 2,
  "sub_blocks_avoid_seek": [
    2,
    3
  ],
  "mcmc_config": {
    "num_warmup": 2000,
    "num_samples": 2000,
    "num_chains": 4
  },
  "fit": {
    "dataset_idx": 21,
    "condition": "oddball",
    "status": "PASS",
    "attempts": [
      {
        "attempt": 1,
        "num_warmup": 2000,
        "target_accept_prob": 0.95,
        "rhat_max": 1.0010428609836377,
        "ess_min": 5144.963603531159,
        "n_divergences": 0,
        "passes_rhat": true,
        "passes_ess": true,
        "passes_gate": true
      }
    ],
    "params": {
      "H": {
        "mean": 0.05607397481799126,
        "median": 0.04208986461162567,
        "sd": 0.05052870139479637,
        "hdi_2.5": 1.2322183238211437e-06,
        "hdi_97.5": 0.15582621097564697,
        "rhat": 1.0003345067607556,
        "ess_bulk": 5489.253640883538
      },
      "LW": {
        "mean": 0.6683595180511475,
        "median": 0.713637113571167,
        "sd": 0.23679783940315247,
        "hdi_2.5": 0.22211094200611115,
        "hdi_97.5": 0.9999872446060181,
        "rhat": 1.0002843457465054,
        "ess_bulk": 5915.659300080658
      },
      "log_UU": {
        "mean": 4.233307838439941,
        "median": 3.903022289276123,
        "sd": 2.355473279953003,
        "hdi_2.5": 0.47461581230163574,
        "hdi_97.5": 8.998223304748535,
        "rhat": 1.00008538512904,
        "ess_bulk": 6181.684467142244
      },
      "sigma_motor": {
        "mean": 17.086097717285156,
        "median": 17.053001403808594,
        "sd": 0.8615105152130127,
        "hdi_2.5": 15.421988487243652,
        "hdi_97.5": 18.819787979125977,
        "rhat": 1.0002796074952487,
        "ess_bulk": 6542.875416674447
      },
      "sigma_LR": {
        "mean": 0.6842823624610901,
        "median": 0.5594654083251953,
        "sd": 0.5428003072738647,
        "hdi_2.5": 0.0002039149694610387,
        "hdi_97.5": 1.761239767074585,
        "rhat": 1.0005722810917816,
        "ess_bulk": 5144.963603531159
      }
    },
    "n_divergences": 0,
    "n_chains": 4,
    "n_samples_per_chain": 2000
  },
  "behavior": {
    "r_obs_vs_pred": -0.035552244795631335,
    "rmse": 17.162142894320414,
    "mae": 9.719299802151607,
    "n_trials": 193
  },
  "elapsed_seconds": 58.897456645965576
}