{
  "subject_idx": 41,
  "subject_id": "SP_084328",
  "is_patient": true,
  "condition": "changepoint",
  "n_trials": 194,
  "n_blocks": 2,
  "sub_blocks_avoid_seek": [
    0,
    1
  ],
  "mcmc_config": {
    "num_warmup": 2000,
    "num_samples": 2000,
    "num_chains": 4
  },
  "fit": {
    "dataset_idx": 41,
    "condition": "changepoint",
    "status": "PASS",
    "attempts": [
      {
        "attempt": 1,
        "num_warmup": 2000,
        "target_accept_prob": 0.95,
        "rhat_max": 1.0013993636539258,
        "ess_min": 3863.5566570436663,
        "n_divergences": 0,
        "passes_rhat": true,
        "passes_ess": true,
        "passes_gate": true
      }
    ],
    "params": {
      "H": {
        "mean": 0.012000433169305325,
        "median": 0.011505873873829842,
        "sd": 0.004151432774960995,
        "hdi_2.5": 0.00436421949416399,
        "hdi_97.5": 0.019907355308532715,
        "rhat": 1.0009594255345573,
        "ess_bulk": 4392.304143103523
      },
      "LW": {
        "mean": 0.0707353949546814,
        "median": 0.07092185318470001,
        "sd": 0.01436969731003046,
        "hdi_2.5": 0.04404164105653763,
        "hdi_97.5": 0.10013045370578766,
        "rhat": 1.0013426953338593,
        "ess_bulk": 4661.630836768591
      },
      "log_UU": {
        "mean": 1.0780986547470093,
        "median": 1.0707614421844482,
        "sd": 0.18411073088645935,
        "hdi_2.5": 0.7289469838142395,
        "hdi_97.5": 1.4368646144866943,
        "rhat": 1.0003011168566156,
        "ess_bulk": 5512.599819507848
      },
      "sigma_motor": {
        "mean": 20.592445373535156,
        "median": 20.53055763244629,
        "sd": 1.8715683221817017,
        "hdi_2.5": 17.0891056060791,
        "hdi_97.5": 24.327577590942383,
        "rhat": 1.000675593718729,
        "ess_bulk": 5071.7080407048725
      },
      "sigma_LR": {
        "mean": 4.789523601531982,
        "median": 4.77448844909668,
        "sd": 0.5610401034355164,
        "hdi_2.5": 3.679680824279785,
        "hdi_97.5": 5.894560813903809,
        "rhat": 1.0006975296187095,
        "ess_bulk": 5603.367382964014
      }
    },
    "n_divergences": 0,
    "n_chains": 4,
    "n_samples_per_chain": 2000
  },
  "behavior": {
    "r_obs_vs_pred": -0.093847063677108,
    "rmse": 58.918694428462736,
    "mae": 27.61970827814404,
    "n_trials": 193
  },
  "elapsed_seconds": 51.603718996047974
}