{
  "subject_idx": 24,
  "subject_id": "SP_070176",
  "is_patient": true,
  "condition": "changepoint",
  "n_trials": 194,
  "n_blocks": 2,
  "sub_blocks_avoid_seek": [
    0,
    1
  ],
  "mcmc_config": {
    "num_warmup": 2000,
    "num_samples": 2000,
    "num_chains": 4
  },
  "fit": {
    "dataset_idx": 24,
    "condition": "changepoint",
    "status": "PASS",
    "attempts": [
      {
        "attempt": 1,
        "num_warmup": 2000,
        "target_accept_prob": 0.95,
        "rhat_max": 1.0008085056792826,
        "ess_min": 3615.849237120347,
        "n_divergences": 0,
        "passes_rhat": true,
        "passes_ess": true,
        "passes_gate": true
      }
    ],
    "params": {
      "H": {
        "mean": 0.018247714266180992,
        "median": 0.016769763082265854,
        "sd": 0.009188844822347164,
        "hdi_2.5": 0.003115706145763397,
        "hdi_97.5": 0.03606313467025757,
        "rhat": 1.000617084239501,
        "ess_bulk": 3679.271623191906
      },
      "LW": {
        "mean": 0.027132460847496986,
        "median": 0.02458477020263672,
        "sd": 0.015839986503124237,
        "hdi_2.5": 0.001777050201781094,
        "hdi_97.5": 0.05709373950958252,
        "rhat": 0.9998828694560978,
        "ess_bulk": 3615.849237120347
      },
      "log_UU": {
        "mean": 0.7099798917770386,
        "median": 0.6931464672088623,
        "sd": 0.2217913419008255,
        "hdi_2.5": 0.2682536542415619,
        "hdi_97.5": 1.1259114742279053,
        "rhat": 1.0002202545497874,
        "ess_bulk": 3953.62449501765
      },
      "sigma_motor": {
        "mean": 11.351139068603516,
        "median": 11.327245712280273,
        "sd": 1.0030381679534912,
        "hdi_2.5": 9.382057189941406,
        "hdi_97.5": 13.299964904785156,
        "rhat": 1.0006286801970725,
        "ess_bulk": 4512.5158811814845
      },
      "sigma_LR": {
        "mean": 1.481809377670288,
        "median": 1.441979169845581,
        "sd": 0.3960936367511749,
        "hdi_2.5": 0.7795548439025879,
        "hdi_97.5": 2.254329204559326,
        "rhat": 1.000237978008013,
        "ess_bulk": 4185.292551828377
      }
    },
    "n_divergences": 0,
    "n_chains": 4,
    "n_samples_per_chain": 2000
  },
  "behavior": {
    "r_obs_vs_pred": 0.6926448222418357,
    "rmse": 21.564207833529487,
    "mae": 15.369027336740896,
    "n_trials": 193
  },
  "elapsed_seconds": 39.820030212402344
}