{
  "subject_idx": 65,
  "subject_id": "SP_081404",
  "is_patient": true,
  "condition": "oddball",
  "n_trials": 194,
  "n_blocks": 2,
  "sub_blocks_avoid_seek": [
    2,
    3
  ],
  "mcmc_config": {
    "num_warmup": 2000,
    "num_samples": 2000,
    "num_chains": 4
  },
  "fit": {
    "dataset_idx": 65,
    "condition": "oddball",
    "status": "PASS",
    "attempts": [
      {
        "attempt": 1,
        "num_warmup": 2000,
        "target_accept_prob": 0.95,
        "rhat_max": 1.001765915090368,
        "ess_min": 4670.486209454419,
        "n_divergences": 0,
        "passes_rhat": true,
        "passes_ess": true,
        "passes_gate": true
      }
    ],
    "params": {
      "H": {
        "mean": 0.05477891489863396,
        "median": 0.040848348289728165,
        "sd": 0.04955776408314705,
        "hdi_2.5": 7.790549716446549e-06,
        "hdi_97.5": 0.1554025113582611,
        "rhat": 1.0003005632788902,
        "ess_bulk": 5364.2840185713585
      },
      "LW": {
        "mean": 0.6628594994544983,
        "median": 0.7028533816337585,
        "sd": 0.23897525668144226,
        "hdi_2.5": 0.2190263420343399,
        "hdi_97.5": 0.9999184608459473,
        "rhat": 1.000004983740278,
        "ess_bulk": 6057.099902251663
      },
      "log_UU": {
        "mean": 3.94743013381958,
        "median": 3.6011831760406494,
        "sd": 2.411879539489746,
        "hdi_2.5": 0.14634864032268524,
        "hdi_97.5": 8.607071876525879,
        "rhat": 1.001765915090368,
        "ess_bulk": 6164.964160803614
      },
      "sigma_motor": {
        "mean": 12.870698928833008,
        "median": 12.844297409057617,
        "sd": 0.6609395146369934,
        "hdi_2.5": 11.584548950195312,
        "hdi_97.5": 14.172395706176758,
        "rhat": 1.0008775206277891,
        "ess_bulk": 5387.856196808664
      },
      "sigma_LR": {
        "mean": 0.5911632776260376,
        "median": 0.46331316232681274,
        "sd": 0.4969845712184906,
        "hdi_2.5": 6.551351543748751e-05,
        "hdi_97.5": 1.5753014087677002,
        "rhat": 1.0008990672496845,
        "ess_bulk": 4744.130765967006
      }
    },
    "n_divergences": 0,
    "n_chains": 4,
    "n_samples_per_chain": 2000
  },
  "behavior": {
    "r_obs_vs_pred": 0.014886037905077355,
    "rmse": 12.847969660304663,
    "mae": 9.883691856667681,
    "n_trials": 193
  },
  "elapsed_seconds": 41.34890389442444
}