{
  "subject_idx": 48,
  "subject_id": "SP_018966",
  "is_patient": true,
  "condition": "oddball",
  "n_trials": 194,
  "n_blocks": 2,
  "sub_blocks_avoid_seek": [
    2,
    3
  ],
  "mcmc_config": {
    "num_warmup": 2000,
    "num_samples": 2000,
    "num_chains": 4
  },
  "fit": {
    "dataset_idx": 48,
    "condition": "oddball",
    "status": "PASS",
    "attempts": [
      {
        "attempt": 1,
        "num_warmup": 2000,
        "target_accept_prob": 0.95,
        "rhat_max": 1.0019880974942093,
        "ess_min": 3513.403334409161,
        "n_divergences": 0,
        "passes_rhat": true,
        "passes_ess": true,
        "passes_gate": true
      }
    ],
    "params": {
      "H": {
        "mean": 0.059989649802446365,
        "median": 0.044253602623939514,
        "sd": 0.053703706711530685,
        "hdi_2.5": 8.213865658035502e-05,
        "hdi_97.5": 0.16682404279708862,
        "rhat": 1.0004600498699352,
        "ess_bulk": 5588.206316419426
      },
      "LW": {
        "mean": 0.6734549403190613,
        "median": 0.71299809217453,
        "sd": 0.23151737451553345,
        "hdi_2.5": 0.22854377329349518,
        "hdi_97.5": 0.9998854398727417,
        "rhat": 1.0015412012161635,
        "ess_bulk": 4911.385942286757
      },
      "log_UU": {
        "mean": 3.961698532104492,
        "median": 3.6344823837280273,
        "sd": 2.4178617000579834,
        "hdi_2.5": 0.02449137344956398,
        "hdi_97.5": 8.510016441345215,
        "rhat": 1.0005709387270598,
        "ess_bulk": 4762.427043274291
      },
      "sigma_motor": {
        "mean": 32.012969970703125,
        "median": 31.956039428710938,
        "sd": 1.5537261962890625,
        "hdi_2.5": 28.956422805786133,
        "hdi_97.5": 34.98824691772461,
        "rhat": 1.0009013121773997,
        "ess_bulk": 5618.975320022436
      },
      "sigma_LR": {
        "mean": 0.7299553155899048,
        "median": 0.6147323846817017,
        "sd": 0.5486105680465698,
        "hdi_2.5": 0.0010326917981728911,
        "hdi_97.5": 1.8013824224472046,
        "rhat": 0.999986833748562,
        "ess_bulk": 4397.4737552975475
      }
    },
    "n_divergences": 0,
    "n_chains": 4,
    "n_samples_per_chain": 2000
  },
  "behavior": {
    "r_obs_vs_pred": 0.06309162398634938,
    "rmse": 32.796260425436714,
    "mae": 26.406674745806672,
    "n_trials": 193
  },
  "elapsed_seconds": 52.818798780441284
}