{
  "subject_idx": 70,
  "subject_id": "SP_083103",
  "is_patient": true,
  "condition": "changepoint",
  "n_trials": 194,
  "n_blocks": 2,
  "sub_blocks_avoid_seek": [
    0,
    1
  ],
  "mcmc_config": {
    "num_warmup": 2000,
    "num_samples": 2000,
    "num_chains": 4
  },
  "fit": {
    "dataset_idx": 70,
    "condition": "changepoint",
    "status": "PASS",
    "attempts": [
      {
        "attempt": 1,
        "num_warmup": 2000,
        "target_accept_prob": 0.95,
        "rhat_max": 1.0015930752974145,
        "ess_min": 5356.424969702284,
        "n_divergences": 0,
        "passes_rhat": true,
        "passes_ess": true,
        "passes_gate": true
      }
    ],
    "params": {
      "H": {
        "mean": 0.012827005237340927,
        "median": 0.01236168947070837,
        "sd": 0.00386635959148407,
        "hdi_2.5": 0.005854529794305563,
        "hdi_97.5": 0.020217295736074448,
        "rhat": 1.0001437056083098,
        "ess_bulk": 5394.740544850356
      },
      "LW": {
        "mean": 0.055394433438777924,
        "median": 0.05386677384376526,
        "sd": 0.014779768884181976,
        "hdi_2.5": 0.02815827913582325,
        "hdi_97.5": 0.08484773337841034,
        "rhat": 1.0003515289043037,
        "ess_bulk": 6593.002415189384
      },
      "log_UU": {
        "mean": 0.943925678730011,
        "median": 0.9349631667137146,
        "sd": 0.16925659775733948,
        "hdi_2.5": 0.6252532005310059,
        "hdi_97.5": 1.284454584121704,
        "rhat": 1.0012394349989535,
        "ess_bulk": 6239.371624277109
      },
      "sigma_motor": {
        "mean": 9.461243629455566,
        "median": 9.413103103637695,
        "sd": 1.1013621091842651,
        "hdi_2.5": 7.29445743560791,
        "hdi_97.5": 11.563882827758789,
        "rhat": 1.0005211913430525,
        "ess_bulk": 6169.282182136635
      },
      "sigma_LR": {
        "mean": 4.8805646896362305,
        "median": 4.864288330078125,
        "sd": 0.5263156890869141,
        "hdi_2.5": 3.836519718170166,
        "hdi_97.5": 5.908552169799805,
        "rhat": 1.0002717877252074,
        "ess_bulk": 7088.955422356169
      }
    },
    "n_divergences": 0,
    "n_chains": 4,
    "n_samples_per_chain": 2000
  },
  "behavior": {
    "r_obs_vs_pred": 0.11451195717145653,
    "rmse": 33.38596639978481,
    "mae": 16.29673427491029,
    "n_trials": 193
  },
  "elapsed_seconds": 64.23498344421387
}