{
  "subject_idx": 88,
  "subject_id": "SP_089324",
  "is_patient": true,
  "condition": "changepoint",
  "n_trials": 194,
  "n_blocks": 2,
  "sub_blocks_avoid_seek": [
    0,
    1
  ],
  "mcmc_config": {
    "num_warmup": 2000,
    "num_samples": 2000,
    "num_chains": 4
  },
  "fit": {
    "dataset_idx": 88,
    "condition": "changepoint",
    "status": "PASS",
    "attempts": [
      {
        "attempt": 1,
        "num_warmup": 2000,
        "target_accept_prob": 0.95,
        "rhat_max": 1.0046174618962123,
        "ess_min": 1806.025342001968,
        "n_divergences": 0,
        "passes_rhat": true,
        "passes_ess": true,
        "passes_gate": true
      }
    ],
    "params": {
      "H": {
        "mean": 0.020439937710762024,
        "median": 0.018800809979438782,
        "sd": 0.009764875285327435,
        "hdi_2.5": 0.004386620596051216,
        "hdi_97.5": 0.03962290659546852,
        "rhat": 1.003434745711883,
        "ess_bulk": 2351.088676062612
      },
      "LW": {
        "mean": 0.3159498870372772,
        "median": 0.21015878021717072,
        "sd": 0.23109431564807892,
        "hdi_2.5": 0.0458708330988884,
        "hdi_97.5": 0.8263525366783142,
        "rhat": 1.004230837143438,
        "ess_bulk": 2004.362090636971
      },
      "log_UU": {
        "mean": 0.8330002427101135,
        "median": 0.802777886390686,
        "sd": 0.25499916076660156,
        "hdi_2.5": 0.3910157382488251,
        "hdi_97.5": 1.3594759702682495,
        "rhat": 1.0029147613617249,
        "ess_bulk": 2498.8625928168744
      },
      "sigma_motor": {
        "mean": 17.342849731445312,
        "median": 17.29654312133789,
        "sd": 1.5742796659469604,
        "hdi_2.5": 14.361507415771484,
        "hdi_97.5": 20.51292610168457,
        "rhat": 1.0016919238358797,
        "ess_bulk": 3777.116287019834
      },
      "sigma_LR": {
        "mean": 3.055814504623413,
        "median": 3.0285274982452393,
        "sd": 0.5903123021125793,
        "hdi_2.5": 1.9520119428634644,
        "hdi_97.5": 4.223138809204102,
        "rhat": 1.0013194887017607,
        "ess_bulk": 3186.783832479092
      }
    },
    "n_divergences": 0,
    "n_chains": 4,
    "n_samples_per_chain": 2000
  },
  "behavior": {
    "r_obs_vs_pred": -0.007283229490601804,
    "rmse": 30.726652920870087,
    "mae": 18.625731837901967,
    "n_trials": 193
  },
  "elapsed_seconds": 92.18305945396423
}