{
  "subject_idx": 115,
  "subject_id": "SP_084598",
  "is_patient": false,
  "condition": "changepoint",
  "n_trials": 194,
  "n_blocks": 2,
  "sub_blocks_avoid_seek": [
    0,
    1
  ],
  "mcmc_config": {
    "num_warmup": 2000,
    "num_samples": 2000,
    "num_chains": 4
  },
  "fit": {
    "dataset_idx": 115,
    "condition": "changepoint",
    "status": "PASS",
    "attempts": [
      {
        "attempt": 1,
        "num_warmup": 2000,
        "target_accept_prob": 0.95,
        "rhat_max": 1.0008887668017477,
        "ess_min": 2809.5085583983405,
        "n_divergences": 0,
        "passes_rhat": true,
        "passes_ess": true,
        "passes_gate": true
      }
    ],
    "params": {
      "H": {
        "mean": 0.008399355225265026,
        "median": 0.00810282863676548,
        "sd": 0.0027384981513023376,
        "hdi_2.5": 0.0034505559597164392,
        "hdi_97.5": 0.013761949725449085,
        "rhat": 1.0001696410361103,
        "ess_bulk": 2975.650046394977
      },
      "LW": {
        "mean": 0.191173255443573,
        "median": 0.18999043107032776,
        "sd": 0.015152732841670513,
        "hdi_2.5": 0.1616899073123932,
        "hdi_97.5": 0.22024951875209808,
        "rhat": 1.0002742875164987,
        "ess_bulk": 3104.525392164157
      },
      "log_UU": {
        "mean": 0.915179431438446,
        "median": 0.9109813570976257,
        "sd": 0.13929501175880432,
        "hdi_2.5": 0.6548290848731995,
        "hdi_97.5": 1.1964890956878662,
        "rhat": 1.0003180655014925,
        "ess_bulk": 3916.829046410058
      },
      "sigma_motor": {
        "mean": 11.598189353942871,
        "median": 11.531085014343262,
        "sd": 1.379301905632019,
        "hdi_2.5": 9.049484252929688,
        "hdi_97.5": 14.313462257385254,
        "rhat": 1.000358397502903,
        "ess_bulk": 4296.135928233391
      },
      "sigma_LR": {
        "mean": 6.807469844818115,
        "median": 6.797842979431152,
        "sd": 0.5770976543426514,
        "hdi_2.5": 5.684338569641113,
        "hdi_97.5": 7.95067024230957,
        "rhat": 1.0004420031175765,
        "ess_bulk": 4852.8329410894285
      }
    },
    "n_divergences": 0,
    "n_chains": 4,
    "n_samples_per_chain": 2000
  },
  "behavior": {
    "r_obs_vs_pred": -0.1277046222857432,
    "rmse": 55.41674269607937,
    "mae": 28.041998772655127,
    "n_trials": 193
  },
  "elapsed_seconds": 50.19798684120178
}