{
  "subject_idx": 15,
  "subject_id": "SP_057172",
  "is_patient": true,
  "condition": "changepoint",
  "n_trials": 394,
  "n_blocks": 2,
  "sub_blocks_avoid_seek": [
    0,
    1
  ],
  "mcmc_config": {
    "num_warmup": 2000,
    "num_samples": 2000,
    "num_chains": 4
  },
  "fit": {
    "dataset_idx": 15,
    "condition": "changepoint",
    "status": "PASS",
    "attempts": [
      {
        "attempt": 1,
        "num_warmup": 2000,
        "target_accept_prob": 0.95,
        "rhat_max": 1.0015008574775184,
        "ess_min": 4185.0467432041205,
        "n_divergences": 0,
        "passes_rhat": true,
        "passes_ess": true,
        "passes_gate": true
      }
    ],
    "params": {
      "H": {
        "mean": 0.004907421302050352,
        "median": 0.0047441404312849045,
        "sd": 0.001489389454945922,
        "hdi_2.5": 0.0022702051792293787,
        "hdi_97.5": 0.00796468835324049,
        "rhat": 1.0009560318780812,
        "ess_bulk": 4392.414719740425
      },
      "LW": {
        "mean": 0.04417511820793152,
        "median": 0.04350942745804787,
        "sd": 0.010146603919565678,
        "hdi_2.5": 0.025019221007823944,
        "hdi_97.5": 0.06427460163831711,
        "rhat": 1.0002155154891563,
        "ess_bulk": 5871.371085287869
      },
      "log_UU": {
        "mean": 0.7642321586608887,
        "median": 0.7597293853759766,
        "sd": 0.12005531787872314,
        "hdi_2.5": 0.5312678813934326,
        "hdi_97.5": 0.9938808679580688,
        "rhat": 1.0000027364737554,
        "ess_bulk": 5190.702070031587
      },
      "sigma_motor": {
        "mean": 29.04363441467285,
        "median": 28.980060577392578,
        "sd": 1.7692841291427612,
        "hdi_2.5": 25.608747482299805,
        "hdi_97.5": 32.45972442626953,
        "rhat": 1.0015008574775184,
        "ess_bulk": 5897.495634486479
      },
      "sigma_LR": {
        "mean": 6.111733436584473,
        "median": 6.097789764404297,
        "sd": 0.5980486869812012,
        "hdi_2.5": 4.937317848205566,
        "hdi_97.5": 7.294466018676758,
        "rhat": 1.0004071393392633,
        "ess_bulk": 6579.65205702509
      }
    },
    "n_divergences": 0,
    "n_chains": 4,
    "n_samples_per_chain": 2000
  },
  "behavior": {
    "r_obs_vs_pred": -0.21622479058358016,
    "rmse": 67.97195470287379,
    "mae": 32.72571067542606,
    "n_trials": 393
  },
  "elapsed_seconds": 116.8235387802124
}