{
  "subject_idx": 54,
  "subject_id": "SP_031307",
  "is_patient": true,
  "condition": "oddball",
  "n_trials": 194,
  "n_blocks": 2,
  "sub_blocks_avoid_seek": [
    2,
    3
  ],
  "mcmc_config": {
    "num_warmup": 2000,
    "num_samples": 2000,
    "num_chains": 4
  },
  "fit": {
    "dataset_idx": 54,
    "condition": "oddball",
    "status": "PASS",
    "attempts": [
      {
        "attempt": 1,
        "num_warmup": 2000,
        "target_accept_prob": 0.95,
        "rhat_max": 1.0054679569120353,
        "ess_min": 1355.6149136659772,
        "n_divergences": 0,
        "passes_rhat": true,
        "passes_ess": true,
        "passes_gate": true
      }
    ],
    "params": {
      "H": {
        "mean": 0.056573811918497086,
        "median": 0.04208706319332123,
        "sd": 0.05139484256505966,
        "hdi_2.5": 3.010763691690954e-07,
        "hdi_97.5": 0.1604527086019516,
        "rhat": 1.0001836153513586,
        "ess_bulk": 4984.340501874062
      },
      "LW": {
        "mean": 0.664588987827301,
        "median": 0.7064704895019531,
        "sd": 0.23715384304523468,
        "hdi_2.5": 0.21536663174629211,
        "hdi_97.5": 0.9999836683273315,
        "rhat": 1.0015189916375147,
        "ess_bulk": 3585.723546195382
      },
      "log_UU": {
        "mean": 4.012028694152832,
        "median": 3.6836488246917725,
        "sd": 2.425905466079712,
        "hdi_2.5": 0.0008881459361873567,
        "hdi_97.5": 8.497709274291992,
        "rhat": 1.0006860903372465,
        "ess_bulk": 3551.5971962345657
      },
      "sigma_motor": {
        "mean": 24.801076889038086,
        "median": 24.76528549194336,
        "sd": 1.2629503011703491,
        "hdi_2.5": 22.430927276611328,
        "hdi_97.5": 27.27830696105957,
        "rhat": 1.0011432213253755,
        "ess_bulk": 4832.280869684456
      },
      "sigma_LR": {
        "mean": 0.7028269171714783,
        "median": 0.5865286588668823,
        "sd": 0.5410172939300537,
        "hdi_2.5": 8.738885298953392e-06,
        "hdi_97.5": 1.7641327381134033,
        "rhat": 1.0054679569120353,
        "ess_bulk": 1977.3308341630993
      }
    },
    "n_divergences": 0,
    "n_chains": 4,
    "n_samples_per_chain": 2000
  },
  "behavior": {
    "r_obs_vs_pred": -0.09537549970094113,
    "rmse": 25.18589943980574,
    "mae": 12.015465915480673,
    "n_trials": 193
  },
  "elapsed_seconds": 74.42675399780273
}