{
  "subject_idx": 0,
  "subject_id": "SP_004375",
  "is_patient": true,
  "condition": "oddball",
  "n_trials": 194,
  "n_blocks": 2,
  "sub_blocks_avoid_seek": [
    2,
    3
  ],
  "mcmc_config": {
    "num_warmup": 2000,
    "num_samples": 2000,
    "num_chains": 4
  },
  "fit": {
    "dataset_idx": 0,
    "condition": "oddball",
    "status": "PASS",
    "attempts": [
      {
        "attempt": 1,
        "num_warmup": 2000,
        "target_accept_prob": 0.95,
        "rhat_max": 1.0023383251699072,
        "ess_min": 2342.459962292946,
        "n_divergences": 0,
        "passes_rhat": true,
        "passes_ess": true,
        "passes_gate": true
      }
    ],
    "params": {
      "H": {
        "mean": 0.2503814101219177,
        "median": 0.25050222873687744,
        "sd": 0.03763718903064728,
        "hdi_2.5": 0.17753443121910095,
        "hdi_97.5": 0.32672056555747986,
        "rhat": 1.0007208910353145,
        "ess_bulk": 4558.698331765622
      },
      "LW": {
        "mean": 0.06723476946353912,
        "median": 0.06803073734045029,
        "sd": 0.012272469699382782,
        "hdi_2.5": 0.04279230907559395,
        "hdi_97.5": 0.09061853587627411,
        "rhat": 1.0003278470138883,
        "ess_bulk": 4694.4410560329825
      },
      "log_UU": {
        "mean": 0.003359878435730934,
        "median": 0.0023802882060408592,
        "sd": 0.003267511259764433,
        "hdi_2.5": 1.6313535411427438e-07,
        "hdi_97.5": 0.009959381073713303,
        "rhat": 1.0001738568932392,
        "ess_bulk": 3444.079413360671
      },
      "sigma_motor": {
        "mean": 20.2048282623291,
        "median": 20.067298889160156,
        "sd": 2.189999580383301,
        "hdi_2.5": 15.942425727844238,
        "hdi_97.5": 24.48292350769043,
        "rhat": 1.0023383251699072,
        "ess_bulk": 2342.459962292946
      },
      "sigma_LR": {
        "mean": 3.2450389862060547,
        "median": 3.2281999588012695,
        "sd": 0.4451197683811188,
        "hdi_2.5": 2.397670030593872,
        "hdi_97.5": 4.120076656341553,
        "rhat": 1.001467947246202,
        "ess_bulk": 3869.6357347766916
      }
    },
    "n_divergences": 0,
    "n_chains": 4,
    "n_samples_per_chain": 2000
  },
  "behavior": {
    "r_obs_vs_pred": -0.4389542978725816,
    "rmse": 45.85397107914901,
    "mae": 25.56637499253676,
    "n_trials": 193
  },
  "elapsed_seconds": 102.12689805030823
}