{
  "subject_idx": 61,
  "subject_id": "SP_073811",
  "is_patient": true,
  "condition": "changepoint",
  "n_trials": 194,
  "n_blocks": 2,
  "sub_blocks_avoid_seek": [
    0,
    1
  ],
  "mcmc_config": {
    "num_warmup": 2000,
    "num_samples": 2000,
    "num_chains": 4
  },
  "fit": {
    "dataset_idx": 61,
    "condition": "changepoint",
    "status": "PASS",
    "attempts": [
      {
        "attempt": 1,
        "num_warmup": 2000,
        "target_accept_prob": 0.95,
        "rhat_max": 1.0024100458634972,
        "ess_min": 3236.1387437691947,
        "n_divergences": 0,
        "passes_rhat": true,
        "passes_ess": true,
        "passes_gate": true
      }
    ],
    "params": {
      "H": {
        "mean": 0.007930215448141098,
        "median": 0.007709654979407787,
        "sd": 0.0022314381785690784,
        "hdi_2.5": 0.0036851889453828335,
        "hdi_97.5": 0.01228316966444254,
        "rhat": 1.0003914897278077,
        "ess_bulk": 3407.497908486635
      },
      "LW": {
        "mean": 0.1501312255859375,
        "median": 0.14970555901527405,
        "sd": 0.008981507271528244,
        "hdi_2.5": 0.1331043392419815,
        "hdi_97.5": 0.1683780997991562,
        "rhat": 1.0003199867561612,
        "ess_bulk": 3266.0196080378532
      },
      "log_UU": {
        "mean": 1.0915075540542603,
        "median": 1.0829741954803467,
        "sd": 0.17018313705921173,
        "hdi_2.5": 0.768294632434845,
        "hdi_97.5": 1.4238154888153076,
        "rhat": 1.0004143198703404,
        "ess_bulk": 4207.5549919887035
      },
      "sigma_motor": {
        "mean": 12.95287799835205,
        "median": 12.893144607543945,
        "sd": 1.6261043548583984,
        "hdi_2.5": 9.894155502319336,
        "hdi_97.5": 16.299448013305664,
        "rhat": 1.0009873386379635,
        "ess_bulk": 3345.311888863749
      },
      "sigma_LR": {
        "mean": 6.0656352043151855,
        "median": 6.045017242431641,
        "sd": 0.7119271755218506,
        "hdi_2.5": 4.702732086181641,
        "hdi_97.5": 7.4827094078063965,
        "rhat": 1.0006444080280772,
        "ess_bulk": 3960.5897580649166
      }
    },
    "n_divergences": 0,
    "n_chains": 4,
    "n_samples_per_chain": 2000
  },
  "behavior": {
    "r_obs_vs_pred": 0.0635041086065085,
    "rmse": 49.10938012755677,
    "mae": 19.949486504665966,
    "n_trials": 193
  },
  "elapsed_seconds": 62.7707154750824
}