{
  "subject_idx": 2,
  "subject_id": "SP_004590",
  "is_patient": true,
  "condition": "changepoint",
  "n_trials": 194,
  "n_blocks": 2,
  "sub_blocks_avoid_seek": [
    0,
    1
  ],
  "mcmc_config": {
    "num_warmup": 2000,
    "num_samples": 2000,
    "num_chains": 4
  },
  "fit": {
    "dataset_idx": 2,
    "condition": "changepoint",
    "status": "PASS",
    "attempts": [
      {
        "attempt": 1,
        "num_warmup": 2000,
        "target_accept_prob": 0.95,
        "rhat_max": 1.0010576097167223,
        "ess_min": 4144.999364454097,
        "n_divergences": 0,
        "passes_rhat": true,
        "passes_ess": true,
        "passes_gate": true
      }
    ],
    "params": {
      "H": {
        "mean": 0.01319932658225298,
        "median": 0.012323513627052307,
        "sd": 0.005653802305459976,
        "hdi_2.5": 0.003638359485194087,
        "hdi_97.5": 0.02448037639260292,
        "rhat": 1.0004166109395312,
        "ess_bulk": 4613.393005565712
      },
      "LW": {
        "mean": 0.07429462671279907,
        "median": 0.07406440377235413,
        "sd": 0.020805226638913155,
        "hdi_2.5": 0.03493441268801689,
        "hdi_97.5": 0.11515025794506073,
        "rhat": 1.0000747339139233,
        "ess_bulk": 4144.999364454097
      },
      "log_UU": {
        "mean": 0.9865753054618835,
        "median": 0.9728388786315918,
        "sd": 0.22497902810573578,
        "hdi_2.5": 0.5703802108764648,
        "hdi_97.5": 1.432070016860962,
        "rhat": 1.000727111290111,
        "ess_bulk": 5212.934198679172
      },
      "sigma_motor": {
        "mean": 21.33940315246582,
        "median": 21.265350341796875,
        "sd": 1.5218907594680786,
        "hdi_2.5": 18.491430282592773,
        "hdi_97.5": 24.38581657409668,
        "rhat": 1.000232739361603,
        "ess_bulk": 5916.619352057442
      },
      "sigma_LR": {
        "mean": 3.4203197956085205,
        "median": 3.3934707641601562,
        "sd": 0.520091712474823,
        "hdi_2.5": 2.440657615661621,
        "hdi_97.5": 4.4585490226745605,
        "rhat": 1.0003563070224766,
        "ess_bulk": 5940.336872540522
      }
    },
    "n_divergences": 0,
    "n_chains": 4,
    "n_samples_per_chain": 2000
  },
  "behavior": {
    "r_obs_vs_pred": -0.004702586599877438,
    "rmse": 41.781675000234266,
    "mae": 20.183762156274266,
    "n_trials": 193
  },
  "elapsed_seconds": 66.09720420837402
}