{
  "subject_idx": 32,
  "subject_id": "SP_079727",
  "is_patient": true,
  "condition": "changepoint",
  "n_trials": 194,
  "n_blocks": 2,
  "sub_blocks_avoid_seek": [
    0,
    1
  ],
  "mcmc_config": {
    "num_warmup": 2000,
    "num_samples": 2000,
    "num_chains": 4
  },
  "fit": {
    "dataset_idx": 32,
    "condition": "changepoint",
    "status": "PASS",
    "attempts": [
      {
        "attempt": 1,
        "num_warmup": 2000,
        "target_accept_prob": 0.95,
        "rhat_max": 1.0017908897362586,
        "ess_min": 4199.3803409558905,
        "n_divergences": 0,
        "passes_rhat": true,
        "passes_ess": true,
        "passes_gate": true
      }
    ],
    "params": {
      "H": {
        "mean": 0.02262706682085991,
        "median": 0.021945971995592117,
        "sd": 0.006545040290802717,
        "hdi_2.5": 0.010833538137376308,
        "hdi_97.5": 0.035521749407052994,
        "rhat": 1.0005825002817288,
        "ess_bulk": 4304.449315182725
      },
      "LW": {
        "mean": 0.08248092979192734,
        "median": 0.08291387557983398,
        "sd": 0.015058164484798908,
        "hdi_2.5": 0.05195043981075287,
        "hdi_97.5": 0.11076341569423676,
        "rhat": 1.000231250041662,
        "ess_bulk": 4550.815829478303
      },
      "log_UU": {
        "mean": 0.9058294892311096,
        "median": 0.897530734539032,
        "sd": 0.17865315079689026,
        "hdi_2.5": 0.5610101819038391,
        "hdi_97.5": 1.2587894201278687,
        "rhat": 1.0012924372216252,
        "ess_bulk": 5062.846077169726
      },
      "sigma_motor": {
        "mean": 13.169641494750977,
        "median": 13.105459213256836,
        "sd": 1.3266277313232422,
        "hdi_2.5": 10.712604522705078,
        "hdi_97.5": 15.811920166015625,
        "rhat": 1.000452388012801,
        "ess_bulk": 5432.412862172287
      },
      "sigma_LR": {
        "mean": 4.4560112953186035,
        "median": 4.434540748596191,
        "sd": 0.5145237445831299,
        "hdi_2.5": 3.5136125087738037,
        "hdi_97.5": 5.513138294219971,
        "rhat": 1.0012394364711126,
        "ess_bulk": 5451.302138043408
      }
    },
    "n_divergences": 0,
    "n_chains": 4,
    "n_samples_per_chain": 2000
  },
  "behavior": {
    "r_obs_vs_pred": -0.09699574851896094,
    "rmse": 47.43770396524486,
    "mae": 22.167170405059743,
    "n_trials": 193
  },
  "elapsed_seconds": 29.10882568359375
}