{
  "subject_idx": 92,
  "subject_id": "SP_089572",
  "is_patient": true,
  "condition": "oddball",
  "n_trials": 194,
  "n_blocks": 2,
  "sub_blocks_avoid_seek": [
    2,
    3
  ],
  "mcmc_config": {
    "num_warmup": 2000,
    "num_samples": 2000,
    "num_chains": 4
  },
  "fit": {
    "dataset_idx": 92,
    "condition": "oddball",
    "status": "PASS",
    "attempts": [
      {
        "attempt": 1,
        "num_warmup": 2000,
        "target_accept_prob": 0.95,
        "rhat_max": 1.0016898687291278,
        "ess_min": 3533.9623461914834,
        "n_divergences": 0,
        "passes_rhat": true,
        "passes_ess": true,
        "passes_gate": true
      }
    ],
    "params": {
      "H": {
        "mean": 0.4163217842578888,
        "median": 0.41648560762405396,
        "sd": 0.03553682565689087,
        "hdi_2.5": 0.3455198407173157,
        "hdi_97.5": 0.48541465401649475,
        "rhat": 1.0006072521310116,
        "ess_bulk": 4916.748739194396
      },
      "LW": {
        "mean": 0.012741067446768284,
        "median": 0.012450318783521652,
        "sd": 0.005468770395964384,
        "hdi_2.5": 0.0027725801337510347,
        "hdi_97.5": 0.023379432037472725,
        "rhat": 1.0006881200481796,
        "ess_bulk": 4385.262552780483
      },
      "log_UU": {
        "mean": 0.0009386133751831949,
        "median": 0.0006415999960154295,
        "sd": 0.0009464973118156195,
        "hdi_2.5": 4.830280886380933e-08,
        "hdi_97.5": 0.0027886563912034035,
        "rhat": 1.0016898687291278,
        "ess_bulk": 3533.9623461914834
      },
      "sigma_motor": {
        "mean": 13.310059547424316,
        "median": 13.134917259216309,
        "sd": 2.27848744392395,
        "hdi_2.5": 8.854010581970215,
        "hdi_97.5": 17.65413475036621,
        "rhat": 1.001004292663461,
        "ess_bulk": 3579.3905287157413
      },
      "sigma_LR": {
        "mean": 4.547571182250977,
        "median": 4.535945892333984,
        "sd": 0.5781123042106628,
        "hdi_2.5": 3.367163896560669,
        "hdi_97.5": 5.631264686584473,
        "rhat": 1.0003545115008103,
        "ess_bulk": 3637.805683772145
      }
    },
    "n_divergences": 0,
    "n_chains": 4,
    "n_samples_per_chain": 2000
  },
  "behavior": {
    "r_obs_vs_pred": -0.5010326518297371,
    "rmse": 66.4442958775718,
    "mae": 30.55107672223001,
    "n_trials": 193
  },
  "elapsed_seconds": 73.52492475509644
}