{
  "subject_idx": 87,
  "subject_id": "SP_089087",
  "is_patient": true,
  "condition": "changepoint",
  "n_trials": 194,
  "n_blocks": 2,
  "sub_blocks_avoid_seek": [
    0,
    1
  ],
  "mcmc_config": {
    "num_warmup": 2000,
    "num_samples": 2000,
    "num_chains": 4
  },
  "fit": {
    "dataset_idx": 87,
    "condition": "changepoint",
    "status": "PASS",
    "attempts": [
      {
        "attempt": 1,
        "num_warmup": 2000,
        "target_accept_prob": 0.95,
        "rhat_max": 1.001375755632786,
        "ess_min": 4800.317646159267,
        "n_divergences": 0,
        "passes_rhat": true,
        "passes_ess": true,
        "passes_gate": true
      }
    ],
    "params": {
      "H": {
        "mean": 0.013406991958618164,
        "median": 0.012850239872932434,
        "sd": 0.0045485105365514755,
        "hdi_2.5": 0.005213783122599125,
        "hdi_97.5": 0.0221721101552248,
        "rhat": 1.0010513403526626,
        "ess_bulk": 4937.830454123973
      },
      "LW": {
        "mean": 0.12834642827510834,
        "median": 0.12789112329483032,
        "sd": 0.025592148303985596,
        "hdi_2.5": 0.07826536148786545,
        "hdi_97.5": 0.17774909734725952,
        "rhat": 1.001024255064226,
        "ess_bulk": 5581.550288560705
      },
      "log_UU": {
        "mean": 0.9632464647293091,
        "median": 0.9575382471084595,
        "sd": 0.17572656273841858,
        "hdi_2.5": 0.6313613653182983,
        "hdi_97.5": 1.314207911491394,
        "rhat": 1.0002251922779026,
        "ess_bulk": 5127.658804644982
      },
      "sigma_motor": {
        "mean": 16.384164810180664,
        "median": 16.32094955444336,
        "sd": 1.8099457025527954,
        "hdi_2.5": 13.006775856018066,
        "hdi_97.5": 20.147979736328125,
        "rhat": 1.0003342091976253,
        "ess_bulk": 5474.680486090589
      },
      "sigma_LR": {
        "mean": 4.647824287414551,
        "median": 4.627011299133301,
        "sd": 0.5793284177780151,
        "hdi_2.5": 3.53810977935791,
        "hdi_97.5": 5.779160499572754,
        "rhat": 1.00014044826567,
        "ess_bulk": 5598.417308931037
      }
    },
    "n_divergences": 0,
    "n_chains": 4,
    "n_samples_per_chain": 2000
  },
  "behavior": {
    "r_obs_vs_pred": -0.1529413919320044,
    "rmse": 51.44079463775187,
    "mae": 27.929291852349365,
    "n_trials": 193
  },
  "elapsed_seconds": 51.40545701980591
}