{
  "subject_idx": 69,
  "subject_id": "SP_083068",
  "is_patient": true,
  "condition": "changepoint",
  "n_trials": 194,
  "n_blocks": 2,
  "sub_blocks_avoid_seek": [
    0,
    1
  ],
  "mcmc_config": {
    "num_warmup": 2000,
    "num_samples": 2000,
    "num_chains": 4
  },
  "fit": {
    "dataset_idx": 69,
    "condition": "changepoint",
    "status": "PASS",
    "attempts": [
      {
        "attempt": 1,
        "num_warmup": 2000,
        "target_accept_prob": 0.95,
        "rhat_max": 1.001619076453588,
        "ess_min": 3875.8714752457377,
        "n_divergences": 0,
        "passes_rhat": true,
        "passes_ess": true,
        "passes_gate": true
      }
    ],
    "params": {
      "H": {
        "mean": 0.009400415234267712,
        "median": 0.008947532624006271,
        "sd": 0.003316714661195874,
        "hdi_2.5": 0.0036213428247720003,
        "hdi_97.5": 0.016000661998987198,
        "rhat": 1.0003094721952441,
        "ess_bulk": 4269.475911984115
      },
      "LW": {
        "mean": 0.09845820814371109,
        "median": 0.09927888214588165,
        "sd": 0.017597757279872894,
        "hdi_2.5": 0.06222938001155853,
        "hdi_97.5": 0.13126257061958313,
        "rhat": 1.0004258366485417,
        "ess_bulk": 3875.8714752457377
      },
      "log_UU": {
        "mean": 0.8795030117034912,
        "median": 0.8688977956771851,
        "sd": 0.1677362024784088,
        "hdi_2.5": 0.5637456774711609,
        "hdi_97.5": 1.2110737562179565,
        "rhat": 1.0005322410920892,
        "ess_bulk": 5082.881850553843
      },
      "sigma_motor": {
        "mean": 18.749855041503906,
        "median": 18.668167114257812,
        "sd": 1.8111423254013062,
        "hdi_2.5": 15.357063293457031,
        "hdi_97.5": 22.45975112915039,
        "rhat": 1.0005515838253471,
        "ess_bulk": 4453.640003451744
      },
      "sigma_LR": {
        "mean": 5.625327110290527,
        "median": 5.599015235900879,
        "sd": 0.6710662245750427,
        "hdi_2.5": 4.354740142822266,
        "hdi_97.5": 6.951215744018555,
        "rhat": 1.000889542748754,
        "ess_bulk": 4846.78981561539
      }
    },
    "n_divergences": 0,
    "n_chains": 4,
    "n_samples_per_chain": 2000
  },
  "behavior": {
    "r_obs_vs_pred": 0.05537117947415208,
    "rmse": 45.88629221096949,
    "mae": 18.023590899502057,
    "n_trials": 193
  },
  "elapsed_seconds": 26.958908319473267
}