{
  "subject_idx": 60,
  "subject_id": "SP_067151",
  "is_patient": true,
  "condition": "changepoint",
  "n_trials": 194,
  "n_blocks": 2,
  "sub_blocks_avoid_seek": [
    0,
    1
  ],
  "mcmc_config": {
    "num_warmup": 2000,
    "num_samples": 2000,
    "num_chains": 4
  },
  "fit": {
    "dataset_idx": 60,
    "condition": "changepoint",
    "status": "PASS",
    "attempts": [
      {
        "attempt": 1,
        "num_warmup": 2000,
        "target_accept_prob": 0.95,
        "rhat_max": 1.0012454977290721,
        "ess_min": 3913.1353390491477,
        "n_divergences": 0,
        "passes_rhat": true,
        "passes_ess": true,
        "passes_gate": true
      }
    ],
    "params": {
      "H": {
        "mean": 0.008826685138046741,
        "median": 0.007617204450070858,
        "sd": 0.005616357550024986,
        "hdi_2.5": 0.00043309052125550807,
        "hdi_97.5": 0.01964469626545906,
        "rhat": 1.0006113678251856,
        "ess_bulk": 3983.642516628416
      },
      "LW": {
        "mean": 0.15060235559940338,
        "median": 0.1362786740064621,
        "sd": 0.07859013229608536,
        "hdi_2.5": 0.027290934696793556,
        "hdi_97.5": 0.3077945113182068,
        "rhat": 0.9997753911666988,
        "ess_bulk": 4505.329223958592
      },
      "log_UU": {
        "mean": 0.8659223914146423,
        "median": 0.8388655185699463,
        "sd": 0.2666817307472229,
        "hdi_2.5": 0.37575289607048035,
        "hdi_97.5": 1.3906420469284058,
        "rhat": 1.0000731305989317,
        "ess_bulk": 4616.889567010487
      },
      "sigma_motor": {
        "mean": 18.591800689697266,
        "median": 18.52765655517578,
        "sd": 1.6403639316558838,
        "hdi_2.5": 15.55224895477295,
        "hdi_97.5": 21.978490829467773,
        "rhat": 1.0009002281875534,
        "ess_bulk": 4615.650060350785
      },
      "sigma_LR": {
        "mean": 2.173581123352051,
        "median": 2.1448569297790527,
        "sd": 0.6587528586387634,
        "hdi_2.5": 0.9277770519256592,
        "hdi_97.5": 3.4533703327178955,
        "rhat": 1.0012454977290721,
        "ess_bulk": 4759.609248815027
      }
    },
    "n_divergences": 0,
    "n_chains": 4,
    "n_samples_per_chain": 2000
  },
  "behavior": {
    "r_obs_vs_pred": 0.31124782230002723,
    "rmse": 27.585455170629054,
    "mae": 17.216599638897133,
    "n_trials": 193
  },
  "elapsed_seconds": 71.83065700531006
}