{
  "subject_idx": 10,
  "subject_id": "SP_052424",
  "is_patient": true,
  "condition": "changepoint",
  "n_trials": 194,
  "n_blocks": 2,
  "sub_blocks_avoid_seek": [
    0,
    1
  ],
  "mcmc_config": {
    "num_warmup": 2000,
    "num_samples": 2000,
    "num_chains": 4
  },
  "fit": {
    "dataset_idx": 10,
    "condition": "changepoint",
    "status": "PASS",
    "attempts": [
      {
        "attempt": 1,
        "num_warmup": 2000,
        "target_accept_prob": 0.95,
        "rhat_max": 1.0033116320201718,
        "ess_min": 3586.8427773944413,
        "n_divergences": 0,
        "passes_rhat": true,
        "passes_ess": true,
        "passes_gate": true
      }
    ],
    "params": {
      "H": {
        "mean": 0.0066108256578445435,
        "median": 0.0060501256957650185,
        "sd": 0.0031454674899578094,
        "hdi_2.5": 0.0014447984285652637,
        "hdi_97.5": 0.012772366404533386,
        "rhat": 1.0006452851184502,
        "ess_bulk": 3869.6210352675166
      },
      "LW": {
        "mean": 0.0553605817258358,
        "median": 0.05381909757852554,
        "sd": 0.015054088085889816,
        "hdi_2.5": 0.028696050867438316,
        "hdi_97.5": 0.08617483079433441,
        "rhat": 1.000102969142561,
        "ess_bulk": 4511.295176753035
      },
      "log_UU": {
        "mean": 1.102952003479004,
        "median": 1.0893287658691406,
        "sd": 0.24669957160949707,
        "hdi_2.5": 0.6387932300567627,
        "hdi_97.5": 1.5944552421569824,
        "rhat": 1.0006725889652892,
        "ess_bulk": 4391.074964720119
      },
      "sigma_motor": {
        "mean": 27.597578048706055,
        "median": 27.48611068725586,
        "sd": 2.3314809799194336,
        "hdi_2.5": 23.447025299072266,
        "hdi_97.5": 32.55030822753906,
        "rhat": 1.0004406566705635,
        "ess_bulk": 4637.933094920874
      },
      "sigma_LR": {
        "mean": 4.494534015655518,
        "median": 4.483757972717285,
        "sd": 0.7318740487098694,
        "hdi_2.5": 2.9801712036132812,
        "hdi_97.5": 5.877272605895996,
        "rhat": 1.0033116320201718,
        "ess_bulk": 4845.112553796543
      }
    },
    "n_divergences": 0,
    "n_chains": 4,
    "n_samples_per_chain": 2000
  },
  "behavior": {
    "r_obs_vs_pred": 0.03650594441976344,
    "rmse": 49.686968714677064,
    "mae": 25.357684476180438,
    "n_trials": 193
  },
  "elapsed_seconds": 37.29912519454956
}