{
  "subject_idx": 66,
  "subject_id": "SP_081898",
  "is_patient": true,
  "condition": "oddball",
  "n_trials": 194,
  "n_blocks": 2,
  "sub_blocks_avoid_seek": [
    2,
    3
  ],
  "mcmc_config": {
    "num_warmup": 2000,
    "num_samples": 2000,
    "num_chains": 4
  },
  "fit": {
    "dataset_idx": 66,
    "condition": "oddball",
    "status": "PASS",
    "attempts": [
      {
        "attempt": 1,
        "num_warmup": 2000,
        "target_accept_prob": 0.95,
        "rhat_max": 1.0024722501596075,
        "ess_min": 2514.392418855294,
        "n_divergences": 0,
        "passes_rhat": true,
        "passes_ess": true,
        "passes_gate": true
      }
    ],
    "params": {
      "H": {
        "mean": 0.05171604081988335,
        "median": 0.040384188294410706,
        "sd": 0.043669190257787704,
        "hdi_2.5": 1.5017557416285854e-05,
        "hdi_97.5": 0.1402498036623001,
        "rhat": 1.0024382679588337,
        "ess_bulk": 2693.213003936784
      },
      "LW": {
        "mean": 0.14329706132411957,
        "median": 0.13566790521144867,
        "sd": 0.05024389922618866,
        "hdi_2.5": 0.0633489117026329,
        "hdi_97.5": 0.250542014837265,
        "rhat": 1.0024006513627302,
        "ess_bulk": 2514.392418855294
      },
      "log_UU": {
        "mean": 0.05203787982463837,
        "median": 0.04960595816373825,
        "sd": 0.028379244729876518,
        "hdi_2.5": 1.1272382835159078e-05,
        "hdi_97.5": 0.10283990949392319,
        "rhat": 1.0016168359205426,
        "ess_bulk": 3310.6812852059966
      },
      "sigma_motor": {
        "mean": 17.73274803161621,
        "median": 17.70653533935547,
        "sd": 1.068476676940918,
        "hdi_2.5": 15.726838111877441,
        "hdi_97.5": 19.940893173217773,
        "rhat": 1.0004228682044598,
        "ess_bulk": 4725.294524817369
      },
      "sigma_LR": {
        "mean": 2.7844834327697754,
        "median": 2.7528128623962402,
        "sd": 0.5346867442131042,
        "hdi_2.5": 1.7972824573516846,
        "hdi_97.5": 3.853567600250244,
        "rhat": 1.0010685853684247,
        "ess_bulk": 4753.245284423044
      }
    },
    "n_divergences": 0,
    "n_chains": 4,
    "n_samples_per_chain": 2000
  },
  "behavior": {
    "r_obs_vs_pred": -0.44841122894309565,
    "rmse": 28.405691910925157,
    "mae": 13.467686842142006,
    "n_trials": 193
  },
  "elapsed_seconds": 92.09922361373901
}