{
  "subject_idx": 93,
  "subject_id": "SP_089673",
  "is_patient": true,
  "condition": "changepoint",
  "n_trials": 194,
  "n_blocks": 2,
  "sub_blocks_avoid_seek": [
    0,
    1
  ],
  "mcmc_config": {
    "num_warmup": 2000,
    "num_samples": 2000,
    "num_chains": 4
  },
  "fit": {
    "dataset_idx": 93,
    "condition": "changepoint",
    "status": "PASS",
    "attempts": [
      {
        "attempt": 1,
        "num_warmup": 2000,
        "target_accept_prob": 0.95,
        "rhat_max": 1.0015887744023741,
        "ess_min": 4621.317026259113,
        "n_divergences": 0,
        "passes_rhat": true,
        "passes_ess": true,
        "passes_gate": true
      }
    ],
    "params": {
      "H": {
        "mean": 0.016636962071061134,
        "median": 0.015864858403801918,
        "sd": 0.005995613057166338,
        "hdi_2.5": 0.006437357980757952,
        "hdi_97.5": 0.028972532600164413,
        "rhat": 1.000625453329956,
        "ess_bulk": 4734.50836865674
      },
      "LW": {
        "mean": 0.04335745424032211,
        "median": 0.03873708099126816,
        "sd": 0.023430608212947845,
        "hdi_2.5": 0.004564844071865082,
        "hdi_97.5": 0.08931086212396622,
        "rhat": 1.000767482809351,
        "ess_bulk": 4962.585334204913
      },
      "log_UU": {
        "mean": 0.8149798512458801,
        "median": 0.8061844110488892,
        "sd": 0.18809649348258972,
        "hdi_2.5": 0.4615026116371155,
        "hdi_97.5": 1.1791160106658936,
        "rhat": 1.0004161996033922,
        "ess_bulk": 5051.28444305257
      },
      "sigma_motor": {
        "mean": 13.328227996826172,
        "median": 13.275291442871094,
        "sd": 1.4572752714157104,
        "hdi_2.5": 10.484156608581543,
        "hdi_97.5": 16.16640281677246,
        "rhat": 1.0011645696638063,
        "ess_bulk": 5264.489571885035
      },
      "sigma_LR": {
        "mean": 3.1322250366210938,
        "median": 3.1007919311523438,
        "sd": 0.5365621447563171,
        "hdi_2.5": 2.119077205657959,
        "hdi_97.5": 4.192577838897705,
        "rhat": 1.000918975431057,
        "ess_bulk": 5436.777886191317
      }
    },
    "n_divergences": 0,
    "n_chains": 4,
    "n_samples_per_chain": 2000
  },
  "behavior": {
    "r_obs_vs_pred": 0.09408801564322834,
    "rmse": 38.29280828570287,
    "mae": 20.50406524388438,
    "n_trials": 193
  },
  "elapsed_seconds": 80.07967877388
}