{
  "subject_idx": 86,
  "subject_id": "SP_089043",
  "is_patient": true,
  "condition": "oddball",
  "n_trials": 194,
  "n_blocks": 2,
  "sub_blocks_avoid_seek": [
    2,
    3
  ],
  "mcmc_config": {
    "num_warmup": 2000,
    "num_samples": 2000,
    "num_chains": 4
  },
  "fit": {
    "dataset_idx": 86,
    "condition": "oddball",
    "status": "PASS",
    "attempts": [
      {
        "attempt": 1,
        "num_warmup": 2000,
        "target_accept_prob": 0.95,
        "rhat_max": 1.0035133437640085,
        "ess_min": 1527.574687499289,
        "n_divergences": 0,
        "passes_rhat": true,
        "passes_ess": true,
        "passes_gate": true
      }
    ],
    "params": {
      "H": {
        "mean": 0.3792303502559662,
        "median": 0.4099106788635254,
        "sd": 0.10908662527799606,
        "hdi_2.5": 0.10939767956733704,
        "hdi_97.5": 0.5253298878669739,
        "rhat": 1.002805838679949,
        "ess_bulk": 1649.5041508662835
      },
      "LW": {
        "mean": 0.04848521202802658,
        "median": 0.049108847975730896,
        "sd": 0.01692497916519642,
        "hdi_2.5": 0.014734551310539246,
        "hdi_97.5": 0.07928187400102615,
        "rhat": 1.0018874010248389,
        "ess_bulk": 2526.010174877729
      },
      "log_UU": {
        "mean": 0.0031035924330353737,
        "median": 0.00226847967132926,
        "sd": 0.0029066840652376413,
        "hdi_2.5": 1.244418172063888e-06,
        "hdi_97.5": 0.008895475417375565,
        "rhat": 1.0015813865911383,
        "ess_bulk": 3795.5749572286545
      },
      "sigma_motor": {
        "mean": 20.19849967956543,
        "median": 19.590105056762695,
        "sd": 2.9960997104644775,
        "hdi_2.5": 15.641412734985352,
        "hdi_97.5": 26.965499877929688,
        "rhat": 1.0017943641833154,
        "ess_bulk": 1527.574687499289
      },
      "sigma_LR": {
        "mean": 2.766922950744629,
        "median": 2.7488999366760254,
        "sd": 0.46664613485336304,
        "hdi_2.5": 1.8391603231430054,
        "hdi_97.5": 3.6388959884643555,
        "rhat": 1.0014216925187625,
        "ess_bulk": 3320.161067394996
      }
    },
    "n_divergences": 0,
    "n_chains": 4,
    "n_samples_per_chain": 2000
  },
  "behavior": {
    "r_obs_vs_pred": -0.461062066784149,
    "rmse": 41.364857623090934,
    "mae": 22.82053526131909,
    "n_trials": 193
  },
  "elapsed_seconds": 100.81338906288147
}