{
  "subject_idx": 108,
  "subject_id": "SP_081775",
  "is_patient": false,
  "condition": "oddball",
  "n_trials": 194,
  "n_blocks": 2,
  "sub_blocks_avoid_seek": [
    2,
    3
  ],
  "mcmc_config": {
    "num_warmup": 2000,
    "num_samples": 2000,
    "num_chains": 4
  },
  "fit": {
    "dataset_idx": 108,
    "condition": "oddball",
    "status": "PASS",
    "attempts": [
      {
        "attempt": 1,
        "num_warmup": 2000,
        "target_accept_prob": 0.95,
        "rhat_max": 1.0030737324706038,
        "ess_min": 1707.4854348328604,
        "n_divergences": 0,
        "passes_rhat": true,
        "passes_ess": true,
        "passes_gate": true
      }
    ],
    "params": {
      "H": {
        "mean": 0.07569271326065063,
        "median": 0.06743939965963364,
        "sd": 0.04361104592680931,
        "hdi_2.5": 0.006676210090517998,
        "hdi_97.5": 0.1593545526266098,
        "rhat": 1.0010561251441166,
        "ess_bulk": 2976.6412350274845
      },
      "LW": {
        "mean": 0.08143883943557739,
        "median": 0.08132083714008331,
        "sd": 0.016862548887729645,
        "hdi_2.5": 0.049006570130586624,
        "hdi_97.5": 0.11425616592168808,
        "rhat": 1.0021239570939566,
        "ess_bulk": 2697.669416177257
      },
      "log_UU": {
        "mean": 0.03792371228337288,
        "median": 0.034424424171447754,
        "sd": 0.02484445460140705,
        "hdi_2.5": 5.444378530228278e-07,
        "hdi_97.5": 0.08340391516685486,
        "rhat": 1.0030737324706038,
        "ess_bulk": 1707.4854348328604
      },
      "sigma_motor": {
        "mean": 28.780500411987305,
        "median": 28.70132827758789,
        "sd": 2.2139010429382324,
        "hdi_2.5": 24.439369201660156,
        "hdi_97.5": 33.1636962890625,
        "rhat": 1.0009810387787081,
        "ess_bulk": 3985.1253852085692
      },
      "sigma_LR": {
        "mean": 2.798173189163208,
        "median": 2.7815489768981934,
        "sd": 0.4648585617542267,
        "hdi_2.5": 1.8901455402374268,
        "hdi_97.5": 3.6889491081237793,
        "rhat": 1.00052110352077,
        "ess_bulk": 3968.730168133454
      }
    },
    "n_divergences": 0,
    "n_chains": 4,
    "n_samples_per_chain": 2000
  },
  "behavior": {
    "r_obs_vs_pred": -0.4573607097822582,
    "rmse": 54.33983898175593,
    "mae": 34.5877035510596,
    "n_trials": 193
  },
  "elapsed_seconds": 83.95977330207825
}