{
  "subject_idx": 131,
  "subject_id": "SP_085814",
  "is_patient": false,
  "condition": "changepoint",
  "n_trials": 194,
  "n_blocks": 2,
  "sub_blocks_avoid_seek": [
    0,
    1
  ],
  "mcmc_config": {
    "num_warmup": 2000,
    "num_samples": 2000,
    "num_chains": 4
  },
  "fit": {
    "dataset_idx": 131,
    "condition": "changepoint",
    "status": "PASS",
    "attempts": [
      {
        "attempt": 1,
        "num_warmup": 2000,
        "target_accept_prob": 0.95,
        "rhat_max": 1.0082464415750687,
        "ess_min": 475.5085045470137,
        "n_divergences": 0,
        "passes_rhat": true,
        "passes_ess": true,
        "passes_gate": true
      }
    ],
    "params": {
      "H": {
        "mean": 0.006813468411564827,
        "median": 0.006190742366015911,
        "sd": 0.0037441053427755833,
        "hdi_2.5": 0.0005240768077783287,
        "hdi_97.5": 0.014065366238355637,
        "rhat": 1.0029345860938585,
        "ess_bulk": 1342.4159225057483
      },
      "LW": {
        "mean": 0.06438134610652924,
        "median": 0.05649907886981964,
        "sd": 0.035645805299282074,
        "hdi_2.5": 0.011834023520350456,
        "hdi_97.5": 0.15649032592773438,
        "rhat": 1.0082464415750687,
        "ess_bulk": 475.5085045470137
      },
      "log_UU": {
        "mean": 0.6664159893989563,
        "median": 0.6485966444015503,
        "sd": 0.18796825408935547,
        "hdi_2.5": 0.3198482394218445,
        "hdi_97.5": 1.0360097885131836,
        "rhat": 1.0015596313424666,
        "ess_bulk": 1934.4114851864524
      },
      "sigma_motor": {
        "mean": 20.582195281982422,
        "median": 20.519615173339844,
        "sd": 1.569945216178894,
        "hdi_2.5": 17.53067398071289,
        "hdi_97.5": 23.625638961791992,
        "rhat": 1.0009082847610922,
        "ess_bulk": 4066.713655025071
      },
      "sigma_LR": {
        "mean": 3.5109362602233887,
        "median": 3.4770264625549316,
        "sd": 0.5592795610427856,
        "hdi_2.5": 2.4445242881774902,
        "hdi_97.5": 4.615900993347168,
        "rhat": 1.0031595332482548,
        "ess_bulk": 2287.430094177478
      }
    },
    "n_divergences": 0,
    "n_chains": 4,
    "n_samples_per_chain": 2000
  },
  "behavior": {
    "r_obs_vs_pred": -0.23769203733521202,
    "rmse": 49.978277018296964,
    "mae": 25.630140442179197,
    "n_trials": 193
  },
  "elapsed_seconds": 64.47552394866943
}