{
  "subject_idx": 64,
  "subject_id": "SP_078513",
  "is_patient": true,
  "condition": "changepoint",
  "n_trials": 194,
  "n_blocks": 2,
  "sub_blocks_avoid_seek": [
    0,
    1
  ],
  "mcmc_config": {
    "num_warmup": 2000,
    "num_samples": 2000,
    "num_chains": 4
  },
  "fit": {
    "dataset_idx": 64,
    "condition": "changepoint",
    "status": "PASS",
    "attempts": [
      {
        "attempt": 1,
        "num_warmup": 2000,
        "target_accept_prob": 0.95,
        "rhat_max": 1.0020959482270988,
        "ess_min": 1621.0016673565533,
        "n_divergences": 0,
        "passes_rhat": true,
        "passes_ess": true,
        "passes_gate": true
      }
    ],
    "params": {
      "H": {
        "mean": 0.0055849612690508366,
        "median": 0.0046656932681798935,
        "sd": 0.0035349526442587376,
        "hdi_2.5": 0.0007474382873624563,
        "hdi_97.5": 0.012752491980791092,
        "rhat": 1.0019753074692983,
        "ess_bulk": 1790.3107040476002
      },
      "LW": {
        "mean": 0.29257169365882874,
        "median": 0.3062644898891449,
        "sd": 0.08162376284599304,
        "hdi_2.5": 0.11344694346189499,
        "hdi_97.5": 0.4159089922904968,
        "rhat": 1.0018118784864554,
        "ess_bulk": 1845.0905095437543
      },
      "log_UU": {
        "mean": 0.759313702583313,
        "median": 0.7461245059967041,
        "sd": 0.16171321272850037,
        "hdi_2.5": 0.4731758236885071,
        "hdi_97.5": 1.1037049293518066,
        "rhat": 1.0007677746574384,
        "ess_bulk": 2439.0073281647296
      },
      "sigma_motor": {
        "mean": 18.941022872924805,
        "median": 18.80435562133789,
        "sd": 2.212043285369873,
        "hdi_2.5": 14.81212329864502,
        "hdi_97.5": 23.428770065307617,
        "rhat": 1.0004892655982591,
        "ess_bulk": 2603.007233500232
      },
      "sigma_LR": {
        "mean": 5.289327621459961,
        "median": 5.2949981689453125,
        "sd": 0.740997850894928,
        "hdi_2.5": 3.9176056385040283,
        "hdi_97.5": 6.788537979125977,
        "rhat": 1.0006946097674057,
        "ess_bulk": 2983.6703706639146
      }
    },
    "n_divergences": 0,
    "n_chains": 4,
    "n_samples_per_chain": 2000
  },
  "behavior": {
    "r_obs_vs_pred": -0.10903725696701254,
    "rmse": 54.99229985318425,
    "mae": 25.94820243657272,
    "n_trials": 193
  },
  "elapsed_seconds": 77.02649784088135
}