{
  "subject_idx": 26,
  "subject_id": "SP_070380",
  "is_patient": true,
  "condition": "oddball",
  "n_trials": 194,
  "n_blocks": 2,
  "sub_blocks_avoid_seek": [
    2,
    3
  ],
  "mcmc_config": {
    "num_warmup": 2000,
    "num_samples": 2000,
    "num_chains": 4
  },
  "fit": {
    "dataset_idx": 26,
    "condition": "oddball",
    "status": "PASS",
    "attempts": [
      {
        "attempt": 1,
        "num_warmup": 2000,
        "target_accept_prob": 0.95,
        "rhat_max": 1.001687937958432,
        "ess_min": 2885.4867420110904,
        "n_divergences": 2,
        "passes_rhat": true,
        "passes_ess": true,
        "passes_gate": true
      }
    ],
    "params": {
      "H": {
        "mean": 0.24495068192481995,
        "median": 0.24321971833705902,
        "sd": 0.0468536801636219,
        "hdi_2.5": 0.1528133898973465,
        "hdi_97.5": 0.33707576990127563,
        "rhat": 1.0011216673346293,
        "ess_bulk": 3199.8705639994764
      },
      "LW": {
        "mean": 0.10617149621248245,
        "median": 0.10670959204435349,
        "sd": 0.015046858228743076,
        "hdi_2.5": 0.07784775644540787,
        "hdi_97.5": 0.13640590012073517,
        "rhat": 1.001687937958432,
        "ess_bulk": 3084.134338513998
      },
      "log_UU": {
        "mean": 0.006469316314905882,
        "median": 0.0046034869737923145,
        "sd": 0.006336310412734747,
        "hdi_2.5": 1.7477773326390889e-06,
        "hdi_97.5": 0.019073016941547394,
        "rhat": 1.0003744773874335,
        "ess_bulk": 3053.5321942579203
      },
      "sigma_motor": {
        "mean": 10.739981651306152,
        "median": 10.682361602783203,
        "sd": 1.0465552806854248,
        "hdi_2.5": 8.689385414123535,
        "hdi_97.5": 12.754478454589844,
        "rhat": 1.0002071773968486,
        "ess_bulk": 4876.512238654941
      },
      "sigma_LR": {
        "mean": 3.598961353302002,
        "median": 3.5759897232055664,
        "sd": 0.4622332751750946,
        "hdi_2.5": 2.7124297618865967,
        "hdi_97.5": 4.543544769287109,
        "rhat": 1.0005270363203955,
        "ess_bulk": 3713.585906491591
      }
    },
    "n_divergences": 2,
    "n_chains": 4,
    "n_samples_per_chain": 2000
  },
  "behavior": {
    "r_obs_vs_pred": -0.22305097018931058,
    "rmse": 31.072778142537267,
    "mae": 17.18952506604976,
    "n_trials": 193
  },
  "elapsed_seconds": 86.55099368095398
}