{
  "subject_idx": 75,
  "subject_id": "SP_084677",
  "is_patient": true,
  "condition": "oddball",
  "n_trials": 194,
  "n_blocks": 2,
  "sub_blocks_avoid_seek": [
    2,
    3
  ],
  "mcmc_config": {
    "num_warmup": 2000,
    "num_samples": 2000,
    "num_chains": 4
  },
  "fit": {
    "dataset_idx": 75,
    "condition": "oddball",
    "status": "PASS",
    "attempts": [
      {
        "attempt": 1,
        "num_warmup": 2000,
        "target_accept_prob": 0.95,
        "rhat_max": 1.0024221868659178,
        "ess_min": 2772.8677013708084,
        "n_divergences": 0,
        "passes_rhat": true,
        "passes_ess": true,
        "passes_gate": true
      }
    ],
    "params": {
      "H": {
        "mean": 0.037439849227666855,
        "median": 0.033657826483249664,
        "sd": 0.023619569838047028,
        "hdi_2.5": 9.565093023411464e-06,
        "hdi_97.5": 0.07971127331256866,
        "rhat": 1.0009366424957633,
        "ess_bulk": 2873.946847314233
      },
      "LW": {
        "mean": 0.216910719871521,
        "median": 0.20688946545124054,
        "sd": 0.06054002791643143,
        "hdi_2.5": 0.11394356191158295,
        "hdi_97.5": 0.339311808347702,
        "rhat": 1.0008983387434598,
        "ess_bulk": 3024.5845034550025
      },
      "log_UU": {
        "mean": 0.00902665313333273,
        "median": 0.0060523441061377525,
        "sd": 0.009602969512343407,
        "hdi_2.5": 1.7383156318828696e-06,
        "hdi_97.5": 0.028154093772172928,
        "rhat": 1.0024221405521954,
        "ess_bulk": 3274.4215193202213
      },
      "sigma_motor": {
        "mean": 14.713966369628906,
        "median": 14.640146255493164,
        "sd": 1.2250161170959473,
        "hdi_2.5": 12.30478286743164,
        "hdi_97.5": 17.075965881347656,
        "rhat": 1.000291013627517,
        "ess_bulk": 3624.207468120019
      },
      "sigma_LR": {
        "mean": 2.450382709503174,
        "median": 2.4194397926330566,
        "sd": 0.490345299243927,
        "hdi_2.5": 1.5429508686065674,
        "hdi_97.5": 3.4256696701049805,
        "rhat": 1.0005361341191832,
        "ess_bulk": 3861.0221402669404
      }
    },
    "n_divergences": 0,
    "n_chains": 4,
    "n_samples_per_chain": 2000
  },
  "behavior": {
    "r_obs_vs_pred": -0.23671314596248239,
    "rmse": 23.36518438112426,
    "mae": 12.953833185223177,
    "n_trials": 193
  },
  "elapsed_seconds": 39.43332862854004
}