{
  "subject_idx": 58,
  "subject_id": "SP_061705",
  "is_patient": true,
  "condition": "oddball",
  "n_trials": 194,
  "n_blocks": 2,
  "sub_blocks_avoid_seek": [
    2,
    3
  ],
  "mcmc_config": {
    "num_warmup": 2000,
    "num_samples": 2000,
    "num_chains": 4
  },
  "fit": {
    "dataset_idx": 58,
    "condition": "oddball",
    "status": "PASS",
    "attempts": [
      {
        "attempt": 1,
        "num_warmup": 2000,
        "target_accept_prob": 0.95,
        "rhat_max": 1.0015217715316966,
        "ess_min": 3691.948998465162,
        "n_divergences": 0,
        "passes_rhat": true,
        "passes_ess": true,
        "passes_gate": true
      }
    ],
    "params": {
      "H": {
        "mean": 0.29926925897598267,
        "median": 0.29813337326049805,
        "sd": 0.03695732355117798,
        "hdi_2.5": 0.22795851528644562,
        "hdi_97.5": 0.3758018910884857,
        "rhat": 1.0012697242429454,
        "ess_bulk": 4780.480903725958
      },
      "LW": {
        "mean": 0.012560381554067135,
        "median": 0.012402597814798355,
        "sd": 0.0053415074944496155,
        "hdi_2.5": 0.002204771852120757,
        "hdi_97.5": 0.02231394499540329,
        "rhat": 1.0010196331244623,
        "ess_bulk": 3691.948998465162
      },
      "log_UU": {
        "mean": 0.002380657708272338,
        "median": 0.0016772551462054253,
        "sd": 0.002308107912540436,
        "hdi_2.5": 4.938175948154822e-07,
        "hdi_97.5": 0.007112747523933649,
        "rhat": 1.0004454479923324,
        "ess_bulk": 4041.352700411114
      },
      "sigma_motor": {
        "mean": 16.734024047851562,
        "median": 16.675704956054688,
        "sd": 1.4601069688796997,
        "hdi_2.5": 13.796977043151855,
        "hdi_97.5": 19.43562126159668,
        "rhat": 1.0008185757578136,
        "ess_bulk": 4654.508734544661
      },
      "sigma_LR": {
        "mean": 3.362379312515259,
        "median": 3.3431334495544434,
        "sd": 0.4858853220939636,
        "hdi_2.5": 2.4709556102752686,
        "hdi_97.5": 4.38972282409668,
        "rhat": 1.0009044019649342,
        "ess_bulk": 4360.691740938927
      }
    },
    "n_divergences": 0,
    "n_chains": 4,
    "n_samples_per_chain": 2000
  },
  "behavior": {
    "r_obs_vs_pred": -0.1847628765633432,
    "rmse": 42.143385188431274,
    "mae": 18.766975988899333,
    "n_trials": 193
  },
  "elapsed_seconds": 42.96856474876404
}