{
  "subject_idx": 72,
  "subject_id": "SP_083981",
  "is_patient": true,
  "condition": "changepoint",
  "n_trials": 194,
  "n_blocks": 2,
  "sub_blocks_avoid_seek": [
    0,
    1
  ],
  "mcmc_config": {
    "num_warmup": 2000,
    "num_samples": 2000,
    "num_chains": 4
  },
  "fit": {
    "dataset_idx": 72,
    "condition": "changepoint",
    "status": "PASS",
    "attempts": [
      {
        "attempt": 1,
        "num_warmup": 2000,
        "target_accept_prob": 0.95,
        "rhat_max": 1.0013701312075498,
        "ess_min": 3958.9432310811276,
        "n_divergences": 0,
        "passes_rhat": true,
        "passes_ess": true,
        "passes_gate": true
      }
    ],
    "params": {
      "H": {
        "mean": 0.013799862004816532,
        "median": 0.01235448382794857,
        "sd": 0.008126545697450638,
        "hdi_2.5": 0.0008191757369786501,
        "hdi_97.5": 0.029853839427232742,
        "rhat": 1.0000551362407792,
        "ess_bulk": 3998.823570728745
      },
      "LW": {
        "mean": 0.037819162011146545,
        "median": 0.035697828978300095,
        "sd": 0.01632402278482914,
        "hdi_2.5": 0.010766711086034775,
        "hdi_97.5": 0.07161324471235275,
        "rhat": 1.0004383794197287,
        "ess_bulk": 4049.202265150608
      },
      "log_UU": {
        "mean": 1.337646722793579,
        "median": 1.305363416671753,
        "sd": 0.3896889388561249,
        "hdi_2.5": 0.6218457818031311,
        "hdi_97.5": 2.098464012145996,
        "rhat": 1.0007580460562675,
        "ess_bulk": 5341.767021176769
      },
      "sigma_motor": {
        "mean": 51.89099884033203,
        "median": 51.75229263305664,
        "sd": 4.608358860015869,
        "hdi_2.5": 42.9377555847168,
        "hdi_97.5": 60.9162483215332,
        "rhat": 1.00121133528378,
        "ess_bulk": 4045.1241114699505
      },
      "sigma_LR": {
        "mean": 3.166156768798828,
        "median": 3.1503114700317383,
        "sd": 0.6602466106414795,
        "hdi_2.5": 1.8756128549575806,
        "hdi_97.5": 4.447601318359375,
        "rhat": 1.0007749018471919,
        "ess_bulk": 4572.487658610803
      }
    },
    "n_divergences": 0,
    "n_chains": 4,
    "n_samples_per_chain": 2000
  },
  "behavior": {
    "r_obs_vs_pred": -0.26387002303361684,
    "rmse": 81.65043424259926,
    "mae": 56.87793135286883,
    "n_trials": 193
  },
  "elapsed_seconds": 64.90694308280945
}