{
  "subject_idx": 54,
  "subject_id": "SP_031307",
  "is_patient": true,
  "condition": "changepoint",
  "n_trials": 194,
  "n_blocks": 2,
  "sub_blocks_avoid_seek": [
    0,
    1
  ],
  "mcmc_config": {
    "num_warmup": 2000,
    "num_samples": 2000,
    "num_chains": 4
  },
  "fit": {
    "dataset_idx": 54,
    "condition": "changepoint",
    "status": "PASS",
    "attempts": [
      {
        "attempt": 1,
        "num_warmup": 2000,
        "target_accept_prob": 0.95,
        "rhat_max": 1.0014223848207375,
        "ess_min": 4487.534203380962,
        "n_divergences": 0,
        "passes_rhat": true,
        "passes_ess": true,
        "passes_gate": true
      }
    ],
    "params": {
      "H": {
        "mean": 0.006232906598597765,
        "median": 0.0053117163479328156,
        "sd": 0.004154847003519535,
        "hdi_2.5": 0.0002780972281470895,
        "hdi_97.5": 0.014322333969175816,
        "rhat": 1.0004069661605788,
        "ess_bulk": 4798.116090127857
      },
      "LW": {
        "mean": 0.049956824630498886,
        "median": 0.048688359558582306,
        "sd": 0.015936998650431633,
        "hdi_2.5": 0.020361386239528656,
        "hdi_97.5": 0.08059901744127274,
        "rhat": 1.0005648991380793,
        "ess_bulk": 4487.534203380962
      },
      "log_UU": {
        "mean": 1.1621639728546143,
        "median": 1.1455529928207397,
        "sd": 0.2652871608734131,
        "hdi_2.5": 0.6741851568222046,
        "hdi_97.5": 1.699562668800354,
        "rhat": 1.0005883716396267,
        "ess_bulk": 6622.0229294682385
      },
      "sigma_motor": {
        "mean": 34.75731658935547,
        "median": 34.65815734863281,
        "sd": 2.0331602096557617,
        "hdi_2.5": 30.772903442382812,
        "hdi_97.5": 38.769229888916016,
        "rhat": 1.0002369047908746,
        "ess_bulk": 5950.609064383938
      },
      "sigma_LR": {
        "mean": 2.86305570602417,
        "median": 2.8261301517486572,
        "sd": 0.5627061724662781,
        "hdi_2.5": 1.8222702741622925,
        "hdi_97.5": 4.004160404205322,
        "rhat": 1.0012058533438204,
        "ess_bulk": 6022.181366332691
      }
    },
    "n_divergences": 0,
    "n_chains": 4,
    "n_samples_per_chain": 2000
  },
  "behavior": {
    "r_obs_vs_pred": 0.176310193527061,
    "rmse": 50.66850977825489,
    "mae": 27.819347540862434,
    "n_trials": 193
  },
  "elapsed_seconds": 52.295443058013916
}