{
  "subject_idx": 115,
  "subject_id": "SP_084598",
  "is_patient": false,
  "condition": "oddball",
  "n_trials": 194,
  "n_blocks": 2,
  "sub_blocks_avoid_seek": [
    2,
    3
  ],
  "mcmc_config": {
    "num_warmup": 2000,
    "num_samples": 2000,
    "num_chains": 4
  },
  "fit": {
    "dataset_idx": 115,
    "condition": "oddball",
    "status": "PASS",
    "attempts": [
      {
        "attempt": 1,
        "num_warmup": 2000,
        "target_accept_prob": 0.95,
        "rhat_max": 1.005835122303629,
        "ess_min": 852.7572881898118,
        "n_divergences": 0,
        "passes_rhat": true,
        "passes_ess": true,
        "passes_gate": true
      }
    ],
    "params": {
      "H": {
        "mean": 0.05616907402873039,
        "median": 0.04162795841693878,
        "sd": 0.05074707046151161,
        "hdi_2.5": 4.0964296204037964e-06,
        "hdi_97.5": 0.15654639899730682,
        "rhat": 1.0019783483154283,
        "ess_bulk": 3045.7492094399186
      },
      "LW": {
        "mean": 0.4532665014266968,
        "median": 0.42423146963119507,
        "sd": 0.3328057825565338,
        "hdi_2.5": 0.04056653007864952,
        "hdi_97.5": 0.9753158688545227,
        "rhat": 1.0027272821508106,
        "ess_bulk": 1095.8340940649036
      },
      "log_UU": {
        "mean": 0.4823618233203888,
        "median": 0.20155322551727295,
        "sd": 1.097665548324585,
        "hdi_2.5": 0.003048773854970932,
        "hdi_97.5": 2.240722894668579,
        "rhat": 1.0026904928444669,
        "ess_bulk": 2112.9707559762887
      },
      "sigma_motor": {
        "mean": 8.242149353027344,
        "median": 8.207765579223633,
        "sd": 0.5229063034057617,
        "hdi_2.5": 7.25428581237793,
        "hdi_97.5": 9.270193099975586,
        "rhat": 1.0014043331829765,
        "ess_bulk": 1958.8147565624247
      },
      "sigma_LR": {
        "mean": 1.7057658433914185,
        "median": 1.652368187904358,
        "sd": 0.48633092641830444,
        "hdi_2.5": 0.8637388348579407,
        "hdi_97.5": 2.7239131927490234,
        "rhat": 1.0000493179141385,
        "ess_bulk": 4021.661023477536
      }
    },
    "n_divergences": 0,
    "n_chains": 4,
    "n_samples_per_chain": 2000
  },
  "behavior": {
    "r_obs_vs_pred": -0.31143872953912016,
    "rmse": 10.21946927509294,
    "mae": 5.970933934619493,
    "n_trials": 193
  },
  "elapsed_seconds": 92.72559452056885
}