{
  "subject_idx": 109,
  "subject_id": "SP_081988",
  "is_patient": false,
  "condition": "oddball",
  "n_trials": 194,
  "n_blocks": 2,
  "sub_blocks_avoid_seek": [
    2,
    3
  ],
  "mcmc_config": {
    "num_warmup": 2000,
    "num_samples": 2000,
    "num_chains": 4
  },
  "fit": {
    "dataset_idx": 109,
    "condition": "oddball",
    "status": "PASS",
    "attempts": [
      {
        "attempt": 1,
        "num_warmup": 2000,
        "target_accept_prob": 0.95,
        "rhat_max": 1.0015206798136802,
        "ess_min": 1853.2487635117611,
        "n_divergences": 0,
        "passes_rhat": true,
        "passes_ess": true,
        "passes_gate": true
      }
    ],
    "params": {
      "H": {
        "mean": 0.010055041871964931,
        "median": 0.006205947138369083,
        "sd": 0.011317026801407337,
        "hdi_2.5": 2.6209556381218135e-05,
        "hdi_97.5": 0.032187528908252716,
        "rhat": 1.000697370027793,
        "ess_bulk": 1854.3518927379732
      },
      "LW": {
        "mean": 0.08887924253940582,
        "median": 0.0858115702867508,
        "sd": 0.02248293347656727,
        "hdi_2.5": 0.05007520690560341,
        "hdi_97.5": 0.13457733392715454,
        "rhat": 1.0009474768800022,
        "ess_bulk": 1865.3114197737254
      },
      "log_UU": {
        "mean": 0.004954120609909296,
        "median": 0.003814450465142727,
        "sd": 0.004261196590960026,
        "hdi_2.5": 1.2116203151890659e-06,
        "hdi_97.5": 0.013421828858554363,
        "rhat": 1.0002712219734482,
        "ess_bulk": 3113.0389958784904
      },
      "sigma_motor": {
        "mean": 6.398078441619873,
        "median": 6.37525749206543,
        "sd": 0.6448774337768555,
        "hdi_2.5": 5.187066555023193,
        "hdi_97.5": 7.690610885620117,
        "rhat": 1.0015206798136802,
        "ess_bulk": 4462.543132185663
      },
      "sigma_LR": {
        "mean": 6.062835216522217,
        "median": 6.0460004806518555,
        "sd": 0.4816755950450897,
        "hdi_2.5": 5.152392864227295,
        "hdi_97.5": 7.0399699211120605,
        "rhat": 1.0002967921846295,
        "ess_bulk": 4794.366857784131
      }
    },
    "n_divergences": 0,
    "n_chains": 4,
    "n_samples_per_chain": 2000
  },
  "behavior": {
    "r_obs_vs_pred": -0.45463055077183956,
    "rmse": 31.1762411321847,
    "mae": 10.876963595420586,
    "n_trials": 193
  },
  "elapsed_seconds": 240.29186344146729
}