{
  "subject_idx": 34,
  "subject_id": "SP_081516",
  "is_patient": true,
  "condition": "changepoint",
  "n_trials": 394,
  "n_blocks": 2,
  "sub_blocks_avoid_seek": [
    0,
    1
  ],
  "mcmc_config": {
    "num_warmup": 2000,
    "num_samples": 2000,
    "num_chains": 4
  },
  "fit": {
    "dataset_idx": 34,
    "condition": "changepoint",
    "status": "PASS",
    "attempts": [
      {
        "attempt": 1,
        "num_warmup": 2000,
        "target_accept_prob": 0.95,
        "rhat_max": 1.002011226990111,
        "ess_min": 3225.471094233082,
        "n_divergences": 0,
        "passes_rhat": true,
        "passes_ess": true,
        "passes_gate": true
      }
    ],
    "params": {
      "H": {
        "mean": 0.0031452046241611242,
        "median": 0.0028407617937773466,
        "sd": 0.0016196344513446093,
        "hdi_2.5": 0.0005682164337486029,
        "hdi_97.5": 0.006369826849550009,
        "rhat": 1.0004176877177018,
        "ess_bulk": 3385.147389466403
      },
      "LW": {
        "mean": 0.07769691944122314,
        "median": 0.07621084153652191,
        "sd": 0.018492231145501137,
        "hdi_2.5": 0.04132131114602089,
        "hdi_97.5": 0.1126529723405838,
        "rhat": 1.000148155205723,
        "ess_bulk": 3683.981415476754
      },
      "log_UU": {
        "mean": 0.8953135013580322,
        "median": 0.8893136978149414,
        "sd": 0.16468141973018646,
        "hdi_2.5": 0.5864592790603638,
        "hdi_97.5": 1.232882022857666,
        "rhat": 1.0000527949633955,
        "ess_bulk": 4355.543221296981
      },
      "sigma_motor": {
        "mean": 14.134316444396973,
        "median": 14.067798614501953,
        "sd": 1.2436360120773315,
        "hdi_2.5": 11.834821701049805,
        "hdi_97.5": 16.664445877075195,
        "rhat": 1.00112092825543,
        "ess_bulk": 4156.901458716112
      },
      "sigma_LR": {
        "mean": 2.4550938606262207,
        "median": 2.4320762157440186,
        "sd": 0.43151405453681946,
        "hdi_2.5": 1.665841817855835,
        "hdi_97.5": 3.3261241912841797,
        "rhat": 1.002011226990111,
        "ess_bulk": 4543.472839660774
      }
    },
    "n_divergences": 0,
    "n_chains": 4,
    "n_samples_per_chain": 2000
  },
  "behavior": {
    "r_obs_vs_pred": 0.16788052240713097,
    "rmse": 36.50808957372552,
    "mae": 18.293251566728696,
    "n_trials": 393
  },
  "elapsed_seconds": 163.25361728668213
}