{
  "subject_idx": 22,
  "subject_id": "SP_065384",
  "is_patient": true,
  "condition": "oddball",
  "n_trials": 194,
  "n_blocks": 2,
  "sub_blocks_avoid_seek": [
    2,
    3
  ],
  "mcmc_config": {
    "num_warmup": 2000,
    "num_samples": 2000,
    "num_chains": 4
  },
  "fit": {
    "dataset_idx": 22,
    "condition": "oddball",
    "status": "PASS",
    "attempts": [
      {
        "attempt": 1,
        "num_warmup": 2000,
        "target_accept_prob": 0.95,
        "rhat_max": 1.0014335097253102,
        "ess_min": 4699.533805637785,
        "n_divergences": 0,
        "passes_rhat": true,
        "passes_ess": true,
        "passes_gate": true
      }
    ],
    "params": {
      "H": {
        "mean": 0.05525526404380798,
        "median": 0.04047433286905289,
        "sd": 0.05011511221528053,
        "hdi_2.5": 1.6916848835535347e-05,
        "hdi_97.5": 0.15651515126228333,
        "rhat": 1.0000707972878369,
        "ess_bulk": 5003.031843529287
      },
      "LW": {
        "mean": 0.6607164144515991,
        "median": 0.6966269016265869,
        "sd": 0.2370394468307495,
        "hdi_2.5": 0.22415247559547424,
        "hdi_97.5": 0.999894380569458,
        "rhat": 1.0004691398249022,
        "ess_bulk": 6078.483090361
      },
      "log_UU": {
        "mean": 3.773794174194336,
        "median": 3.384748935699463,
        "sd": 2.466346502304077,
        "hdi_2.5": 0.0009299336816184223,
        "hdi_97.5": 8.482400894165039,
        "rhat": 1.0013745698721013,
        "ess_bulk": 6081.274728990647
      },
      "sigma_motor": {
        "mean": 55.315040588378906,
        "median": 55.22482681274414,
        "sd": 2.4327919483184814,
        "hdi_2.5": 50.577205657958984,
        "hdi_97.5": 59.99090576171875,
        "rhat": 1.0002420148438431,
        "ess_bulk": 7476.44667691525
      },
      "sigma_LR": {
        "mean": 0.6977761387825012,
        "median": 0.5624361038208008,
        "sd": 0.556159257888794,
        "hdi_2.5": 0.00016359062283299863,
        "hdi_97.5": 1.7758071422576904,
        "rhat": 1.0003328845479162,
        "ess_bulk": 4699.533805637785
      }
    },
    "n_divergences": 0,
    "n_chains": 4,
    "n_samples_per_chain": 2000
  },
  "behavior": {
    "r_obs_vs_pred": -0.016693293314215773,
    "rmse": 59.345774921677155,
    "mae": 35.08020122684066,
    "n_trials": 193
  },
  "elapsed_seconds": 55.79921364784241
}