{
  "subject_idx": 22,
  "subject_id": "SP_065384",
  "is_patient": true,
  "condition": "changepoint",
  "n_trials": 194,
  "n_blocks": 2,
  "sub_blocks_avoid_seek": [
    0,
    1
  ],
  "mcmc_config": {
    "num_warmup": 2000,
    "num_samples": 2000,
    "num_chains": 4
  },
  "fit": {
    "dataset_idx": 22,
    "condition": "changepoint",
    "status": "PASS",
    "attempts": [
      {
        "attempt": 1,
        "num_warmup": 2000,
        "target_accept_prob": 0.95,
        "rhat_max": 1.001189055736839,
        "ess_min": 4044.873018190413,
        "n_divergences": 0,
        "passes_rhat": true,
        "passes_ess": true,
        "passes_gate": true
      }
    ],
    "params": {
      "H": {
        "mean": 0.018822502344846725,
        "median": 0.018266454339027405,
        "sd": 0.005062557756900787,
        "hdi_2.5": 0.009720577858388424,
        "hdi_97.5": 0.029069095849990845,
        "rhat": 1.0011772227246567,
        "ess_bulk": 4424.709257610849
      },
      "LW": {
        "mean": 0.09794166684150696,
        "median": 0.09826937317848206,
        "sd": 0.016820158809423447,
        "hdi_2.5": 0.06381085515022278,
        "hdi_97.5": 0.12962085008621216,
        "rhat": 1.000149461110296,
        "ess_bulk": 4603.101008244133
      },
      "log_UU": {
        "mean": 0.8847784399986267,
        "median": 0.8790671229362488,
        "sd": 0.15655578672885895,
        "hdi_2.5": 0.5841349959373474,
        "hdi_97.5": 1.1927241086959839,
        "rhat": 1.00038464471408,
        "ess_bulk": 4943.610570982635
      },
      "sigma_motor": {
        "mean": 12.074118614196777,
        "median": 11.995580673217773,
        "sd": 1.4818236827850342,
        "hdi_2.5": 9.396520614624023,
        "hdi_97.5": 15.125463485717773,
        "rhat": 1.000597739805389,
        "ess_bulk": 5686.077735835664
      },
      "sigma_LR": {
        "mean": 6.232559680938721,
        "median": 6.227187156677246,
        "sd": 0.5462950468063354,
        "hdi_2.5": 5.220174789428711,
        "hdi_97.5": 7.340646743774414,
        "rhat": 1.0007314171859123,
        "ess_bulk": 5714.61057880109
      }
    },
    "n_divergences": 0,
    "n_chains": 4,
    "n_samples_per_chain": 2000
  },
  "behavior": {
    "r_obs_vs_pred": -0.027151839953348043,
    "rmse": 55.32961449695595,
    "mae": 28.570093073838734,
    "n_trials": 193
  },
  "elapsed_seconds": 50.6247124671936
}