{
  "subject_idx": 29,
  "subject_id": "SP_075115",
  "is_patient": true,
  "condition": "changepoint",
  "n_trials": 194,
  "n_blocks": 2,
  "sub_blocks_avoid_seek": [
    0,
    1
  ],
  "mcmc_config": {
    "num_warmup": 2000,
    "num_samples": 2000,
    "num_chains": 4
  },
  "fit": {
    "dataset_idx": 29,
    "condition": "changepoint",
    "status": "PASS",
    "attempts": [
      {
        "attempt": 1,
        "num_warmup": 2000,
        "target_accept_prob": 0.95,
        "rhat_max": 1.0018670596152681,
        "ess_min": 3819.323965588769,
        "n_divergences": 0,
        "passes_rhat": true,
        "passes_ess": true,
        "passes_gate": true
      }
    ],
    "params": {
      "H": {
        "mean": 0.005897862836718559,
        "median": 0.0054640392772853374,
        "sd": 0.0027800286188721657,
        "hdi_2.5": 0.0012194843729957938,
        "hdi_97.5": 0.011219649575650692,
        "rhat": 1.0017615145739318,
        "ess_bulk": 4083.7837114460035
      },
      "LW": {
        "mean": 0.07338522374629974,
        "median": 0.071880042552948,
        "sd": 0.021624529734253883,
        "hdi_2.5": 0.03265257552266121,
        "hdi_97.5": 0.11658575385808945,
        "rhat": 1.0014543188742646,
        "ess_bulk": 4306.518921204528
      },
      "log_UU": {
        "mean": 0.6962987780570984,
        "median": 0.684273362159729,
        "sd": 0.1506410390138626,
        "hdi_2.5": 0.4186623692512512,
        "hdi_97.5": 0.9982548952102661,
        "rhat": 1.0008263143634066,
        "ess_bulk": 4844.607946628961
      },
      "sigma_motor": {
        "mean": 21.66082000732422,
        "median": 21.551530838012695,
        "sd": 2.095860481262207,
        "hdi_2.5": 17.541812896728516,
        "hdi_97.5": 25.666889190673828,
        "rhat": 1.00044675993385,
        "ess_bulk": 4770.741184127497
      },
      "sigma_LR": {
        "mean": 5.161762714385986,
        "median": 5.146105766296387,
        "sd": 0.6416932344436646,
        "hdi_2.5": 3.96156644821167,
        "hdi_97.5": 6.442551612854004,
        "rhat": 1.0004711184120894,
        "ess_bulk": 4942.37865143658
      }
    },
    "n_divergences": 0,
    "n_chains": 4,
    "n_samples_per_chain": 2000
  },
  "behavior": {
    "r_obs_vs_pred": 0.04279273295451515,
    "rmse": 49.72012539721427,
    "mae": 23.067424325470288,
    "n_trials": 193
  },
  "elapsed_seconds": 66.9681830406189
}