{
  "subject_idx": 89,
  "subject_id": "SP_089403",
  "is_patient": true,
  "condition": "changepoint",
  "n_trials": 194,
  "n_blocks": 2,
  "sub_blocks_avoid_seek": [
    0,
    1
  ],
  "mcmc_config": {
    "num_warmup": 2000,
    "num_samples": 2000,
    "num_chains": 4
  },
  "fit": {
    "dataset_idx": 89,
    "condition": "changepoint",
    "status": "PASS",
    "attempts": [
      {
        "attempt": 1,
        "num_warmup": 2000,
        "target_accept_prob": 0.95,
        "rhat_max": 1.0026050275759542,
        "ess_min": 3397.5686798306383,
        "n_divergences": 0,
        "passes_rhat": true,
        "passes_ess": true,
        "passes_gate": true
      }
    ],
    "params": {
      "H": {
        "mean": 0.010269521735608578,
        "median": 0.00995335727930069,
        "sd": 0.0031161641236394644,
        "hdi_2.5": 0.004587468225508928,
        "hdi_97.5": 0.0165010467171669,
        "rhat": 1.0018220209873245,
        "ess_bulk": 3558.917559568667
      },
      "LW": {
        "mean": 0.12912075221538544,
        "median": 0.1282534897327423,
        "sd": 0.010032612830400467,
        "hdi_2.5": 0.10977448523044586,
        "hdi_97.5": 0.14875173568725586,
        "rhat": 1.0016929880300773,
        "ess_bulk": 3686.384689598421
      },
      "log_UU": {
        "mean": 1.1731107234954834,
        "median": 1.1643989086151123,
        "sd": 0.2023102343082428,
        "hdi_2.5": 0.7971945405006409,
        "hdi_97.5": 1.5852768421173096,
        "rhat": 1.001052336036259,
        "ess_bulk": 3924.2084983292984
      },
      "sigma_motor": {
        "mean": 6.615752696990967,
        "median": 6.584056854248047,
        "sd": 0.6792377829551697,
        "hdi_2.5": 5.331729888916016,
        "hdi_97.5": 7.963472366333008,
        "rhat": 1.0002500134383785,
        "ess_bulk": 4068.93695101539
      },
      "sigma_LR": {
        "mean": 3.758080005645752,
        "median": 3.73176908493042,
        "sd": 0.45888420939445496,
        "hdi_2.5": 2.870573043823242,
        "hdi_97.5": 4.6264238357543945,
        "rhat": 1.0008892764946762,
        "ess_bulk": 4655.967300585231
      }
    },
    "n_divergences": 0,
    "n_chains": 4,
    "n_samples_per_chain": 2000
  },
  "behavior": {
    "r_obs_vs_pred": 0.05634672417614266,
    "rmse": 34.760742486140735,
    "mae": 14.825158608826408,
    "n_trials": 193
  },
  "elapsed_seconds": 56.29779648780823
}