{
  "subject_idx": 113,
  "subject_id": "SP_084205",
  "is_patient": false,
  "condition": "oddball",
  "n_trials": 194,
  "n_blocks": 2,
  "sub_blocks_avoid_seek": [
    2,
    3
  ],
  "mcmc_config": {
    "num_warmup": 2000,
    "num_samples": 2000,
    "num_chains": 4
  },
  "fit": {
    "dataset_idx": 113,
    "condition": "oddball",
    "status": "PASS",
    "attempts": [
      {
        "attempt": 1,
        "num_warmup": 2000,
        "target_accept_prob": 0.95,
        "rhat_max": 1.0015723481784475,
        "ess_min": 2160.485647837033,
        "n_divergences": 0,
        "passes_rhat": true,
        "passes_ess": true,
        "passes_gate": true
      }
    ],
    "params": {
      "H": {
        "mean": 0.25058308243751526,
        "median": 0.24765336513519287,
        "sd": 0.048683688044548035,
        "hdi_2.5": 0.15583054721355438,
        "hdi_97.5": 0.3438478410243988,
        "rhat": 1.000588762836308,
        "ess_bulk": 2477.3049336111762
      },
      "LW": {
        "mean": 0.037659745663404465,
        "median": 0.03815022110939026,
        "sd": 0.007862691767513752,
        "hdi_2.5": 0.02223283238708973,
        "hdi_97.5": 0.05245072394609451,
        "rhat": 1.0013702462899596,
        "ess_bulk": 2613.129341938195
      },
      "log_UU": {
        "mean": 0.017363086342811584,
        "median": 0.016642402857542038,
        "sd": 0.009715123102068901,
        "hdi_2.5": 5.327376584318699e-06,
        "hdi_97.5": 0.034394338726997375,
        "rhat": 1.0008600067315352,
        "ess_bulk": 2186.8341340375036
      },
      "sigma_motor": {
        "mean": 7.295059680938721,
        "median": 7.25637149810791,
        "sd": 0.812372624874115,
        "hdi_2.5": 5.750111103057861,
        "hdi_97.5": 8.93702220916748,
        "rhat": 1.0003522178633615,
        "ess_bulk": 3169.8060436706946
      },
      "sigma_LR": {
        "mean": 3.1106200218200684,
        "median": 3.0923850536346436,
        "sd": 0.38530635833740234,
        "hdi_2.5": 2.364225149154663,
        "hdi_97.5": 3.8817951679229736,
        "rhat": 1.0006875376932145,
        "ess_bulk": 3201.6335822977358
      }
    },
    "n_divergences": 0,
    "n_chains": 4,
    "n_samples_per_chain": 2000
  },
  "behavior": {
    "r_obs_vs_pred": -0.15105993361504358,
    "rmse": 32.30603720631137,
    "mae": 11.442238899883984,
    "n_trials": 193
  },
  "elapsed_seconds": 136.71674299240112
}