{
  "subject_idx": 24,
  "subject_id": "SP_070176",
  "is_patient": true,
  "condition": "oddball",
  "n_trials": 194,
  "n_blocks": 2,
  "sub_blocks_avoid_seek": [
    2,
    3
  ],
  "mcmc_config": {
    "num_warmup": 2000,
    "num_samples": 2000,
    "num_chains": 4
  },
  "fit": {
    "dataset_idx": 24,
    "condition": "oddball",
    "status": "PASS",
    "attempts": [
      {
        "attempt": 1,
        "num_warmup": 2000,
        "target_accept_prob": 0.95,
        "rhat_max": 1.002050206604133,
        "ess_min": 2627.9537363887725,
        "n_divergences": 0,
        "passes_rhat": true,
        "passes_ess": true,
        "passes_gate": true
      }
    ],
    "params": {
      "H": {
        "mean": 0.3173447549343109,
        "median": 0.3172595500946045,
        "sd": 0.08297660946846008,
        "hdi_2.5": 0.1583470106124878,
        "hdi_97.5": 0.48316577076911926,
        "rhat": 1.0011946201744835,
        "ess_bulk": 3229.0711646521854
      },
      "LW": {
        "mean": 0.04495358094573021,
        "median": 0.04345618933439255,
        "sd": 0.020601944997906685,
        "hdi_2.5": 0.007223412394523621,
        "hdi_97.5": 0.08518844842910767,
        "rhat": 1.0009766736967458,
        "ess_bulk": 3160.2135799737716
      },
      "log_UU": {
        "mean": 0.0033411988988518715,
        "median": 0.00235344422981143,
        "sd": 0.00335339130833745,
        "hdi_2.5": 2.347980085914969e-07,
        "hdi_97.5": 0.010083704255521297,
        "rhat": 1.001956689983143,
        "ess_bulk": 3233.9239040581224
      },
      "sigma_motor": {
        "mean": 28.164154052734375,
        "median": 27.998987197875977,
        "sd": 2.6030349731445312,
        "hdi_2.5": 23.33132553100586,
        "hdi_97.5": 33.46340560913086,
        "rhat": 1.0016605268485217,
        "ess_bulk": 3239.4548043133404
      },
      "sigma_LR": {
        "mean": 3.154667377471924,
        "median": 3.131917715072632,
        "sd": 0.5196988582611084,
        "hdi_2.5": 2.1332650184631348,
        "hdi_97.5": 4.151764869689941,
        "rhat": 1.0001598125028173,
        "ess_bulk": 5603.676985977363
      }
    },
    "n_divergences": 0,
    "n_chains": 4,
    "n_samples_per_chain": 2000
  },
  "behavior": {
    "r_obs_vs_pred": -0.45306082012996896,
    "rmse": 50.9090635818375,
    "mae": 32.89352218328054,
    "n_trials": 193
  },
  "elapsed_seconds": 92.67047548294067
}