{
  "subject_idx": 105,
  "subject_id": "SP_080943",
  "is_patient": false,
  "condition": "oddball",
  "n_trials": 194,
  "n_blocks": 2,
  "sub_blocks_avoid_seek": [
    2,
    3
  ],
  "mcmc_config": {
    "num_warmup": 2000,
    "num_samples": 2000,
    "num_chains": 4
  },
  "fit": {
    "dataset_idx": 105,
    "condition": "oddball",
    "status": "PASS",
    "attempts": [
      {
        "attempt": 1,
        "num_warmup": 2000,
        "target_accept_prob": 0.95,
        "rhat_max": 1.0049477598686718,
        "ess_min": 1370.994981581705,
        "n_divergences": 0,
        "passes_rhat": true,
        "passes_ess": true,
        "passes_gate": true
      }
    ],
    "params": {
      "H": {
        "mean": 0.17097830772399902,
        "median": 0.1739843189716339,
        "sd": 0.07843189686536789,
        "hdi_2.5": 7.058378741930937e-06,
        "hdi_97.5": 0.296375572681427,
        "rhat": 1.0033748783042986,
        "ess_bulk": 1627.3725998874197
      },
      "LW": {
        "mean": 0.11257295310497284,
        "median": 0.10384276509284973,
        "sd": 0.04953071475028992,
        "hdi_2.5": 0.03884194418787956,
        "hdi_97.5": 0.204489067196846,
        "rhat": 1.0049477598686718,
        "ess_bulk": 1370.994981581705
      },
      "log_UU": {
        "mean": 0.07988682389259338,
        "median": 0.08136016130447388,
        "sd": 0.02735828049480915,
        "hdi_2.5": 0.023225491866469383,
        "hdi_97.5": 0.1311035305261612,
        "rhat": 1.0028253610644309,
        "ess_bulk": 1531.2030379936095
      },
      "sigma_motor": {
        "mean": 9.04073429107666,
        "median": 9.017965316772461,
        "sd": 0.6542505025863647,
        "hdi_2.5": 7.817771911621094,
        "hdi_97.5": 10.41009521484375,
        "rhat": 1.001583592510698,
        "ess_bulk": 3526.001849601109
      },
      "sigma_LR": {
        "mean": 4.1855878829956055,
        "median": 4.159130573272705,
        "sd": 0.5282723307609558,
        "hdi_2.5": 3.1822333335876465,
        "hdi_97.5": 5.201413631439209,
        "rhat": 1.0009549849458574,
        "ess_bulk": 4420.263862560625
      }
    },
    "n_divergences": 0,
    "n_chains": 4,
    "n_samples_per_chain": 2000
  },
  "behavior": {
    "r_obs_vs_pred": -0.340159956746671,
    "rmse": 20.294121068648465,
    "mae": 11.100096616821022,
    "n_trials": 193
  },
  "elapsed_seconds": 56.77391076087952
}