{
  "subject_idx": 8,
  "subject_id": "SP_050207",
  "is_patient": true,
  "condition": "changepoint",
  "n_trials": 194,
  "n_blocks": 2,
  "sub_blocks_avoid_seek": [
    0,
    1
  ],
  "mcmc_config": {
    "num_warmup": 2000,
    "num_samples": 2000,
    "num_chains": 4
  },
  "fit": {
    "dataset_idx": 8,
    "condition": "changepoint",
    "status": "PASS",
    "attempts": [
      {
        "attempt": 1,
        "num_warmup": 2000,
        "target_accept_prob": 0.95,
        "rhat_max": 1.0011770558675026,
        "ess_min": 4735.066763317914,
        "n_divergences": 0,
        "passes_rhat": true,
        "passes_ess": true,
        "passes_gate": true
      }
    ],
    "params": {
      "H": {
        "mean": 0.017573349177837372,
        "median": 0.01630273461341858,
        "sd": 0.008447627536952496,
        "hdi_2.5": 0.0035216023679822683,
        "hdi_97.5": 0.034388523548841476,
        "rhat": 1.0009367931867186,
        "ess_bulk": 4797.72647549739
      },
      "LW": {
        "mean": 0.04195166751742363,
        "median": 0.040536753833293915,
        "sd": 0.01664736680686474,
        "hdi_2.5": 0.012907702475786209,
        "hdi_97.5": 0.07577106356620789,
        "rhat": 1.0011770558675026,
        "ess_bulk": 5627.63983714577
      },
      "log_UU": {
        "mean": 1.034511685371399,
        "median": 1.007136344909668,
        "sd": 0.29400119185447693,
        "hdi_2.5": 0.5040000081062317,
        "hdi_97.5": 1.6495181322097778,
        "rhat": 1.0004520283499274,
        "ess_bulk": 5541.696420215995
      },
      "sigma_motor": {
        "mean": 48.2371711730957,
        "median": 48.09788513183594,
        "sd": 3.8097145557403564,
        "hdi_2.5": 40.92683792114258,
        "hdi_97.5": 55.72639465332031,
        "rhat": 1.0004355357583472,
        "ess_bulk": 5052.957664455171
      },
      "sigma_LR": {
        "mean": 3.6313767433166504,
        "median": 3.6135475635528564,
        "sd": 0.627354621887207,
        "hdi_2.5": 2.4129841327667236,
        "hdi_97.5": 4.829625129699707,
        "rhat": 1.0002812371047396,
        "ess_bulk": 4959.859192819691
      }
    },
    "n_divergences": 0,
    "n_chains": 4,
    "n_samples_per_chain": 2000
  },
  "behavior": {
    "r_obs_vs_pred": -0.28153251740583796,
    "rmse": 77.50470203876151,
    "mae": 58.44732440884558,
    "n_trials": 193
  },
  "elapsed_seconds": 32.90325570106506
}