{
  "subject_idx": 89,
  "subject_id": "SP_089403",
  "is_patient": true,
  "condition": "oddball",
  "n_trials": 194,
  "n_blocks": 2,
  "sub_blocks_avoid_seek": [
    2,
    3
  ],
  "mcmc_config": {
    "num_warmup": 2000,
    "num_samples": 2000,
    "num_chains": 4
  },
  "fit": {
    "dataset_idx": 89,
    "condition": "oddball",
    "status": "PASS",
    "attempts": [
      {
        "attempt": 1,
        "num_warmup": 2000,
        "target_accept_prob": 0.95,
        "rhat_max": 1.0014323546901835,
        "ess_min": 5760.145280210432,
        "n_divergences": 0,
        "passes_rhat": true,
        "passes_ess": true,
        "passes_gate": true
      }
    ],
    "params": {
      "H": {
        "mean": 0.0509553924202919,
        "median": 0.03674828261137009,
        "sd": 0.04737013578414917,
        "hdi_2.5": 1.063894887920469e-05,
        "hdi_97.5": 0.14958928525447845,
        "rhat": 1.0002374343926725,
        "ess_bulk": 7463.699848381576
      },
      "LW": {
        "mean": 0.6640774607658386,
        "median": 0.7045578956604004,
        "sd": 0.23567502200603485,
        "hdi_2.5": 0.21848660707473755,
        "hdi_97.5": 0.9998735189437866,
        "rhat": 1.0014323546901835,
        "ess_bulk": 9022.965473687374
      },
      "log_UU": {
        "mean": 3.9367868900299072,
        "median": 3.582900047302246,
        "sd": 2.383805274963379,
        "hdi_2.5": 0.11616047471761703,
        "hdi_97.5": 8.422798156738281,
        "rhat": 1.0003769975004777,
        "ess_bulk": 8373.644817919692
      },
      "sigma_motor": {
        "mean": 19.677898406982422,
        "median": 19.635211944580078,
        "sd": 0.997963547706604,
        "hdi_2.5": 17.79117202758789,
        "hdi_97.5": 21.726282119750977,
        "rhat": 1.0003885397687728,
        "ess_bulk": 8913.842976293321
      },
      "sigma_LR": {
        "mean": 1.2186789512634277,
        "median": 1.159433364868164,
        "sd": 0.550876259803772,
        "hdi_2.5": 0.2571396231651306,
        "hdi_97.5": 2.3311359882354736,
        "rhat": 1.0005681841957657,
        "ess_bulk": 5984.7629935547775
      }
    },
    "n_divergences": 0,
    "n_chains": 4,
    "n_samples_per_chain": 2000
  },
  "behavior": {
    "r_obs_vs_pred": 0.33752757946738865,
    "rmse": 20.425491848616065,
    "mae": 15.933909225699825,
    "n_trials": 193
  },
  "elapsed_seconds": 24.900928497314453
}