{
  "subject_idx": 84,
  "subject_id": "SP_088738",
  "is_patient": true,
  "condition": "changepoint",
  "n_trials": 194,
  "n_blocks": 2,
  "sub_blocks_avoid_seek": [
    0,
    1
  ],
  "mcmc_config": {
    "num_warmup": 2000,
    "num_samples": 2000,
    "num_chains": 4
  },
  "fit": {
    "dataset_idx": 84,
    "condition": "changepoint",
    "status": "PASS",
    "attempts": [
      {
        "attempt": 1,
        "num_warmup": 2000,
        "target_accept_prob": 0.95,
        "rhat_max": 1.001404609029837,
        "ess_min": 3292.210256532675,
        "n_divergences": 0,
        "passes_rhat": true,
        "passes_ess": true,
        "passes_gate": true
      }
    ],
    "params": {
      "H": {
        "mean": 0.006639128550887108,
        "median": 0.006314823869615793,
        "sd": 0.0027171289548277855,
        "hdi_2.5": 0.001943177659995854,
        "hdi_97.5": 0.012015188112854958,
        "rhat": 1.0002246685697982,
        "ess_bulk": 3561.6840427503616
      },
      "LW": {
        "mean": 0.24984823167324066,
        "median": 0.23510223627090454,
        "sd": 0.06757321953773499,
        "hdi_2.5": 0.1471145749092102,
        "hdi_97.5": 0.38934916257858276,
        "rhat": 1.0003364408008553,
        "ess_bulk": 3367.9554080868365
      },
      "log_UU": {
        "mean": 0.7878508567810059,
        "median": 0.780497133731842,
        "sd": 0.1411553919315338,
        "hdi_2.5": 0.5114795565605164,
        "hdi_97.5": 1.0641846656799316,
        "rhat": 1.0009791700135748,
        "ess_bulk": 3945.3905780334107
      },
      "sigma_motor": {
        "mean": 10.458433151245117,
        "median": 10.38930892944336,
        "sd": 1.1777286529541016,
        "hdi_2.5": 8.260093688964844,
        "hdi_97.5": 12.843879699707031,
        "rhat": 1.0010520889735988,
        "ess_bulk": 4671.049087450803
      },
      "sigma_LR": {
        "mean": 6.628189563751221,
        "median": 6.620489120483398,
        "sd": 0.587246835231781,
        "hdi_2.5": 5.530013084411621,
        "hdi_97.5": 7.845832824707031,
        "rhat": 1.0011213012683287,
        "ess_bulk": 4860.689824198832
      }
    },
    "n_divergences": 0,
    "n_chains": 4,
    "n_samples_per_chain": 2000
  },
  "behavior": {
    "r_obs_vs_pred": -0.008194866374825149,
    "rmse": 44.45411747746229,
    "mae": 18.122861000429356,
    "n_trials": 193
  },
  "elapsed_seconds": 66.78937911987305
}