{
  "subject_idx": 71,
  "subject_id": "SP_083880",
  "is_patient": true,
  "condition": "changepoint",
  "n_trials": 194,
  "n_blocks": 2,
  "sub_blocks_avoid_seek": [
    0,
    1
  ],
  "mcmc_config": {
    "num_warmup": 2000,
    "num_samples": 2000,
    "num_chains": 4
  },
  "fit": {
    "dataset_idx": 71,
    "condition": "changepoint",
    "status": "PASS",
    "attempts": [
      {
        "attempt": 1,
        "num_warmup": 2000,
        "target_accept_prob": 0.95,
        "rhat_max": 1.001267809403783,
        "ess_min": 4553.814496068675,
        "n_divergences": 0,
        "passes_rhat": true,
        "passes_ess": true,
        "passes_gate": true
      }
    ],
    "params": {
      "H": {
        "mean": 0.021686572581529617,
        "median": 0.021109802648425102,
        "sd": 0.005817030090838671,
        "hdi_2.5": 0.011023380793631077,
        "hdi_97.5": 0.03331168740987778,
        "rhat": 1.0001892336629243,
        "ess_bulk": 4765.52368570194
      },
      "LW": {
        "mean": 0.0635017678141594,
        "median": 0.06371495872735977,
        "sd": 0.014322099275887012,
        "hdi_2.5": 0.03511328250169754,
        "hdi_97.5": 0.09012416005134583,
        "rhat": 1.0004327877148558,
        "ess_bulk": 4596.827885381456
      },
      "log_UU": {
        "mean": 0.9450870156288147,
        "median": 0.9364707469940186,
        "sd": 0.1794162094593048,
        "hdi_2.5": 0.6127633452415466,
        "hdi_97.5": 1.3092936277389526,
        "rhat": 1.0008412131921753,
        "ess_bulk": 4721.649880851473
      },
      "sigma_motor": {
        "mean": 13.645151138305664,
        "median": 13.514863014221191,
        "sd": 1.759985089302063,
        "hdi_2.5": 10.359339714050293,
        "hdi_97.5": 17.12856674194336,
        "rhat": 1.000536920181403,
        "ess_bulk": 5311.181237388038
      },
      "sigma_LR": {
        "mean": 5.4581990242004395,
        "median": 5.442530632019043,
        "sd": 0.5909623503684998,
        "hdi_2.5": 4.337184906005859,
        "hdi_97.5": 6.655421257019043,
        "rhat": 1.0007931322507126,
        "ess_bulk": 5481.173962818102
      }
    },
    "n_divergences": 0,
    "n_chains": 4,
    "n_samples_per_chain": 2000
  },
  "behavior": {
    "r_obs_vs_pred": -0.021689846251143265,
    "rmse": 39.6778953667852,
    "mae": 20.2438647185737,
    "n_trials": 193
  },
  "elapsed_seconds": 64.41044068336487
}