{
  "subject_idx": 36,
  "subject_id": "SP_081876",
  "is_patient": true,
  "condition": "changepoint",
  "n_trials": 194,
  "n_blocks": 2,
  "sub_blocks_avoid_seek": [
    0,
    1
  ],
  "mcmc_config": {
    "num_warmup": 2000,
    "num_samples": 2000,
    "num_chains": 4
  },
  "fit": {
    "dataset_idx": 36,
    "condition": "changepoint",
    "status": "PASS",
    "attempts": [
      {
        "attempt": 1,
        "num_warmup": 2000,
        "target_accept_prob": 0.95,
        "rhat_max": 1.0014022232441797,
        "ess_min": 4315.734528692713,
        "n_divergences": 0,
        "passes_rhat": true,
        "passes_ess": true,
        "passes_gate": true
      }
    ],
    "params": {
      "H": {
        "mean": 0.0038519289810210466,
        "median": 0.0037669334560632706,
        "sd": 0.0009372035856358707,
        "hdi_2.5": 0.00212921597994864,
        "hdi_97.5": 0.005704911891371012,
        "rhat": 1.0010639678985724,
        "ess_bulk": 4663.884897137489
      },
      "LW": {
        "mean": 0.4726440906524658,
        "median": 0.47228968143463135,
        "sd": 0.05627173185348511,
        "hdi_2.5": 0.3645475506782532,
        "hdi_97.5": 0.5829447507858276,
        "rhat": 1.0011079447794047,
        "ess_bulk": 5246.252770625562
      },
      "log_UU": {
        "mean": 0.6966768503189087,
        "median": 0.6961640119552612,
        "sd": 0.08400963246822357,
        "hdi_2.5": 0.529501736164093,
        "hdi_97.5": 0.8558834195137024,
        "rhat": 1.0003246175621672,
        "ess_bulk": 4537.795298503834
      },
      "sigma_motor": {
        "mean": 5.819734573364258,
        "median": 5.77644681930542,
        "sd": 0.5776220560073853,
        "hdi_2.5": 4.705633163452148,
        "hdi_97.5": 6.9300055503845215,
        "rhat": 0.9999525894137831,
        "ess_bulk": 6255.250440665264
      },
      "sigma_LR": {
        "mean": 7.478801727294922,
        "median": 7.474099159240723,
        "sd": 0.5267691016197205,
        "hdi_2.5": 6.48431396484375,
        "hdi_97.5": 8.529061317443848,
        "rhat": 1.0006377689564019,
        "ess_bulk": 5580.779820883249
      }
    },
    "n_divergences": 0,
    "n_chains": 4,
    "n_samples_per_chain": 2000
  },
  "behavior": {
    "r_obs_vs_pred": -0.10878758321913232,
    "rmse": 64.79487632745541,
    "mae": 25.308103512212575,
    "n_trials": 193
  },
  "elapsed_seconds": 41.24241781234741
}