{
  "subject_idx": 20,
  "subject_id": "SP_063145",
  "is_patient": true,
  "condition": "oddball",
  "n_trials": 194,
  "n_blocks": 2,
  "sub_blocks_avoid_seek": [
    2,
    3
  ],
  "mcmc_config": {
    "num_warmup": 2000,
    "num_samples": 2000,
    "num_chains": 4
  },
  "fit": {
    "dataset_idx": 20,
    "condition": "oddball",
    "status": "PASS",
    "attempts": [
      {
        "attempt": 1,
        "num_warmup": 2000,
        "target_accept_prob": 0.95,
        "rhat_max": 1.0021052010155205,
        "ess_min": 1855.1914151082376,
        "n_divergences": 0,
        "passes_rhat": true,
        "passes_ess": true,
        "passes_gate": true
      }
    ],
    "params": {
      "H": {
        "mean": 0.1284637451171875,
        "median": 0.11785218864679337,
        "sd": 0.08137684315443039,
        "hdi_2.5": 0.0015893906820565462,
        "hdi_97.5": 0.27694815397262573,
        "rhat": 1.0011135774509654,
        "ess_bulk": 2463.7222589303547
      },
      "LW": {
        "mean": 0.11841634660959244,
        "median": 0.11774374544620514,
        "sd": 0.05029665678739548,
        "hdi_2.5": 0.021884910762310028,
        "hdi_97.5": 0.20713107287883759,
        "rhat": 1.0021052010155205,
        "ess_bulk": 2578.7381972815297
      },
      "log_UU": {
        "mean": 0.016167007386684418,
        "median": 0.0057953037321567535,
        "sd": 0.03343721479177475,
        "hdi_2.5": 6.621787065341778e-07,
        "hdi_97.5": 0.07827019691467285,
        "rhat": 1.0005576038300639,
        "ess_bulk": 2780.096011412661
      },
      "sigma_motor": {
        "mean": 21.55649757385254,
        "median": 21.496288299560547,
        "sd": 2.17893123626709,
        "hdi_2.5": 17.45563507080078,
        "hdi_97.5": 25.80596351623535,
        "rhat": 1.0007339348785975,
        "ess_bulk": 2162.2771538707766
      },
      "sigma_LR": {
        "mean": 2.2194154262542725,
        "median": 2.1801905632019043,
        "sd": 0.48354461789131165,
        "hdi_2.5": 1.325838327407837,
        "hdi_97.5": 3.1877310276031494,
        "rhat": 1.0006835327073942,
        "ess_bulk": 3504.0364310872988
      }
    },
    "n_divergences": 0,
    "n_chains": 4,
    "n_samples_per_chain": 2000
  },
  "behavior": {
    "r_obs_vs_pred": -0.0696274129716206,
    "rmse": 36.194112048991045,
    "mae": 15.564283071278831,
    "n_trials": 193
  },
  "elapsed_seconds": 65.40881395339966
}