{
  "subject_idx": 77,
  "subject_id": "SP_085116",
  "is_patient": true,
  "condition": "changepoint",
  "n_trials": 194,
  "n_blocks": 2,
  "sub_blocks_avoid_seek": [
    0,
    1
  ],
  "mcmc_config": {
    "num_warmup": 2000,
    "num_samples": 2000,
    "num_chains": 4
  },
  "fit": {
    "dataset_idx": 77,
    "condition": "changepoint",
    "status": "PASS",
    "attempts": [
      {
        "attempt": 1,
        "num_warmup": 2000,
        "target_accept_prob": 0.95,
        "rhat_max": 1.0015969114479948,
        "ess_min": 3761.1813875238904,
        "n_divergences": 0,
        "passes_rhat": true,
        "passes_ess": true,
        "passes_gate": true
      }
    ],
    "params": {
      "H": {
        "mean": 0.015168779529631138,
        "median": 0.014495981857180595,
        "sd": 0.005614064633846283,
        "hdi_2.5": 0.005141520407050848,
        "hdi_97.5": 0.02605443447828293,
        "rhat": 1.0011621128054955,
        "ess_bulk": 4208.898156935032
      },
      "LW": {
        "mean": 0.158772811293602,
        "median": 0.15276968479156494,
        "sd": 0.038785144686698914,
        "hdi_2.5": 0.09720130264759064,
        "hdi_97.5": 0.24113255739212036,
        "rhat": 1.000843117357872,
        "ess_bulk": 3761.1813875238904
      },
      "log_UU": {
        "mean": 0.9174301624298096,
        "median": 0.9109062552452087,
        "sd": 0.18776042759418488,
        "hdi_2.5": 0.5612826347351074,
        "hdi_97.5": 1.2906724214553833,
        "rhat": 1.001111840247374,
        "ess_bulk": 4593.52670021741
      },
      "sigma_motor": {
        "mean": 19.48871421813965,
        "median": 19.421085357666016,
        "sd": 1.757163405418396,
        "hdi_2.5": 16.07419204711914,
        "hdi_97.5": 22.90029525756836,
        "rhat": 1.0003055606528295,
        "ess_bulk": 5383.424460794624
      },
      "sigma_LR": {
        "mean": 4.068676471710205,
        "median": 4.047919750213623,
        "sd": 0.5315656661987305,
        "hdi_2.5": 3.042186737060547,
        "hdi_97.5": 5.101633071899414,
        "rhat": 1.0015969114479948,
        "ess_bulk": 5147.114791715423
      }
    },
    "n_divergences": 0,
    "n_chains": 4,
    "n_samples_per_chain": 2000
  },
  "behavior": {
    "r_obs_vs_pred": -0.06153342144965948,
    "rmse": 53.99969498033478,
    "mae": 26.28071587221996,
    "n_trials": 193
  },
  "elapsed_seconds": 65.33023977279663
}