{
  "subject_idx": 126,
  "subject_id": "SP_085601",
  "is_patient": false,
  "condition": "changepoint",
  "n_trials": 194,
  "n_blocks": 2,
  "sub_blocks_avoid_seek": [
    0,
    1
  ],
  "mcmc_config": {
    "num_warmup": 2000,
    "num_samples": 2000,
    "num_chains": 4
  },
  "fit": {
    "dataset_idx": 126,
    "condition": "changepoint",
    "status": "PASS",
    "attempts": [
      {
        "attempt": 1,
        "num_warmup": 2000,
        "target_accept_prob": 0.95,
        "rhat_max": 1.0010460862016708,
        "ess_min": 4307.799756278879,
        "n_divergences": 0,
        "passes_rhat": true,
        "passes_ess": true,
        "passes_gate": true
      }
    ],
    "params": {
      "H": {
        "mean": 0.016827186569571495,
        "median": 0.01619589701294899,
        "sd": 0.0056101600639522076,
        "hdi_2.5": 0.006979102734476328,
        "hdi_97.5": 0.02784893475472927,
        "rhat": 1.0002380263697026,
        "ess_bulk": 5553.122344284485
      },
      "LW": {
        "mean": 0.06094485893845558,
        "median": 0.06073904037475586,
        "sd": 0.014942110516130924,
        "hdi_2.5": 0.032890964299440384,
        "hdi_97.5": 0.08958863466978073,
        "rhat": 1.0005887097599309,
        "ess_bulk": 4684.779975382896
      },
      "log_UU": {
        "mean": 1.0232843160629272,
        "median": 1.0130081176757812,
        "sd": 0.20824682712554932,
        "hdi_2.5": 0.6343856453895569,
        "hdi_97.5": 1.445507526397705,
        "rhat": 1.0005052213943295,
        "ess_bulk": 6012.344698753897
      },
      "sigma_motor": {
        "mean": 16.775253295898438,
        "median": 16.72167205810547,
        "sd": 1.496484398841858,
        "hdi_2.5": 13.899858474731445,
        "hdi_97.5": 19.695751190185547,
        "rhat": 1.0010460862016708,
        "ess_bulk": 6094.815134440476
      },
      "sigma_LR": {
        "mean": 4.663558483123779,
        "median": 4.6395769119262695,
        "sd": 0.5528793931007385,
        "hdi_2.5": 3.6043100357055664,
        "hdi_97.5": 5.779126167297363,
        "rhat": 1.000502952626268,
        "ess_bulk": 6341.4116954370675
      }
    },
    "n_divergences": 0,
    "n_chains": 4,
    "n_samples_per_chain": 2000
  },
  "behavior": {
    "r_obs_vs_pred": 0.06288901037653472,
    "rmse": 43.77045967532264,
    "mae": 23.38985723793661,
    "n_trials": 193
  },
  "elapsed_seconds": 64.3575439453125
}