{
  "subject_idx": 122,
  "subject_id": "SP_085465",
  "is_patient": false,
  "condition": "oddball",
  "n_trials": 194,
  "n_blocks": 2,
  "sub_blocks_avoid_seek": [
    2,
    3
  ],
  "mcmc_config": {
    "num_warmup": 2000,
    "num_samples": 2000,
    "num_chains": 4
  },
  "fit": {
    "dataset_idx": 122,
    "condition": "oddball",
    "status": "PASS",
    "attempts": [
      {
        "attempt": 1,
        "num_warmup": 2000,
        "target_accept_prob": 0.95,
        "rhat_max": 1.002294758112806,
        "ess_min": 2184.574898527612,
        "n_divergences": 0,
        "passes_rhat": true,
        "passes_ess": true,
        "passes_gate": true
      }
    ],
    "params": {
      "H": {
        "mean": 0.011117002926766872,
        "median": 0.006080001592636108,
        "sd": 0.014632400125265121,
        "hdi_2.5": 2.7115008833789034e-06,
        "hdi_97.5": 0.039063289761543274,
        "rhat": 1.0017567128338973,
        "ess_bulk": 2802.196707983916
      },
      "LW": {
        "mean": 0.11094578355550766,
        "median": 0.10774020850658417,
        "sd": 0.030259355902671814,
        "hdi_2.5": 0.05541082099080086,
        "hdi_97.5": 0.1700737327337265,
        "rhat": 1.0016425695835625,
        "ess_bulk": 2626.8874423411708
      },
      "log_UU": {
        "mean": 0.12747305631637573,
        "median": 0.12888330221176147,
        "sd": 0.04329466074705124,
        "hdi_2.5": 0.035171691328287125,
        "hdi_97.5": 0.20660552382469177,
        "rhat": 1.0020752473997845,
        "ess_bulk": 2728.470062385573
      },
      "sigma_motor": {
        "mean": 11.095158576965332,
        "median": 11.067596435546875,
        "sd": 0.6293125152587891,
        "hdi_2.5": 9.858407020568848,
        "hdi_97.5": 12.305068016052246,
        "rhat": 1.0009178841684407,
        "ess_bulk": 3890.6933157274484
      },
      "sigma_LR": {
        "mean": 3.440121650695801,
        "median": 3.4177305698394775,
        "sd": 0.4866337776184082,
        "hdi_2.5": 2.479470729827881,
        "hdi_97.5": 4.367514610290527,
        "rhat": 1.001373933595852,
        "ess_bulk": 4049.196378960322
      }
    },
    "n_divergences": 0,
    "n_chains": 4,
    "n_samples_per_chain": 2000
  },
  "behavior": {
    "r_obs_vs_pred": -0.38511001915299353,
    "rmse": 27.947395559570456,
    "mae": 10.684465406563735,
    "n_trials": 193
  },
  "elapsed_seconds": 145.2574520111084
}