{
  "subject_idx": 56,
  "subject_id": "SP_057385",
  "is_patient": true,
  "condition": "changepoint",
  "n_trials": 194,
  "n_blocks": 2,
  "sub_blocks_avoid_seek": [
    0,
    1
  ],
  "mcmc_config": {
    "num_warmup": 2000,
    "num_samples": 2000,
    "num_chains": 4
  },
  "fit": {
    "dataset_idx": 56,
    "condition": "changepoint",
    "status": "PASS",
    "attempts": [
      {
        "attempt": 1,
        "num_warmup": 2000,
        "target_accept_prob": 0.95,
        "rhat_max": 1.001707700701969,
        "ess_min": 4084.55816724154,
        "n_divergences": 0,
        "passes_rhat": true,
        "passes_ess": true,
        "passes_gate": true
      }
    ],
    "params": {
      "H": {
        "mean": 0.01248256117105484,
        "median": 0.012281905859708786,
        "sd": 0.003347936784848571,
        "hdi_2.5": 0.006105818320065737,
        "hdi_97.5": 0.019246410578489304,
        "rhat": 1.0009104676629712,
        "ess_bulk": 4883.261896452989
      },
      "LW": {
        "mean": 0.3511194586753845,
        "median": 0.3504045903682709,
        "sd": 0.06005837395787239,
        "hdi_2.5": 0.23264473676681519,
        "hdi_97.5": 0.4638933837413788,
        "rhat": 1.0009259543700686,
        "ess_bulk": 4783.492513550499
      },
      "log_UU": {
        "mean": 0.7599905133247375,
        "median": 0.7574285864830017,
        "sd": 0.12713997066020966,
        "hdi_2.5": 0.5068382024765015,
        "hdi_97.5": 1.0021538734436035,
        "rhat": 1.0003929283965243,
        "ess_bulk": 5177.091051735858
      },
      "sigma_motor": {
        "mean": 7.199273586273193,
        "median": 7.117895126342773,
        "sd": 0.9359169602394104,
        "hdi_2.5": 5.4228835105896,
        "hdi_97.5": 8.993687629699707,
        "rhat": 1.0002718808547688,
        "ess_bulk": 5152.967722395295
      },
      "sigma_LR": {
        "mean": 5.631617546081543,
        "median": 5.618568420410156,
        "sd": 0.5605570673942566,
        "hdi_2.5": 4.544745922088623,
        "hdi_97.5": 6.715665340423584,
        "rhat": 1.0011224744413305,
        "ess_bulk": 4861.388280094356
      }
    },
    "n_divergences": 0,
    "n_chains": 4,
    "n_samples_per_chain": 2000
  },
  "behavior": {
    "r_obs_vs_pred": -0.163936819977508,
    "rmse": 44.84807197595621,
    "mae": 16.87575189307467,
    "n_trials": 193
  },
  "elapsed_seconds": 59.19540023803711
}