{
  "subject_idx": 29,
  "subject_id": "SP_075115",
  "is_patient": true,
  "condition": "oddball",
  "n_trials": 194,
  "n_blocks": 2,
  "sub_blocks_avoid_seek": [
    2,
    3
  ],
  "mcmc_config": {
    "num_warmup": 2000,
    "num_samples": 2000,
    "num_chains": 4
  },
  "fit": {
    "dataset_idx": 29,
    "condition": "oddball",
    "status": "PASS",
    "attempts": [
      {
        "attempt": 1,
        "num_warmup": 2000,
        "target_accept_prob": 0.95,
        "rhat_max": 1.0015349616485123,
        "ess_min": 3570.9844741925167,
        "n_divergences": 0,
        "passes_rhat": true,
        "passes_ess": true,
        "passes_gate": true
      }
    ],
    "params": {
      "H": {
        "mean": 0.030589919537305832,
        "median": 0.018547922372817993,
        "sd": 0.03459736704826355,
        "hdi_2.5": 1.0348096566303866e-06,
        "hdi_97.5": 0.10336150228977203,
        "rhat": 1.0009652312810273,
        "ess_bulk": 3865.1833361963863
      },
      "LW": {
        "mean": 0.19843898713588715,
        "median": 0.1881701648235321,
        "sd": 0.09939645975828171,
        "hdi_2.5": 0.024514060467481613,
        "hdi_97.5": 0.3907751739025116,
        "rhat": 1.0005449210803223,
        "ess_bulk": 3570.9844741925167
      },
      "log_UU": {
        "mean": 4.841519355773926,
        "median": 4.590762138366699,
        "sd": 2.1583023071289062,
        "hdi_2.5": 1.2218451499938965,
        "hdi_97.5": 9.13408088684082,
        "rhat": 1.000532404631375,
        "ess_bulk": 5430.117396818249
      },
      "sigma_motor": {
        "mean": 10.321460723876953,
        "median": 10.297767639160156,
        "sd": 0.5189417600631714,
        "hdi_2.5": 9.350604057312012,
        "hdi_97.5": 11.356746673583984,
        "rhat": 1.0015349616485123,
        "ess_bulk": 6067.41386432215
      },
      "sigma_LR": {
        "mean": 1.5277037620544434,
        "median": 1.4550979137420654,
        "sd": 0.5042359828948975,
        "hdi_2.5": 0.667910099029541,
        "hdi_97.5": 2.554300308227539,
        "rhat": 1.0001019642218825,
        "ess_bulk": 6036.712666919203
      }
    },
    "n_divergences": 0,
    "n_chains": 4,
    "n_samples_per_chain": 2000
  },
  "behavior": {
    "r_obs_vs_pred": -0.5650435344112527,
    "rmse": 15.128603911524053,
    "mae": 5.726635704468995,
    "n_trials": 193
  },
  "elapsed_seconds": 47.41282916069031
}