{
  "subject_idx": 6,
  "subject_id": "SP_021407",
  "is_patient": true,
  "condition": "changepoint",
  "n_trials": 394,
  "n_blocks": 2,
  "sub_blocks_avoid_seek": [
    0,
    1
  ],
  "mcmc_config": {
    "num_warmup": 2000,
    "num_samples": 2000,
    "num_chains": 4
  },
  "fit": {
    "dataset_idx": 6,
    "condition": "changepoint",
    "status": "PASS",
    "attempts": [
      {
        "attempt": 1,
        "num_warmup": 2000,
        "target_accept_prob": 0.95,
        "rhat_max": 1.0014992465382162,
        "ess_min": 2741.84616808259,
        "n_divergences": 0,
        "passes_rhat": true,
        "passes_ess": true,
        "passes_gate": true
      }
    ],
    "params": {
      "H": {
        "mean": 0.014228412881493568,
        "median": 0.013896536082029343,
        "sd": 0.0034271026961505413,
        "hdi_2.5": 0.007964232005178928,
        "hdi_97.5": 0.021075453609228134,
        "rhat": 1.0007083769518859,
        "ess_bulk": 4060.297601692512
      },
      "LW": {
        "mean": 0.0840507224202156,
        "median": 0.07185393571853638,
        "sd": 0.04295484349131584,
        "hdi_2.5": 0.023826133459806442,
        "hdi_97.5": 0.1747269481420517,
        "rhat": 1.0002323330845062,
        "ess_bulk": 2826.9172386376345
      },
      "log_UU": {
        "mean": 0.7473576664924622,
        "median": 0.7453323602676392,
        "sd": 0.11795034259557724,
        "hdi_2.5": 0.5263688564300537,
        "hdi_97.5": 0.9888630509376526,
        "rhat": 1.001199855585721,
        "ess_bulk": 4130.2739207523055
      },
      "sigma_motor": {
        "mean": 10.15195083618164,
        "median": 10.130437850952148,
        "sd": 0.8062756061553955,
        "hdi_2.5": 8.453696250915527,
        "hdi_97.5": 11.65101432800293,
        "rhat": 1.000905254821527,
        "ess_bulk": 3696.957531151872
      },
      "sigma_LR": {
        "mean": 4.2311015129089355,
        "median": 4.208539009094238,
        "sd": 0.5455650091171265,
        "hdi_2.5": 3.236515760421753,
        "hdi_97.5": 5.3618011474609375,
        "rhat": 1.0003185194561526,
        "ess_bulk": 4483.4433945132505
      }
    },
    "n_divergences": 0,
    "n_chains": 4,
    "n_samples_per_chain": 2000
  },
  "behavior": {
    "r_obs_vs_pred": 0.0008590984762455872,
    "rmse": 33.46173860216858,
    "mae": 15.265871848915786,
    "n_trials": 393
  },
  "elapsed_seconds": 102.9151349067688
}