{
  "subject_idx": 4,
  "subject_id": "SP_016841",
  "is_patient": true,
  "condition": "changepoint",
  "n_trials": 194,
  "n_blocks": 2,
  "sub_blocks_avoid_seek": [
    0,
    1
  ],
  "mcmc_config": {
    "num_warmup": 2000,
    "num_samples": 2000,
    "num_chains": 4
  },
  "fit": {
    "dataset_idx": 4,
    "condition": "changepoint",
    "status": "PASS",
    "attempts": [
      {
        "attempt": 1,
        "num_warmup": 2000,
        "target_accept_prob": 0.95,
        "rhat_max": 1.0010995142420438,
        "ess_min": 3625.423409812145,
        "n_divergences": 0,
        "passes_rhat": true,
        "passes_ess": true,
        "passes_gate": true
      }
    ],
    "params": {
      "H": {
        "mean": 0.006950758397579193,
        "median": 0.006610329262912273,
        "sd": 0.002570969518274069,
        "hdi_2.5": 0.0025092139840126038,
        "hdi_97.5": 0.012149929068982601,
        "rhat": 1.0008386711173354,
        "ess_bulk": 4028.4377515250317
      },
      "LW": {
        "mean": 0.17587508261203766,
        "median": 0.17433525621891022,
        "sd": 0.01569151133298874,
        "hdi_2.5": 0.14804840087890625,
        "hdi_97.5": 0.20850640535354614,
        "rhat": 1.0010295528649127,
        "ess_bulk": 3852.077478621552
      },
      "log_UU": {
        "mean": 1.0037676095962524,
        "median": 0.999127984046936,
        "sd": 0.16799165308475494,
        "hdi_2.5": 0.6659765243530273,
        "hdi_97.5": 1.3209420442581177,
        "rhat": 1.0007780794871983,
        "ess_bulk": 4296.082270300177
      },
      "sigma_motor": {
        "mean": 11.604464530944824,
        "median": 11.551246643066406,
        "sd": 1.0364190340042114,
        "hdi_2.5": 9.63334846496582,
        "hdi_97.5": 13.686657905578613,
        "rhat": 1.0003398626748574,
        "ess_bulk": 4644.035415411206
      },
      "sigma_LR": {
        "mean": 5.036792755126953,
        "median": 5.014482498168945,
        "sd": 0.5294724106788635,
        "hdi_2.5": 4.050172328948975,
        "hdi_97.5": 6.10466194152832,
        "rhat": 1.000211217971577,
        "ess_bulk": 4879.381476660004
      }
    },
    "n_divergences": 0,
    "n_chains": 4,
    "n_samples_per_chain": 2000
  },
  "behavior": {
    "r_obs_vs_pred": -0.08137402482368264,
    "rmse": 46.53275235401432,
    "mae": 18.156693725774325,
    "n_trials": 193
  },
  "elapsed_seconds": 49.03058624267578
}