{
  "subject_idx": 67,
  "subject_id": "SP_082001",
  "is_patient": true,
  "condition": "changepoint",
  "n_trials": 194,
  "n_blocks": 2,
  "sub_blocks_avoid_seek": [
    0,
    1
  ],
  "mcmc_config": {
    "num_warmup": 2000,
    "num_samples": 2000,
    "num_chains": 4
  },
  "fit": {
    "dataset_idx": 67,
    "condition": "changepoint",
    "status": "PASS",
    "attempts": [
      {
        "attempt": 1,
        "num_warmup": 2000,
        "target_accept_prob": 0.95,
        "rhat_max": 1.001770093462198,
        "ess_min": 3109.414908343852,
        "n_divergences": 0,
        "passes_rhat": true,
        "passes_ess": true,
        "passes_gate": true
      }
    ],
    "params": {
      "H": {
        "mean": 0.002644840395078063,
        "median": 0.0019459679024294019,
        "sd": 0.0024124381598085165,
        "hdi_2.5": 2.5225635909009725e-05,
        "hdi_97.5": 0.007579306606203318,
        "rhat": 1.0007114730415962,
        "ess_bulk": 3289.227827226241
      },
      "LW": {
        "mean": 0.2051163613796234,
        "median": 0.1999448537826538,
        "sd": 0.03533421829342842,
        "hdi_2.5": 0.1429162174463272,
        "hdi_97.5": 0.27563637495040894,
        "rhat": 1.0005336265880431,
        "ess_bulk": 3109.414908343852
      },
      "log_UU": {
        "mean": 1.3561972379684448,
        "median": 1.3369009494781494,
        "sd": 0.341683566570282,
        "hdi_2.5": 0.7189404964447021,
        "hdi_97.5": 2.032381296157837,
        "rhat": 1.00031311052429,
        "ess_bulk": 4234.148223144312
      },
      "sigma_motor": {
        "mean": 29.642480850219727,
        "median": 29.580463409423828,
        "sd": 1.6508878469467163,
        "hdi_2.5": 26.50246810913086,
        "hdi_97.5": 32.95885467529297,
        "rhat": 1.0003533932936648,
        "ess_bulk": 5160.974644585132
      },
      "sigma_LR": {
        "mean": 2.696498155593872,
        "median": 2.6488025188446045,
        "sd": 0.5322548747062683,
        "hdi_2.5": 1.686487078666687,
        "hdi_97.5": 3.7348504066467285,
        "rhat": 1.001770093462198,
        "ess_bulk": 5600.6041445691935
      }
    },
    "n_divergences": 0,
    "n_chains": 4,
    "n_samples_per_chain": 2000
  },
  "behavior": {
    "r_obs_vs_pred": -0.03922330970163472,
    "rmse": 51.087926494110484,
    "mae": 21.363546152713763,
    "n_trials": 193
  },
  "elapsed_seconds": 72.41619324684143
}