{
  "subject_idx": 64,
  "subject_id": "SP_078513",
  "is_patient": true,
  "condition": "oddball",
  "n_trials": 194,
  "n_blocks": 2,
  "sub_blocks_avoid_seek": [
    2,
    3
  ],
  "mcmc_config": {
    "num_warmup": 2000,
    "num_samples": 2000,
    "num_chains": 4
  },
  "fit": {
    "dataset_idx": 64,
    "condition": "oddball",
    "status": "PASS",
    "attempts": [
      {
        "attempt": 1,
        "num_warmup": 2000,
        "target_accept_prob": 0.95,
        "rhat_max": 1.0029724208999764,
        "ess_min": 1816.1321913912932,
        "n_divergences": 0,
        "passes_rhat": true,
        "passes_ess": true,
        "passes_gate": true
      }
    ],
    "params": {
      "H": {
        "mean": 0.17203481495380402,
        "median": 0.1787564754486084,
        "sd": 0.08661960065364838,
        "hdi_2.5": 0.004982763901352882,
        "hdi_97.5": 0.30718350410461426,
        "rhat": 1.0022131549849138,
        "ess_bulk": 1858.6890711763845
      },
      "LW": {
        "mean": 0.03418523445725441,
        "median": 0.030311305075883865,
        "sd": 0.018186308443546295,
        "hdi_2.5": 0.004775521345436573,
        "hdi_97.5": 0.07338742911815643,
        "rhat": 1.0021294923045976,
        "ess_bulk": 1988.6795156871049
      },
      "log_UU": {
        "mean": 0.0035202857106924057,
        "median": 0.002393410075455904,
        "sd": 0.0036761502269655466,
        "hdi_2.5": 3.9734112533551524e-07,
        "hdi_97.5": 0.010792351327836514,
        "rhat": 1.0001655958470577,
        "ess_bulk": 3674.81069488792
      },
      "sigma_motor": {
        "mean": 36.063087463378906,
        "median": 35.93555450439453,
        "sd": 2.793233633041382,
        "hdi_2.5": 30.731735229492188,
        "hdi_97.5": 41.51519012451172,
        "rhat": 1.001079380323777,
        "ess_bulk": 2778.370165966971
      },
      "sigma_LR": {
        "mean": 3.057535171508789,
        "median": 3.0270025730133057,
        "sd": 0.5705535411834717,
        "hdi_2.5": 1.9365484714508057,
        "hdi_97.5": 4.173277854919434,
        "rhat": 1.000533252383848,
        "ess_bulk": 4602.74744057586
      }
    },
    "n_divergences": 0,
    "n_chains": 4,
    "n_samples_per_chain": 2000
  },
  "behavior": {
    "r_obs_vs_pred": -0.49549077156603294,
    "rmse": 66.55686439164941,
    "mae": 26.7418494908419,
    "n_trials": 193
  },
  "elapsed_seconds": 42.59387803077698
}