{
  "subject_idx": 120,
  "subject_id": "SP_085397",
  "is_patient": false,
  "condition": "oddball",
  "n_trials": 194,
  "n_blocks": 2,
  "sub_blocks_avoid_seek": [
    2,
    3
  ],
  "mcmc_config": {
    "num_warmup": 2000,
    "num_samples": 2000,
    "num_chains": 4
  },
  "fit": {
    "dataset_idx": 120,
    "condition": "oddball",
    "status": "PASS",
    "attempts": [
      {
        "attempt": 1,
        "num_warmup": 2000,
        "target_accept_prob": 0.95,
        "rhat_max": 1.0018102817841203,
        "ess_min": 3486.6288431160096,
        "n_divergences": 0,
        "passes_rhat": true,
        "passes_ess": true,
        "passes_gate": true
      }
    ],
    "params": {
      "H": {
        "mean": 0.3083394169807434,
        "median": 0.3078646659851074,
        "sd": 0.034004904329776764,
        "hdi_2.5": 0.23985736072063446,
        "hdi_97.5": 0.3720771372318268,
        "rhat": 1.001320665509498,
        "ess_bulk": 4364.838617105083
      },
      "LW": {
        "mean": 0.030888622626662254,
        "median": 0.03093624860048294,
        "sd": 0.01125767920166254,
        "hdi_2.5": 0.008416363038122654,
        "hdi_97.5": 0.05224348604679108,
        "rhat": 1.0016277714443784,
        "ess_bulk": 4067.9930832332884
      },
      "log_UU": {
        "mean": 0.0024230917915701866,
        "median": 0.0016763859894126654,
        "sd": 0.002392419381067157,
        "hdi_2.5": 3.9314667787948565e-07,
        "hdi_97.5": 0.007270426023751497,
        "rhat": 1.0001625755463497,
        "ess_bulk": 3502.2138025271443
      },
      "sigma_motor": {
        "mean": 10.982714653015137,
        "median": 10.906083106994629,
        "sd": 1.2666431665420532,
        "hdi_2.5": 8.58749008178711,
        "hdi_97.5": 13.476634979248047,
        "rhat": 1.0004868424221531,
        "ess_bulk": 3899.348158758232
      },
      "sigma_LR": {
        "mean": 4.411556243896484,
        "median": 4.390315055847168,
        "sd": 0.4322265386581421,
        "hdi_2.5": 3.590859889984131,
        "hdi_97.5": 5.2925310134887695,
        "rhat": 1.0001606370690475,
        "ess_bulk": 4037.356534754973
      }
    },
    "n_divergences": 0,
    "n_chains": 4,
    "n_samples_per_chain": 2000
  },
  "behavior": {
    "r_obs_vs_pred": -0.4756715568135941,
    "rmse": 51.100416702608136,
    "mae": 24.101667385200916,
    "n_trials": 193
  },
  "elapsed_seconds": 76.79901003837585
}