{
  "subject_idx": 132,
  "subject_id": "SP_086130",
  "is_patient": false,
  "condition": "changepoint",
  "n_trials": 194,
  "n_blocks": 2,
  "sub_blocks_avoid_seek": [
    0,
    1
  ],
  "mcmc_config": {
    "num_warmup": 2000,
    "num_samples": 2000,
    "num_chains": 4
  },
  "fit": {
    "dataset_idx": 132,
    "condition": "changepoint",
    "status": "PASS",
    "attempts": [
      {
        "attempt": 1,
        "num_warmup": 2000,
        "target_accept_prob": 0.95,
        "rhat_max": 1.0013710332321124,
        "ess_min": 3373.3139724722037,
        "n_divergences": 0,
        "passes_rhat": true,
        "passes_ess": true,
        "passes_gate": true
      }
    ],
    "params": {
      "H": {
        "mean": 0.006310143508017063,
        "median": 0.00539823155850172,
        "sd": 0.004175805952399969,
        "hdi_2.5": 0.00018765941786114126,
        "hdi_97.5": 0.01428247056901455,
        "rhat": 1.0000429148422505,
        "ess_bulk": 3575.2931348567413
      },
      "LW": {
        "mean": 0.04023561254143715,
        "median": 0.038225166499614716,
        "sd": 0.017956634983420372,
        "hdi_2.5": 0.00947632733732462,
        "hdi_97.5": 0.07571431249380112,
        "rhat": 1.0013710332321124,
        "ess_bulk": 3373.3139724722037
      },
      "log_UU": {
        "mean": 0.8762689232826233,
        "median": 0.8336150646209717,
        "sd": 0.3075728714466095,
        "hdi_2.5": 0.3563186526298523,
        "hdi_97.5": 1.4695066213607788,
        "rhat": 0.9999748929276521,
        "ess_bulk": 4251.9960564070125
      },
      "sigma_motor": {
        "mean": 40.48151397705078,
        "median": 40.41211700439453,
        "sd": 3.4682464599609375,
        "hdi_2.5": 33.85099411010742,
        "hdi_97.5": 47.21661376953125,
        "rhat": 1.0006798466131062,
        "ess_bulk": 3693.2066286582813
      },
      "sigma_LR": {
        "mean": 3.641986846923828,
        "median": 3.62953782081604,
        "sd": 0.8208944797515869,
        "hdi_2.5": 2.000173807144165,
        "hdi_97.5": 5.17792272567749,
        "rhat": 1.0004888719089782,
        "ess_bulk": 3998.536921432978
      }
    },
    "n_divergences": 0,
    "n_chains": 4,
    "n_samples_per_chain": 2000
  },
  "behavior": {
    "r_obs_vs_pred": -0.018143595478954232,
    "rmse": 59.571045745843655,
    "mae": 32.051028229281734,
    "n_trials": 193
  },
  "elapsed_seconds": 51.74144458770752
}