{
  "subject_idx": 103,
  "subject_id": "SP_066396",
  "is_patient": false,
  "condition": "changepoint",
  "n_trials": 194,
  "n_blocks": 2,
  "sub_blocks_avoid_seek": [
    0,
    1
  ],
  "mcmc_config": {
    "num_warmup": 2000,
    "num_samples": 2000,
    "num_chains": 4
  },
  "fit": {
    "dataset_idx": 103,
    "condition": "changepoint",
    "status": "PASS",
    "attempts": [
      {
        "attempt": 1,
        "num_warmup": 2000,
        "target_accept_prob": 0.95,
        "rhat_max": 1.0020117567756652,
        "ess_min": 3547.089489642366,
        "n_divergences": 0,
        "passes_rhat": true,
        "passes_ess": true,
        "passes_gate": true
      }
    ],
    "params": {
      "H": {
        "mean": 0.008568855002522469,
        "median": 0.00802830420434475,
        "sd": 0.003688368946313858,
        "hdi_2.5": 0.0024412551429122686,
        "hdi_97.5": 0.01582266017794609,
        "rhat": 1.0008507677372125,
        "ess_bulk": 3860.683113795459
      },
      "LW": {
        "mean": 0.1761060208082199,
        "median": 0.17837175726890564,
        "sd": 0.031507160514593124,
        "hdi_2.5": 0.1143108680844307,
        "hdi_97.5": 0.2365679293870926,
        "rhat": 1.0008176518317837,
        "ess_bulk": 3547.089489642366
      },
      "log_UU": {
        "mean": 0.8343749046325684,
        "median": 0.8214427828788757,
        "sd": 0.19126437604427338,
        "hdi_2.5": 0.48506882786750793,
        "hdi_97.5": 1.2135107517242432,
        "rhat": 1.0013435414616818,
        "ess_bulk": 4170.909050252271
      },
      "sigma_motor": {
        "mean": 11.515523910522461,
        "median": 11.435701370239258,
        "sd": 1.1764203310012817,
        "hdi_2.5": 9.344432830810547,
        "hdi_97.5": 13.923294067382812,
        "rhat": 1.0009747908830156,
        "ess_bulk": 4704.038925090153
      },
      "sigma_LR": {
        "mean": 4.368954181671143,
        "median": 4.344551086425781,
        "sd": 0.510042667388916,
        "hdi_2.5": 3.427581787109375,
        "hdi_97.5": 5.412548065185547,
        "rhat": 1.0006458487195333,
        "ess_bulk": 4974.875128086699
      }
    },
    "n_divergences": 0,
    "n_chains": 4,
    "n_samples_per_chain": 2000
  },
  "behavior": {
    "r_obs_vs_pred": -0.13469368480942673,
    "rmse": 43.173745700218994,
    "mae": 21.010462552116017,
    "n_trials": 193
  },
  "elapsed_seconds": 69.17693018913269
}