{
  "subject_idx": 121,
  "subject_id": "SP_085421",
  "is_patient": false,
  "condition": "oddball",
  "n_trials": 194,
  "n_blocks": 2,
  "sub_blocks_avoid_seek": [
    2,
    3
  ],
  "mcmc_config": {
    "num_warmup": 2000,
    "num_samples": 2000,
    "num_chains": 4
  },
  "fit": {
    "dataset_idx": 121,
    "condition": "oddball",
    "status": "PASS",
    "attempts": [
      {
        "attempt": 1,
        "num_warmup": 2000,
        "target_accept_prob": 0.95,
        "rhat_max": 1.0013331458581776,
        "ess_min": 4353.262053163607,
        "n_divergences": 0,
        "passes_rhat": true,
        "passes_ess": true,
        "passes_gate": true
      }
    ],
    "params": {
      "H": {
        "mean": 0.05452601611614227,
        "median": 0.04138898849487305,
        "sd": 0.04821862652897835,
        "hdi_2.5": 4.6107602429401595e-06,
        "hdi_97.5": 0.15226371586322784,
        "rhat": 1.0006428728129269,
        "ess_bulk": 6099.622457331231
      },
      "LW": {
        "mean": 0.6672850251197815,
        "median": 0.7094306945800781,
        "sd": 0.23619261384010315,
        "hdi_2.5": 0.22518563270568848,
        "hdi_97.5": 0.9999909400939941,
        "rhat": 1.0001491848018718,
        "ess_bulk": 6454.929349999587
      },
      "log_UU": {
        "mean": 3.9495487213134766,
        "median": 3.584117889404297,
        "sd": 2.4207773208618164,
        "hdi_2.5": 0.2549026906490326,
        "hdi_97.5": 8.722786903381348,
        "rhat": 1.000711745569985,
        "ess_bulk": 7393.43595548119
      },
      "sigma_motor": {
        "mean": 30.602230072021484,
        "median": 30.54253578186035,
        "sd": 1.518356204032898,
        "hdi_2.5": 27.767436981201172,
        "hdi_97.5": 33.69782257080078,
        "rhat": 1.001092995926025,
        "ess_bulk": 6040.029146797648
      },
      "sigma_LR": {
        "mean": 1.252872347831726,
        "median": 1.206909418106079,
        "sd": 0.6066169738769531,
        "hdi_2.5": 0.1461498886346817,
        "hdi_97.5": 2.451819896697998,
        "rhat": 1.0013331458581776,
        "ess_bulk": 4353.262053163607
      }
    },
    "n_divergences": 0,
    "n_chains": 4,
    "n_samples_per_chain": 2000
  },
  "behavior": {
    "r_obs_vs_pred": -0.22171994441747953,
    "rmse": 31.871493232717008,
    "mae": 21.920041705193576,
    "n_trials": 193
  },
  "elapsed_seconds": 59.54034996032715
}