{
  "subject_idx": 97,
  "subject_id": "SP_090461",
  "is_patient": true,
  "condition": "oddball",
  "n_trials": 194,
  "n_blocks": 2,
  "sub_blocks_avoid_seek": [
    2,
    3
  ],
  "mcmc_config": {
    "num_warmup": 2000,
    "num_samples": 2000,
    "num_chains": 4
  },
  "fit": {
    "dataset_idx": 97,
    "condition": "oddball",
    "status": "PASS",
    "attempts": [
      {
        "attempt": 1,
        "num_warmup": 2000,
        "target_accept_prob": 0.95,
        "rhat_max": 1.0012055373537354,
        "ess_min": 2670.112046637526,
        "n_divergences": 2,
        "passes_rhat": true,
        "passes_ess": true,
        "passes_gate": true
      }
    ],
    "params": {
      "H": {
        "mean": 0.05052876099944115,
        "median": 0.046617165207862854,
        "sd": 0.02231060341000557,
        "hdi_2.5": 0.015024807304143906,
        "hdi_97.5": 0.09503398090600967,
        "rhat": 1.0005330994513257,
        "ess_bulk": 2989.120538457702
      },
      "LW": {
        "mean": 0.0538666807115078,
        "median": 0.05458156019449234,
        "sd": 0.011537128128111362,
        "hdi_2.5": 0.03033398650586605,
        "hdi_97.5": 0.07489679753780365,
        "rhat": 1.0001975321029797,
        "ess_bulk": 2670.112046637526
      },
      "log_UU": {
        "mean": 0.02198994904756546,
        "median": 0.019976776093244553,
        "sd": 0.014218849129974842,
        "hdi_2.5": 2.9061757231829688e-05,
        "hdi_97.5": 0.048031266778707504,
        "rhat": 1.000485005209012,
        "ess_bulk": 3131.981937166879
      },
      "sigma_motor": {
        "mean": 30.75987434387207,
        "median": 30.68286895751953,
        "sd": 2.2019238471984863,
        "hdi_2.5": 26.502880096435547,
        "hdi_97.5": 35.01763916015625,
        "rhat": 1.0004316541423943,
        "ess_bulk": 4412.854912293062
      },
      "sigma_LR": {
        "mean": 3.475579023361206,
        "median": 3.4449243545532227,
        "sd": 0.54951411485672,
        "hdi_2.5": 2.4162964820861816,
        "hdi_97.5": 4.5338134765625,
        "rhat": 1.0012055373537354,
        "ess_bulk": 3682.7416949890653
      }
    },
    "n_divergences": 2,
    "n_chains": 4,
    "n_samples_per_chain": 2000
  },
  "behavior": {
    "r_obs_vs_pred": -0.4724911193917144,
    "rmse": 67.73903710347811,
    "mae": 27.301519934975886,
    "n_trials": 193
  },
  "elapsed_seconds": 51.22933292388916
}