{
  "subject_idx": 81,
  "subject_id": "SP_087524",
  "is_patient": true,
  "condition": "changepoint",
  "n_trials": 194,
  "n_blocks": 2,
  "sub_blocks_avoid_seek": [
    0,
    1
  ],
  "mcmc_config": {
    "num_warmup": 2000,
    "num_samples": 2000,
    "num_chains": 4
  },
  "fit": {
    "dataset_idx": 81,
    "condition": "changepoint",
    "status": "PASS",
    "attempts": [
      {
        "attempt": 1,
        "num_warmup": 2000,
        "target_accept_prob": 0.95,
        "rhat_max": 1.0029562048170901,
        "ess_min": 2985.301268611045,
        "n_divergences": 0,
        "passes_rhat": true,
        "passes_ess": true,
        "passes_gate": true
      }
    ],
    "params": {
      "H": {
        "mean": 0.023540617898106575,
        "median": 0.022750701755285263,
        "sd": 0.0074117789044976234,
        "hdi_2.5": 0.01026722602546215,
        "hdi_97.5": 0.03856378793716431,
        "rhat": 1.0008696947368065,
        "ess_bulk": 3193.292632367683
      },
      "LW": {
        "mean": 0.07908974587917328,
        "median": 0.07839269936084747,
        "sd": 0.02833358757197857,
        "hdi_2.5": 0.03134922310709953,
        "hdi_97.5": 0.11430574953556061,
        "rhat": 1.0029562048170901,
        "ess_bulk": 3162.4222323641525
      },
      "log_UU": {
        "mean": 0.9017490148544312,
        "median": 0.8893690705299377,
        "sd": 0.1875031441450119,
        "hdi_2.5": 0.5452918410301208,
        "hdi_97.5": 1.2664830684661865,
        "rhat": 1.0007932079028954,
        "ess_bulk": 3543.21955321154
      },
      "sigma_motor": {
        "mean": 14.975130081176758,
        "median": 14.929855346679688,
        "sd": 1.3487762212753296,
        "hdi_2.5": 12.3911714553833,
        "hdi_97.5": 17.62997817993164,
        "rhat": 1.0010146879335913,
        "ess_bulk": 5244.105072909416
      },
      "sigma_LR": {
        "mean": 4.213481903076172,
        "median": 4.18366813659668,
        "sd": 0.5475884675979614,
        "hdi_2.5": 3.171006202697754,
        "hdi_97.5": 5.294122695922852,
        "rhat": 1.0007951700346915,
        "ess_bulk": 5104.677983698764
      }
    },
    "n_divergences": 0,
    "n_chains": 4,
    "n_samples_per_chain": 2000
  },
  "behavior": {
    "r_obs_vs_pred": 0.012038033310217073,
    "rmse": 43.12040896818881,
    "mae": 22.839634758917317,
    "n_trials": 193
  },
  "elapsed_seconds": 58.41671299934387
}