{
  "subject_idx": 53,
  "subject_id": "SP_031274",
  "is_patient": true,
  "condition": "changepoint",
  "n_trials": 194,
  "n_blocks": 2,
  "sub_blocks_avoid_seek": [
    0,
    1
  ],
  "mcmc_config": {
    "num_warmup": 2000,
    "num_samples": 2000,
    "num_chains": 4
  },
  "fit": {
    "dataset_idx": 53,
    "condition": "changepoint",
    "status": "PASS",
    "attempts": [
      {
        "attempt": 1,
        "num_warmup": 2000,
        "target_accept_prob": 0.95,
        "rhat_max": 1.0012749894532507,
        "ess_min": 4983.47470472705,
        "n_divergences": 0,
        "passes_rhat": true,
        "passes_ess": true,
        "passes_gate": true
      }
    ],
    "params": {
      "H": {
        "mean": 0.006917208898812532,
        "median": 0.006404689513146877,
        "sd": 0.003086971817538142,
        "hdi_2.5": 0.001873287372291088,
        "hdi_97.5": 0.013177740387618542,
        "rhat": 1.000531189306854,
        "ess_bulk": 5040.534547258198
      },
      "LW": {
        "mean": 0.06402818113565445,
        "median": 0.0627610981464386,
        "sd": 0.014556920155882835,
        "hdi_2.5": 0.03557610511779785,
        "hdi_97.5": 0.09167422354221344,
        "rhat": 1.000391211056442,
        "ess_bulk": 5495.047810326703
      },
      "log_UU": {
        "mean": 1.2138664722442627,
        "median": 1.1983962059020996,
        "sd": 0.22347380220890045,
        "hdi_2.5": 0.8034049272537231,
        "hdi_97.5": 1.6710162162780762,
        "rhat": 1.0001786675504625,
        "ess_bulk": 6125.415488368877
      },
      "sigma_motor": {
        "mean": 29.637840270996094,
        "median": 29.56214714050293,
        "sd": 2.1324124336242676,
        "hdi_2.5": 25.647382736206055,
        "hdi_97.5": 33.91627502441406,
        "rhat": 1.0003787371362074,
        "ess_bulk": 5804.131694783343
      },
      "sigma_LR": {
        "mean": 4.684040069580078,
        "median": 4.668996810913086,
        "sd": 0.6141827702522278,
        "hdi_2.5": 3.462939739227295,
        "hdi_97.5": 5.846033096313477,
        "rhat": 1.0012749894532507,
        "ess_bulk": 5923.353303727133
      }
    },
    "n_divergences": 0,
    "n_chains": 4,
    "n_samples_per_chain": 2000
  },
  "behavior": {
    "r_obs_vs_pred": -0.07007813493765419,
    "rmse": 58.22154957770114,
    "mae": 28.167156716557752,
    "n_trials": 193
  },
  "elapsed_seconds": 34.080073833465576
}