{
  "subject_idx": 6,
  "subject_id": "SP_021407",
  "is_patient": true,
  "condition": "oddball",
  "n_trials": 394,
  "n_blocks": 2,
  "sub_blocks_avoid_seek": [
    2,
    3
  ],
  "mcmc_config": {
    "num_warmup": 2000,
    "num_samples": 2000,
    "num_chains": 4
  },
  "fit": {
    "dataset_idx": 6,
    "condition": "oddball",
    "status": "PASS",
    "attempts": [
      {
        "attempt": 1,
        "num_warmup": 2000,
        "target_accept_prob": 0.95,
        "rhat_max": 1.00122612574177,
        "ess_min": 3790.738795952842,
        "n_divergences": 0,
        "passes_rhat": true,
        "passes_ess": true,
        "passes_gate": true
      }
    ],
    "params": {
      "H": {
        "mean": 0.05492112785577774,
        "median": 0.039533182978630066,
        "sd": 0.050973545759916306,
        "hdi_2.5": 9.22085382626392e-05,
        "hdi_97.5": 0.15776793658733368,
        "rhat": 0.999901832559713,
        "ess_bulk": 4536.078336606579
      },
      "LW": {
        "mean": 0.6655112504959106,
        "median": 0.7030611634254456,
        "sd": 0.2353886365890503,
        "hdi_2.5": 0.22285115718841553,
        "hdi_97.5": 0.9997677206993103,
        "rhat": 1.0006791830590034,
        "ess_bulk": 5823.62200355855
      },
      "log_UU": {
        "mean": 3.9448401927948,
        "median": 3.5972342491149902,
        "sd": 2.4474778175354004,
        "hdi_2.5": 0.13686631619930267,
        "hdi_97.5": 8.721107482910156,
        "rhat": 1.0004270568592228,
        "ess_bulk": 6695.412856421337
      },
      "sigma_motor": {
        "mean": 21.000213623046875,
        "median": 20.972843170166016,
        "sd": 0.7348981499671936,
        "hdi_2.5": 19.56684684753418,
        "hdi_97.5": 22.38370132446289,
        "rhat": 1.0009601793788914,
        "ess_bulk": 5913.630269964296
      },
      "sigma_LR": {
        "mean": 0.697019100189209,
        "median": 0.5694581270217896,
        "sd": 0.5562919974327087,
        "hdi_2.5": 1.1290131624264177e-05,
        "hdi_97.5": 1.7712547779083252,
        "rhat": 1.00122612574177,
        "ess_bulk": 3790.738795952842
      }
    },
    "n_divergences": 0,
    "n_chains": 4,
    "n_samples_per_chain": 2000
  },
  "behavior": {
    "r_obs_vs_pred": -0.034416450373285334,
    "rmse": 21.069565069525517,
    "mae": 12.168677043285802,
    "n_trials": 393
  },
  "elapsed_seconds": 58.6315279006958
}