{
  "subject_idx": 71,
  "subject_id": "SP_083880",
  "is_patient": true,
  "condition": "oddball",
  "n_trials": 194,
  "n_blocks": 2,
  "sub_blocks_avoid_seek": [
    2,
    3
  ],
  "mcmc_config": {
    "num_warmup": 2000,
    "num_samples": 2000,
    "num_chains": 4
  },
  "fit": {
    "dataset_idx": 71,
    "condition": "oddball",
    "status": "PASS",
    "attempts": [
      {
        "attempt": 1,
        "num_warmup": 2000,
        "target_accept_prob": 0.95,
        "rhat_max": 1.0012914778290534,
        "ess_min": 2870.3790735793264,
        "n_divergences": 0,
        "passes_rhat": true,
        "passes_ess": true,
        "passes_gate": true
      }
    ],
    "params": {
      "H": {
        "mean": 0.1530996412038803,
        "median": 0.14911212027072906,
        "sd": 0.074234239757061,
        "hdi_2.5": 0.011782877147197723,
        "hdi_97.5": 0.2915412187576294,
        "rhat": 1.0005920557587373,
        "ess_bulk": 3252.8175634445533
      },
      "LW": {
        "mean": 0.062089838087558746,
        "median": 0.04719255864620209,
        "sd": 0.05318479239940643,
        "hdi_2.5": 0.0003569810069166124,
        "hdi_97.5": 0.16937996447086334,
        "rhat": 1.0012292920998553,
        "ess_bulk": 2870.3790735793264
      },
      "log_UU": {
        "mean": 0.008210853673517704,
        "median": 0.005340295843780041,
        "sd": 0.009206444956362247,
        "hdi_2.5": 4.089623416803079e-06,
        "hdi_97.5": 0.025975137948989868,
        "rhat": 1.0006891827192284,
        "ess_bulk": 3274.336967518453
      },
      "sigma_motor": {
        "mean": 23.98225212097168,
        "median": 23.900283813476562,
        "sd": 1.940582513809204,
        "hdi_2.5": 20.32162094116211,
        "hdi_97.5": 27.909027099609375,
        "rhat": 1.0006837703248346,
        "ess_bulk": 3754.8254773538292
      },
      "sigma_LR": {
        "mean": 2.840040922164917,
        "median": 2.8165974617004395,
        "sd": 0.5393763184547424,
        "hdi_2.5": 1.83749520778656,
        "hdi_97.5": 3.9436700344085693,
        "rhat": 1.000737875525557,
        "ess_bulk": 5040.379949167468
      }
    },
    "n_divergences": 0,
    "n_chains": 4,
    "n_samples_per_chain": 2000
  },
  "behavior": {
    "r_obs_vs_pred": -0.3825236536505189,
    "rmse": 35.926225569280945,
    "mae": 20.104660910496325,
    "n_trials": 193
  },
  "elapsed_seconds": 71.09732985496521
}