{
  "subject_idx": 12,
  "subject_id": "SP_055271",
  "is_patient": true,
  "condition": "changepoint",
  "n_trials": 194,
  "n_blocks": 2,
  "sub_blocks_avoid_seek": [
    0,
    1
  ],
  "mcmc_config": {
    "num_warmup": 2000,
    "num_samples": 2000,
    "num_chains": 4
  },
  "fit": {
    "dataset_idx": 12,
    "condition": "changepoint",
    "status": "PASS",
    "attempts": [
      {
        "attempt": 1,
        "num_warmup": 2000,
        "target_accept_prob": 0.95,
        "rhat_max": 1.0010145185453894,
        "ess_min": 4434.257563272169,
        "n_divergences": 0,
        "passes_rhat": true,
        "passes_ess": true,
        "passes_gate": true
      }
    ],
    "params": {
      "H": {
        "mean": 0.007131291553378105,
        "median": 0.006307356525212526,
        "sd": 0.004125941079109907,
        "hdi_2.5": 0.0011050174944102764,
        "hdi_97.5": 0.015506814233958721,
        "rhat": 1.0003666183217863,
        "ess_bulk": 4484.418559829423
      },
      "LW": {
        "mean": 0.052032820880413055,
        "median": 0.05018143355846405,
        "sd": 0.015954971313476562,
        "hdi_2.5": 0.023899322375655174,
        "hdi_97.5": 0.08559568226337433,
        "rhat": 1.0001928699922213,
        "ess_bulk": 4781.8576682592675
      },
      "log_UU": {
        "mean": 1.2687536478042603,
        "median": 1.2444053888320923,
        "sd": 0.3351312577724457,
        "hdi_2.5": 0.6869422197341919,
        "hdi_97.5": 1.9630887508392334,
        "rhat": 1.0009963734147898,
        "ess_bulk": 5742.761189846137
      },
      "sigma_motor": {
        "mean": 37.28245162963867,
        "median": 37.236061096191406,
        "sd": 2.187710762023926,
        "hdi_2.5": 33.27284622192383,
        "hdi_97.5": 41.74164962768555,
        "rhat": 1.0005041308642053,
        "ess_bulk": 5606.870303645751
      },
      "sigma_LR": {
        "mean": 3.5345544815063477,
        "median": 3.5068066120147705,
        "sd": 0.6594738960266113,
        "hdi_2.5": 2.2295501232147217,
        "hdi_97.5": 4.821234703063965,
        "rhat": 1.000207621053166,
        "ess_bulk": 4943.355050126977
      }
    },
    "n_divergences": 0,
    "n_chains": 4,
    "n_samples_per_chain": 2000
  },
  "behavior": {
    "r_obs_vs_pred": -0.017435464167935413,
    "rmse": 55.360769661040834,
    "mae": 25.121583815929455,
    "n_trials": 193
  },
  "elapsed_seconds": 47.530627489089966
}