{
  "subject_idx": 9,
  "subject_id": "SP_051030",
  "is_patient": true,
  "condition": "changepoint",
  "n_trials": 194,
  "n_blocks": 2,
  "sub_blocks_avoid_seek": [
    0,
    1
  ],
  "mcmc_config": {
    "num_warmup": 2000,
    "num_samples": 2000,
    "num_chains": 4
  },
  "fit": {
    "dataset_idx": 9,
    "condition": "changepoint",
    "status": "PASS",
    "attempts": [
      {
        "attempt": 1,
        "num_warmup": 2000,
        "target_accept_prob": 0.95,
        "rhat_max": 1.002587273468961,
        "ess_min": 3990.9679639788988,
        "n_divergences": 0,
        "passes_rhat": true,
        "passes_ess": true,
        "passes_gate": true
      }
    ],
    "params": {
      "H": {
        "mean": 0.008397197350859642,
        "median": 0.008078433573246002,
        "sd": 0.002938782097771764,
        "hdi_2.5": 0.0030606004875153303,
        "hdi_97.5": 0.014350284822285175,
        "rhat": 1.0010992828627308,
        "ess_bulk": 4125.286013475303
      },
      "LW": {
        "mean": 0.14463640749454498,
        "median": 0.1440727263689041,
        "sd": 0.021293198689818382,
        "hdi_2.5": 0.10442397743463516,
        "hdi_97.5": 0.18761281669139862,
        "rhat": 1.0022539035513391,
        "ess_bulk": 4065.7382125082527
      },
      "log_UU": {
        "mean": 1.0389858484268188,
        "median": 1.0333449840545654,
        "sd": 0.15742811560630798,
        "hdi_2.5": 0.7406013607978821,
        "hdi_97.5": 1.356069564819336,
        "rhat": 1.0003570545605407,
        "ess_bulk": 4522.34038769682
      },
      "sigma_motor": {
        "mean": 18.540048599243164,
        "median": 18.47161865234375,
        "sd": 2.129319429397583,
        "hdi_2.5": 14.460948944091797,
        "hdi_97.5": 22.753883361816406,
        "rhat": 1.0005399383681624,
        "ess_bulk": 4352.243785403514
      },
      "sigma_LR": {
        "mean": 6.121747970581055,
        "median": 6.110899925231934,
        "sd": 0.7581906318664551,
        "hdi_2.5": 4.591579437255859,
        "hdi_97.5": 7.5742621421813965,
        "rhat": 1.0001929116802326,
        "ess_bulk": 4405.043095547209
      }
    },
    "n_divergences": 0,
    "n_chains": 4,
    "n_samples_per_chain": 2000
  },
  "behavior": {
    "r_obs_vs_pred": -0.2120851655099319,
    "rmse": 55.60685586337182,
    "mae": 22.26732130526261,
    "n_trials": 193
  },
  "elapsed_seconds": 37.52213430404663
}