{
  "subject_idx": 57,
  "subject_id": "SP_059152",
  "is_patient": true,
  "condition": "changepoint",
  "n_trials": 194,
  "n_blocks": 2,
  "sub_blocks_avoid_seek": [
    0,
    1
  ],
  "mcmc_config": {
    "num_warmup": 2000,
    "num_samples": 2000,
    "num_chains": 4
  },
  "fit": {
    "dataset_idx": 57,
    "condition": "changepoint",
    "status": "PASS",
    "attempts": [
      {
        "attempt": 1,
        "num_warmup": 2000,
        "target_accept_prob": 0.95,
        "rhat_max": 1.0013866786252097,
        "ess_min": 4410.764031896401,
        "n_divergences": 0,
        "passes_rhat": true,
        "passes_ess": true,
        "passes_gate": true
      }
    ],
    "params": {
      "H": {
        "mean": 0.012035137042403221,
        "median": 0.011418228968977928,
        "sd": 0.004655639175325632,
        "hdi_2.5": 0.0034270493779331446,
        "hdi_97.5": 0.021043697372078896,
        "rhat": 1.0002215346424355,
        "ess_bulk": 4841.867073424008
      },
      "LW": {
        "mean": 0.11323960870504379,
        "median": 0.11208012700080872,
        "sd": 0.027664106339216232,
        "hdi_2.5": 0.0601281076669693,
        "hdi_97.5": 0.1660463958978653,
        "rhat": 1.000320508578335,
        "ess_bulk": 4410.764031896401
      },
      "log_UU": {
        "mean": 1.1967856884002686,
        "median": 1.1855924129486084,
        "sd": 0.21718730032444,
        "hdi_2.5": 0.7892520427703857,
        "hdi_97.5": 1.6313117742538452,
        "rhat": 1.0002662261147692,
        "ess_bulk": 5405.149421665489
      },
      "sigma_motor": {
        "mean": 17.227933883666992,
        "median": 17.187210083007812,
        "sd": 1.6613928079605103,
        "hdi_2.5": 14.071767807006836,
        "hdi_97.5": 20.53554916381836,
        "rhat": 1.0000089930479756,
        "ess_bulk": 5111.261720306504
      },
      "sigma_LR": {
        "mean": 4.103822231292725,
        "median": 4.072146892547607,
        "sd": 0.5998072624206543,
        "hdi_2.5": 2.9804790019989014,
        "hdi_97.5": 5.298563003540039,
        "rhat": 1.0003111147396122,
        "ess_bulk": 5325.237997446595
      }
    },
    "n_divergences": 0,
    "n_chains": 4,
    "n_samples_per_chain": 2000
  },
  "behavior": {
    "r_obs_vs_pred": -0.05486606195845073,
    "rmse": 48.906241677907246,
    "mae": 22.151060616949795,
    "n_trials": 193
  },
  "elapsed_seconds": 47.4773952960968
}