{
  "subject_idx": 98,
  "subject_id": "SP_090483",
  "is_patient": true,
  "condition": "changepoint",
  "n_trials": 194,
  "n_blocks": 2,
  "sub_blocks_avoid_seek": [
    0,
    1
  ],
  "mcmc_config": {
    "num_warmup": 2000,
    "num_samples": 2000,
    "num_chains": 4
  },
  "fit": {
    "dataset_idx": 98,
    "condition": "changepoint",
    "status": "PASS",
    "attempts": [
      {
        "attempt": 1,
        "num_warmup": 2000,
        "target_accept_prob": 0.95,
        "rhat_max": 1.0023778342777183,
        "ess_min": 2671.356461110319,
        "n_divergences": 0,
        "passes_rhat": true,
        "passes_ess": true,
        "passes_gate": true
      }
    ],
    "params": {
      "H": {
        "mean": 0.0012640731874853373,
        "median": 0.001095641404390335,
        "sd": 0.0007160347886383533,
        "hdi_2.5": 0.0002310341369593516,
        "hdi_97.5": 0.0026657446287572384,
        "rhat": 1.001118754534981,
        "ess_bulk": 2939.2355220132367
      },
      "LW": {
        "mean": 0.16247092187404633,
        "median": 0.16243690252304077,
        "sd": 0.011365788988769054,
        "hdi_2.5": 0.13963176310062408,
        "hdi_97.5": 0.18379443883895874,
        "rhat": 1.0011876037619696,
        "ess_bulk": 2689.015137765292
      },
      "log_UU": {
        "mean": 0.9377256035804749,
        "median": 0.9251596331596375,
        "sd": 0.19563303887844086,
        "hdi_2.5": 0.5652358531951904,
        "hdi_97.5": 1.3167328834533691,
        "rhat": 1.0013190292621592,
        "ess_bulk": 3549.8280913307913
      },
      "sigma_motor": {
        "mean": 18.301237106323242,
        "median": 18.23439598083496,
        "sd": 1.4128574132919312,
        "hdi_2.5": 15.617254257202148,
        "hdi_97.5": 21.081710815429688,
        "rhat": 1.000492389357434,
        "ess_bulk": 4624.87423979355
      },
      "sigma_LR": {
        "mean": 6.1484551429748535,
        "median": 6.141424655914307,
        "sd": 0.6550482511520386,
        "hdi_2.5": 4.863372802734375,
        "hdi_97.5": 7.437723636627197,
        "rhat": 1.0002897463221203,
        "ess_bulk": 4512.928962965029
      }
    },
    "n_divergences": 0,
    "n_chains": 4,
    "n_samples_per_chain": 2000
  },
  "behavior": {
    "r_obs_vs_pred": -0.14068902975301145,
    "rmse": 74.27763812619826,
    "mae": 29.8332156047944,
    "n_trials": 193
  },
  "elapsed_seconds": 108.53383612632751
}