{
  "subject_idx": 39,
  "subject_id": "SP_083902",
  "is_patient": true,
  "condition": "changepoint",
  "n_trials": 194,
  "n_blocks": 2,
  "sub_blocks_avoid_seek": [
    0,
    1
  ],
  "mcmc_config": {
    "num_warmup": 2000,
    "num_samples": 2000,
    "num_chains": 4
  },
  "fit": {
    "dataset_idx": 39,
    "condition": "changepoint",
    "status": "PASS",
    "attempts": [
      {
        "attempt": 1,
        "num_warmup": 2000,
        "target_accept_prob": 0.95,
        "rhat_max": 1.0020313096477647,
        "ess_min": 3036.04566456014,
        "n_divergences": 0,
        "passes_rhat": true,
        "passes_ess": true,
        "passes_gate": true
      }
    ],
    "params": {
      "H": {
        "mean": 0.002141068922355771,
        "median": 0.0019043192733079195,
        "sd": 0.0012277198256924748,
        "hdi_2.5": 0.00024977989960461855,
        "hdi_97.5": 0.00453146593645215,
        "rhat": 1.0009664548594084,
        "ess_bulk": 3255.474101659181
      },
      "LW": {
        "mean": 0.17362844944000244,
        "median": 0.17278888821601868,
        "sd": 0.013833909295499325,
        "hdi_2.5": 0.14664052426815033,
        "hdi_97.5": 0.20064733922481537,
        "rhat": 1.0009044175307575,
        "ess_bulk": 3036.04566456014
      },
      "log_UU": {
        "mean": 0.7889998555183411,
        "median": 0.7833940386772156,
        "sd": 0.1551702916622162,
        "hdi_2.5": 0.4876019358634949,
        "hdi_97.5": 1.0899369716644287,
        "rhat": 1.0001583765703839,
        "ess_bulk": 4084.737524349616
      },
      "sigma_motor": {
        "mean": 16.8873348236084,
        "median": 16.826560974121094,
        "sd": 1.613474726676941,
        "hdi_2.5": 13.965303421020508,
        "hdi_97.5": 20.156478881835938,
        "rhat": 1.0020313096477647,
        "ess_bulk": 3455.2708279597764
      },
      "sigma_LR": {
        "mean": 5.2020263671875,
        "median": 5.199517726898193,
        "sd": 0.7144436836242676,
        "hdi_2.5": 3.7402896881103516,
        "hdi_97.5": 6.566107273101807,
        "rhat": 1.0005037597684787,
        "ess_bulk": 4088.8808151360267
      }
    },
    "n_divergences": 0,
    "n_chains": 4,
    "n_samples_per_chain": 2000
  },
  "behavior": {
    "r_obs_vs_pred": 0.013560573726161509,
    "rmse": 59.14104229357438,
    "mae": 23.54014676773361,
    "n_trials": 193
  },
  "elapsed_seconds": 44.29432773590088
}