{
  "subject_idx": 20,
  "subject_id": "SP_063145",
  "is_patient": true,
  "condition": "changepoint",
  "n_trials": 194,
  "n_blocks": 2,
  "sub_blocks_avoid_seek": [
    0,
    1
  ],
  "mcmc_config": {
    "num_warmup": 2000,
    "num_samples": 2000,
    "num_chains": 4
  },
  "fit": {
    "dataset_idx": 20,
    "condition": "changepoint",
    "status": "PASS",
    "attempts": [
      {
        "attempt": 1,
        "num_warmup": 2000,
        "target_accept_prob": 0.95,
        "rhat_max": 1.002296005613465,
        "ess_min": 3067.316626443244,
        "n_divergences": 0,
        "passes_rhat": true,
        "passes_ess": true,
        "passes_gate": true
      }
    ],
    "params": {
      "H": {
        "mean": 0.010513581335544586,
        "median": 0.010427204892039299,
        "sd": 0.0017028491711243987,
        "hdi_2.5": 0.007311830297112465,
        "hdi_97.5": 0.013894353993237019,
        "rhat": 1.0007968848949935,
        "ess_bulk": 4112.9668359519865
      },
      "LW": {
        "mean": 0.35494017601013184,
        "median": 0.35531333088874817,
        "sd": 0.0324658527970314,
        "hdi_2.5": 0.29180410504341125,
        "hdi_97.5": 0.41626545786857605,
        "rhat": 1.0008147039494568,
        "ess_bulk": 3246.4433179461084
      },
      "log_UU": {
        "mean": 0.7565544843673706,
        "median": 0.7559407949447632,
        "sd": 0.08221784234046936,
        "hdi_2.5": 0.5994762182235718,
        "hdi_97.5": 0.9203441143035889,
        "rhat": 1.001128709537572,
        "ess_bulk": 4376.291326108344
      },
      "sigma_motor": {
        "mean": 1.3274648189544678,
        "median": 1.3071660995483398,
        "sd": 0.2549484968185425,
        "hdi_2.5": 0.8422184586524963,
        "hdi_97.5": 1.8226383924484253,
        "rhat": 1.00024872612353,
        "ess_bulk": 5002.265453999292
      },
      "sigma_LR": {
        "mean": 7.439824104309082,
        "median": 7.419902324676514,
        "sd": 0.4791690409183502,
        "hdi_2.5": 6.503401279449463,
        "hdi_97.5": 8.386658668518066,
        "rhat": 1.0007294248290082,
        "ess_bulk": 4733.131591621089
      }
    },
    "n_divergences": 0,
    "n_chains": 4,
    "n_samples_per_chain": 2000
  },
  "behavior": {
    "r_obs_vs_pred": -0.024568528620871305,
    "rmse": 58.59710776293925,
    "mae": 21.82088002690399,
    "n_trials": 193
  },
  "elapsed_seconds": 98.77942514419556
}