{
  "subject_idx": 47,
  "subject_id": "SP_009595",
  "is_patient": true,
  "condition": "changepoint",
  "n_trials": 194,
  "n_blocks": 2,
  "sub_blocks_avoid_seek": [
    0,
    1
  ],
  "mcmc_config": {
    "num_warmup": 2000,
    "num_samples": 2000,
    "num_chains": 4
  },
  "fit": {
    "dataset_idx": 47,
    "condition": "changepoint",
    "status": "PASS",
    "attempts": [
      {
        "attempt": 1,
        "num_warmup": 2000,
        "target_accept_prob": 0.95,
        "rhat_max": 1.001203322460968,
        "ess_min": 3525.66010780114,
        "n_divergences": 0,
        "passes_rhat": true,
        "passes_ess": true,
        "passes_gate": true
      }
    ],
    "params": {
      "H": {
        "mean": 0.0056684291921556,
        "median": 0.005448229610919952,
        "sd": 0.0018893748056143522,
        "hdi_2.5": 0.002312011318281293,
        "hdi_97.5": 0.009437689557671547,
        "rhat": 1.000320208998995,
        "ess_bulk": 3896.6690767290333
      },
      "LW": {
        "mean": 0.2139250636100769,
        "median": 0.2123131901025772,
        "sd": 0.030703339725732803,
        "hdi_2.5": 0.15434323251247406,
        "hdi_97.5": 0.27515798807144165,
        "rhat": 0.9999447540382296,
        "ess_bulk": 4523.402776084864
      },
      "log_UU": {
        "mean": 1.059259057044983,
        "median": 1.054182767868042,
        "sd": 0.1506328135728836,
        "hdi_2.5": 0.7600927948951721,
        "hdi_97.5": 1.3531612157821655,
        "rhat": 1.000203066408294,
        "ess_bulk": 4538.330699481579
      },
      "sigma_motor": {
        "mean": 6.40360689163208,
        "median": 6.3768157958984375,
        "sd": 1.185680866241455,
        "hdi_2.5": 4.12755823135376,
        "hdi_97.5": 8.762434959411621,
        "rhat": 1.0007129118139118,
        "ess_bulk": 4383.465307834483
      },
      "sigma_LR": {
        "mean": 4.744322299957275,
        "median": 4.720458984375,
        "sd": 0.6109460592269897,
        "hdi_2.5": 3.5225722789764404,
        "hdi_97.5": 5.905983924865723,
        "rhat": 1.0003431898865354,
        "ess_bulk": 5016.180056778629
      }
    },
    "n_divergences": 0,
    "n_chains": 4,
    "n_samples_per_chain": 2000
  },
  "behavior": {
    "r_obs_vs_pred": 0.047446262111659795,
    "rmse": 38.89002781722501,
    "mae": 16.612105225963237,
    "n_trials": 193
  },
  "elapsed_seconds": 74.09748244285583
}