{
  "subject_idx": 90,
  "subject_id": "SP_089515",
  "is_patient": true,
  "condition": "oddball",
  "n_trials": 194,
  "n_blocks": 2,
  "sub_blocks_avoid_seek": [
    2,
    3
  ],
  "mcmc_config": {
    "num_warmup": 2000,
    "num_samples": 2000,
    "num_chains": 4
  },
  "fit": {
    "dataset_idx": 90,
    "condition": "oddball",
    "status": "PASS",
    "attempts": [
      {
        "attempt": 1,
        "num_warmup": 2000,
        "target_accept_prob": 0.95,
        "rhat_max": 1.0019003155573807,
        "ess_min": 4527.35061009973,
        "n_divergences": 0,
        "passes_rhat": true,
        "passes_ess": true,
        "passes_gate": true
      }
    ],
    "params": {
      "H": {
        "mean": 0.05762472376227379,
        "median": 0.043604739010334015,
        "sd": 0.05041152611374855,
        "hdi_2.5": 6.9309412538132165e-06,
        "hdi_97.5": 0.15787075459957123,
        "rhat": 1.0001628140713166,
        "ess_bulk": 5884.998246979226
      },
      "LW": {
        "mean": 0.6628406047821045,
        "median": 0.7024263143539429,
        "sd": 0.23395037651062012,
        "hdi_2.5": 0.23068055510520935,
        "hdi_97.5": 0.9999825954437256,
        "rhat": 1.0007753104652168,
        "ess_bulk": 7443.189092343553
      },
      "log_UU": {
        "mean": 3.923989772796631,
        "median": 3.5400261878967285,
        "sd": 2.4056427478790283,
        "hdi_2.5": 0.17845319211483002,
        "hdi_97.5": 8.5402250289917,
        "rhat": 1.000384740229364,
        "ess_bulk": 7627.994258799193
      },
      "sigma_motor": {
        "mean": 12.870173454284668,
        "median": 12.847972869873047,
        "sd": 0.6505755186080933,
        "hdi_2.5": 11.611166000366211,
        "hdi_97.5": 14.17703628540039,
        "rhat": 1.0019003155573807,
        "ess_bulk": 7343.952781619554
      },
      "sigma_LR": {
        "mean": 0.651750385761261,
        "median": 0.5478054285049438,
        "sd": 0.5013136267662048,
        "hdi_2.5": 4.1976498323492706e-05,
        "hdi_97.5": 1.6365973949432373,
        "rhat": 1.0006057545440685,
        "ess_bulk": 4527.35061009973
      }
    },
    "n_divergences": 0,
    "n_chains": 4,
    "n_samples_per_chain": 2000
  },
  "behavior": {
    "r_obs_vs_pred": -0.04462192632496997,
    "rmse": 12.887102508515758,
    "mae": 6.879306061773292,
    "n_trials": 193
  },
  "elapsed_seconds": 52.546321868896484
}