{
  "subject_idx": 27,
  "subject_id": "SP_071594",
  "is_patient": true,
  "condition": "oddball",
  "n_trials": 394,
  "n_blocks": 2,
  "sub_blocks_avoid_seek": [
    2,
    3
  ],
  "mcmc_config": {
    "num_warmup": 2000,
    "num_samples": 2000,
    "num_chains": 4
  },
  "fit": {
    "dataset_idx": 27,
    "condition": "oddball",
    "status": "PASS",
    "attempts": [
      {
        "attempt": 1,
        "num_warmup": 2000,
        "target_accept_prob": 0.95,
        "rhat_max": 1.0010650129084346,
        "ess_min": 5896.093002559531,
        "n_divergences": 0,
        "passes_rhat": true,
        "passes_ess": true,
        "passes_gate": true
      }
    ],
    "params": {
      "H": {
        "mean": 0.049869220703840256,
        "median": 0.036662399768829346,
        "sd": 0.04512997344136238,
        "hdi_2.5": 4.36547416029498e-05,
        "hdi_97.5": 0.14006389677524567,
        "rhat": 1.0000648212073895,
        "ess_bulk": 6465.741839064524
      },
      "LW": {
        "mean": 0.7113856673240662,
        "median": 0.7413349151611328,
        "sd": 0.19719453155994415,
        "hdi_2.5": 0.3584274351596832,
        "hdi_97.5": 0.9999567270278931,
        "rhat": 1.000587433996634,
        "ess_bulk": 6030.608018222383
      },
      "log_UU": {
        "mean": 4.627951622009277,
        "median": 4.340497016906738,
        "sd": 2.2497477531433105,
        "hdi_2.5": 0.8854142427444458,
        "hdi_97.5": 9.1023530960083,
        "rhat": 1.0001534657625526,
        "ess_bulk": 6593.760541062114
      },
      "sigma_motor": {
        "mean": 15.981115341186523,
        "median": 15.964969635009766,
        "sd": 0.5583444833755493,
        "hdi_2.5": 14.86689567565918,
        "hdi_97.5": 17.07077980041504,
        "rhat": 1.0000424563215589,
        "ess_bulk": 8241.186351273338
      },
      "sigma_LR": {
        "mean": 2.017650842666626,
        "median": 1.9727206230163574,
        "sd": 0.5760497450828552,
        "hdi_2.5": 0.9312674403190613,
        "hdi_97.5": 3.14853572845459,
        "rhat": 1.0010650129084346,
        "ess_bulk": 7711.557282696735
      }
    },
    "n_divergences": 0,
    "n_chains": 4,
    "n_samples_per_chain": 2000
  },
  "behavior": {
    "r_obs_vs_pred": 0.358948258887437,
    "rmse": 16.83748263742591,
    "mae": 8.574738645075934,
    "n_trials": 393
  },
  "elapsed_seconds": 100.31355261802673
}