{
  "subject_idx": 97,
  "subject_id": "SP_090461",
  "is_patient": true,
  "condition": "changepoint",
  "n_trials": 194,
  "n_blocks": 2,
  "sub_blocks_avoid_seek": [
    0,
    1
  ],
  "mcmc_config": {
    "num_warmup": 2000,
    "num_samples": 2000,
    "num_chains": 4
  },
  "fit": {
    "dataset_idx": 97,
    "condition": "changepoint",
    "status": "PASS",
    "attempts": [
      {
        "attempt": 1,
        "num_warmup": 2000,
        "target_accept_prob": 0.95,
        "rhat_max": 1.0008435155461564,
        "ess_min": 4421.521167191749,
        "n_divergences": 0,
        "passes_rhat": true,
        "passes_ess": true,
        "passes_gate": true
      }
    ],
    "params": {
      "H": {
        "mean": 0.023547401651740074,
        "median": 0.023199014365673065,
        "sd": 0.004729401785880327,
        "hdi_2.5": 0.014928723685443401,
        "hdi_97.5": 0.03329358249902725,
        "rhat": 1.0003857089204136,
        "ess_bulk": 4568.894858013326
      },
      "LW": {
        "mean": 0.06128734350204468,
        "median": 0.06140085309743881,
        "sd": 0.013629131950438023,
        "hdi_2.5": 0.03411116451025009,
        "hdi_97.5": 0.0856996551156044,
        "rhat": 1.000218604911264,
        "ess_bulk": 5222.750531274217
      },
      "log_UU": {
        "mean": 0.940129280090332,
        "median": 0.9372199773788452,
        "sd": 0.13810913264751434,
        "hdi_2.5": 0.68194180727005,
        "hdi_97.5": 1.2145540714263916,
        "rhat": 1.0001088455406282,
        "ess_bulk": 5553.759654324811
      },
      "sigma_motor": {
        "mean": 6.726601600646973,
        "median": 6.672772407531738,
        "sd": 0.8885133862495422,
        "hdi_2.5": 5.1190690994262695,
        "hdi_97.5": 8.54226303100586,
        "rhat": 1.0006969603032534,
        "ess_bulk": 5844.480292071094
      },
      "sigma_LR": {
        "mean": 6.615689277648926,
        "median": 6.604406356811523,
        "sd": 0.5128974914550781,
        "hdi_2.5": 5.614309787750244,
        "hdi_97.5": 7.606478214263916,
        "rhat": 0.9999472116662392,
        "ess_bulk": 6348.125143841426
      }
    },
    "n_divergences": 0,
    "n_chains": 4,
    "n_samples_per_chain": 2000
  },
  "behavior": {
    "r_obs_vs_pred": -0.0626546707226723,
    "rmse": 51.66036681922668,
    "mae": 20.41800027842503,
    "n_trials": 193
  },
  "elapsed_seconds": 29.789145946502686
}