{
  "subject_idx": 28,
  "subject_id": "SP_073394",
  "is_patient": true,
  "condition": "oddball",
  "n_trials": 194,
  "n_blocks": 2,
  "sub_blocks_avoid_seek": [
    2,
    3
  ],
  "mcmc_config": {
    "num_warmup": 2000,
    "num_samples": 2000,
    "num_chains": 4
  },
  "fit": {
    "dataset_idx": 28,
    "condition": "oddball",
    "status": "PASS",
    "attempts": [
      {
        "attempt": 1,
        "num_warmup": 2000,
        "target_accept_prob": 0.95,
        "rhat_max": 1.0021382494154145,
        "ess_min": 1533.3064522577336,
        "n_divergences": 0,
        "passes_rhat": true,
        "passes_ess": true,
        "passes_gate": true
      }
    ],
    "params": {
      "H": {
        "mean": 0.034429144114255905,
        "median": 0.02214159071445465,
        "sd": 0.0363486148416996,
        "hdi_2.5": 9.839013728196733e-06,
        "hdi_97.5": 0.10890556871891022,
        "rhat": 1.0015167648688583,
        "ess_bulk": 3204.1197584957877
      },
      "LW": {
        "mean": 0.19679580628871918,
        "median": 0.13729345798492432,
        "sd": 0.15343734622001648,
        "hdi_2.5": 0.02854679524898529,
        "hdi_97.5": 0.5333811640739441,
        "rhat": 1.0017640027876398,
        "ess_bulk": 1791.757965123969
      },
      "log_UU": {
        "mean": 0.1602965146303177,
        "median": 0.1513131856918335,
        "sd": 0.10883764177560806,
        "hdi_2.5": 2.3232596504385583e-05,
        "hdi_97.5": 0.3529961407184601,
        "rhat": 1.0000410000519855,
        "ess_bulk": 1837.0801628517113
      },
      "sigma_motor": {
        "mean": 23.60122299194336,
        "median": 23.60393524169922,
        "sd": 1.3642746210098267,
        "hdi_2.5": 21.062965393066406,
        "hdi_97.5": 26.45306396484375,
        "rhat": 1.0010572773541344,
        "ess_bulk": 3248.824195333676
      },
      "sigma_LR": {
        "mean": 2.5104668140411377,
        "median": 2.474764823913574,
        "sd": 0.598376452922821,
        "hdi_2.5": 1.4011441469192505,
        "hdi_97.5": 3.700317621231079,
        "rhat": 0.9999942130656503,
        "ess_bulk": 4549.250795584086
      }
    },
    "n_divergences": 0,
    "n_chains": 4,
    "n_samples_per_chain": 2000
  },
  "behavior": {
    "r_obs_vs_pred": -0.26151132968827195,
    "rmse": 28.632767305919753,
    "mae": 19.130112485776152,
    "n_trials": 193
  },
  "elapsed_seconds": 90.0209448337555
}