{
  "subject_idx": 37,
  "subject_id": "SP_082023",
  "is_patient": true,
  "condition": "oddball",
  "n_trials": 194,
  "n_blocks": 2,
  "sub_blocks_avoid_seek": [
    2,
    3
  ],
  "mcmc_config": {
    "num_warmup": 2000,
    "num_samples": 2000,
    "num_chains": 4
  },
  "fit": {
    "dataset_idx": 37,
    "condition": "oddball",
    "status": "PASS",
    "attempts": [
      {
        "attempt": 1,
        "num_warmup": 2000,
        "target_accept_prob": 0.95,
        "rhat_max": 1.000926147093862,
        "ess_min": 4237.430439063895,
        "n_divergences": 0,
        "passes_rhat": true,
        "passes_ess": true,
        "passes_gate": true
      }
    ],
    "params": {
      "H": {
        "mean": 0.05952160060405731,
        "median": 0.046272292733192444,
        "sd": 0.0504513680934906,
        "hdi_2.5": 0.0002009267482208088,
        "hdi_97.5": 0.15870121121406555,
        "rhat": 1.0000502452846587,
        "ess_bulk": 5775.360348416443
      },
      "LW": {
        "mean": 0.7742455005645752,
        "median": 0.8024672269821167,
        "sd": 0.16311991214752197,
        "hdi_2.5": 0.4723545014858246,
        "hdi_97.5": 0.999758780002594,
        "rhat": 0.9999827008572962,
        "ess_bulk": 5607.317691017163
      },
      "log_UU": {
        "mean": 3.5988576412200928,
        "median": 3.036060333251953,
        "sd": 2.505683183670044,
        "hdi_2.5": 0.29794907569885254,
        "hdi_97.5": 8.5287446975708,
        "rhat": 1.0008437096602296,
        "ess_bulk": 5421.437456694086
      },
      "sigma_motor": {
        "mean": 8.306199073791504,
        "median": 8.289628982543945,
        "sd": 0.43896955251693726,
        "hdi_2.5": 7.477147102355957,
        "hdi_97.5": 9.183302879333496,
        "rhat": 1.000926147093862,
        "ess_bulk": 5966.050883806877
      },
      "sigma_LR": {
        "mean": 2.1196377277374268,
        "median": 2.0927042961120605,
        "sd": 0.7172986268997192,
        "hdi_2.5": 0.7921254634857178,
        "hdi_97.5": 3.572755813598633,
        "rhat": 1.0004839494438456,
        "ess_bulk": 4237.430439063895
      }
    },
    "n_divergences": 0,
    "n_chains": 4,
    "n_samples_per_chain": 2000
  },
  "behavior": {
    "r_obs_vs_pred": -0.19090922931689686,
    "rmse": 8.771417167345806,
    "mae": 4.775996045399938,
    "n_trials": 193
  },
  "elapsed_seconds": 70.07325530052185
}