{
  "subject_idx": 116,
  "subject_id": "SP_084813",
  "is_patient": false,
  "condition": "changepoint",
  "n_trials": 194,
  "n_blocks": 2,
  "sub_blocks_avoid_seek": [
    0,
    1
  ],
  "mcmc_config": {
    "num_warmup": 2000,
    "num_samples": 2000,
    "num_chains": 4
  },
  "fit": {
    "dataset_idx": 116,
    "condition": "changepoint",
    "status": "PASS",
    "attempts": [
      {
        "attempt": 1,
        "num_warmup": 2000,
        "target_accept_prob": 0.95,
        "rhat_max": 1.0011220495810451,
        "ess_min": 3749.4066669876556,
        "n_divergences": 0,
        "passes_rhat": true,
        "passes_ess": true,
        "passes_gate": true
      }
    ],
    "params": {
      "H": {
        "mean": 0.006328680086880922,
        "median": 0.005637338384985924,
        "sd": 0.003701181383803487,
        "hdi_2.5": 0.000555780774448067,
        "hdi_97.5": 0.01373651809990406,
        "rhat": 1.0004207406266687,
        "ess_bulk": 4331.301723327592
      },
      "LW": {
        "mean": 0.07002110779285431,
        "median": 0.06814484298229218,
        "sd": 0.02246302179992199,
        "hdi_2.5": 0.028166310861706734,
        "hdi_97.5": 0.11421452462673187,
        "rhat": 1.0002090997094715,
        "ess_bulk": 4304.76391938537
      },
      "log_UU": {
        "mean": 0.7745271325111389,
        "median": 0.7591338157653809,
        "sd": 0.19699542224407196,
        "hdi_2.5": 0.40320098400115967,
        "hdi_97.5": 1.1698788404464722,
        "rhat": 1.0010539823399536,
        "ess_bulk": 5392.407134546654
      },
      "sigma_motor": {
        "mean": 24.914527893066406,
        "median": 24.86831283569336,
        "sd": 1.8313632011413574,
        "hdi_2.5": 21.359634399414062,
        "hdi_97.5": 28.44021224975586,
        "rhat": 1.0000404366398972,
        "ess_bulk": 5340.0258553463855
      },
      "sigma_LR": {
        "mean": 4.184189319610596,
        "median": 4.162777423858643,
        "sd": 0.5813826322555542,
        "hdi_2.5": 3.085240364074707,
        "hdi_97.5": 5.369251251220703,
        "rhat": 1.0003454046995899,
        "ess_bulk": 5772.972660020431
      }
    },
    "n_divergences": 0,
    "n_chains": 4,
    "n_samples_per_chain": 2000
  },
  "behavior": {
    "r_obs_vs_pred": -0.1920568153266646,
    "rmse": 55.413508353435326,
    "mae": 26.237530446828494,
    "n_trials": 193
  },
  "elapsed_seconds": 49.44691824913025
}