{
  "subject_idx": 112,
  "subject_id": "SP_084047",
  "is_patient": false,
  "condition": "changepoint",
  "n_trials": 194,
  "n_blocks": 2,
  "sub_blocks_avoid_seek": [
    0,
    1
  ],
  "mcmc_config": {
    "num_warmup": 2000,
    "num_samples": 2000,
    "num_chains": 4
  },
  "fit": {
    "dataset_idx": 112,
    "condition": "changepoint",
    "status": "PASS",
    "attempts": [
      {
        "attempt": 1,
        "num_warmup": 2000,
        "target_accept_prob": 0.95,
        "rhat_max": 1.0024385549704176,
        "ess_min": 4265.39683112433,
        "n_divergences": 0,
        "passes_rhat": true,
        "passes_ess": true,
        "passes_gate": true
      }
    ],
    "params": {
      "H": {
        "mean": 0.00972035899758339,
        "median": 0.0091515788808465,
        "sd": 0.003873197128996253,
        "hdi_2.5": 0.0031969717238098383,
        "hdi_97.5": 0.017464693635702133,
        "rhat": 1.0012119959163064,
        "ess_bulk": 4506.351190744177
      },
      "LW": {
        "mean": 0.046140123158693314,
        "median": 0.04424777626991272,
        "sd": 0.015728604048490524,
        "hdi_2.5": 0.018242189660668373,
        "hdi_97.5": 0.07756571471691132,
        "rhat": 1.0015947955908957,
        "ess_bulk": 4691.070054661978
      },
      "log_UU": {
        "mean": 0.8904634714126587,
        "median": 0.877533495426178,
        "sd": 0.19983336329460144,
        "hdi_2.5": 0.5295847654342651,
        "hdi_97.5": 1.2927215099334717,
        "rhat": 1.0001832746498869,
        "ess_bulk": 5025.424551130665
      },
      "sigma_motor": {
        "mean": 20.316030502319336,
        "median": 20.24492645263672,
        "sd": 1.5625382661819458,
        "hdi_2.5": 17.244260787963867,
        "hdi_97.5": 23.33993911743164,
        "rhat": 1.000344645427091,
        "ess_bulk": 6109.989267622103
      },
      "sigma_LR": {
        "mean": 3.6169748306274414,
        "median": 3.5853047370910645,
        "sd": 0.5785722136497498,
        "hdi_2.5": 2.533956289291382,
        "hdi_97.5": 4.777002811431885,
        "rhat": 1.0001874613084096,
        "ess_bulk": 5754.2098471691725
      }
    },
    "n_divergences": 0,
    "n_chains": 4,
    "n_samples_per_chain": 2000
  },
  "behavior": {
    "r_obs_vs_pred": 0.001825394529427593,
    "rmse": 46.26522327356028,
    "mae": 24.80521980924001,
    "n_trials": 193
  },
  "elapsed_seconds": 32.44398903846741
}