{
  "subject_idx": 33,
  "subject_id": "SP_081437",
  "is_patient": true,
  "condition": "changepoint",
  "n_trials": 394,
  "n_blocks": 2,
  "sub_blocks_avoid_seek": [
    0,
    1
  ],
  "mcmc_config": {
    "num_warmup": 2000,
    "num_samples": 2000,
    "num_chains": 4
  },
  "fit": {
    "dataset_idx": 33,
    "condition": "changepoint",
    "status": "PASS",
    "attempts": [
      {
        "attempt": 1,
        "num_warmup": 2000,
        "target_accept_prob": 0.95,
        "rhat_max": 1.0016920710550907,
        "ess_min": 4679.741786826659,
        "n_divergences": 0,
        "passes_rhat": true,
        "passes_ess": true,
        "passes_gate": true
      }
    ],
    "params": {
      "H": {
        "mean": 0.0048741307109594345,
        "median": 0.004514243453741074,
        "sd": 0.00219190982170403,
        "hdi_2.5": 0.0011668307706713676,
        "hdi_97.5": 0.009124749340116978,
        "rhat": 1.0006337804105958,
        "ess_bulk": 4814.146241455764
      },
      "LW": {
        "mean": 0.051268309354782104,
        "median": 0.0504179373383522,
        "sd": 0.011543722823262215,
        "hdi_2.5": 0.02983185462653637,
        "hdi_97.5": 0.07428332418203354,
        "rhat": 1.00051502468598,
        "ess_bulk": 5132.99172423435
      },
      "log_UU": {
        "mean": 1.0884333848953247,
        "median": 1.0771048069000244,
        "sd": 0.22053223848342896,
        "hdi_2.5": 0.6892821788787842,
        "hdi_97.5": 1.5342621803283691,
        "rhat": 1.0004831311485358,
        "ess_bulk": 6093.0737584078815
      },
      "sigma_motor": {
        "mean": 32.28185272216797,
        "median": 32.23255157470703,
        "sd": 1.6720161437988281,
        "hdi_2.5": 29.136728286743164,
        "hdi_97.5": 35.64019775390625,
        "rhat": 1.001547403908212,
        "ess_bulk": 5444.376962986892
      },
      "sigma_LR": {
        "mean": 4.380777359008789,
        "median": 4.366752624511719,
        "sd": 0.6734921932220459,
        "hdi_2.5": 3.066723346710205,
        "hdi_97.5": 5.661151885986328,
        "rhat": 1.0012441142984683,
        "ess_bulk": 6498.65397613356
      }
    },
    "n_divergences": 0,
    "n_chains": 4,
    "n_samples_per_chain": 2000
  },
  "behavior": {
    "r_obs_vs_pred": 0.04874319265336062,
    "rmse": 46.2002232496237,
    "mae": 28.76628661844358,
    "n_trials": 393
  },
  "elapsed_seconds": 62.40501308441162
}