{
  "subject_idx": 101,
  "subject_id": "SP_85263",
  "is_patient": true,
  "condition": "oddball",
  "n_trials": 194,
  "n_blocks": 2,
  "sub_blocks_avoid_seek": [
    2,
    3
  ],
  "mcmc_config": {
    "num_warmup": 2000,
    "num_samples": 2000,
    "num_chains": 4
  },
  "fit": {
    "dataset_idx": 101,
    "condition": "oddball",
    "status": "PASS",
    "attempts": [
      {
        "attempt": 1,
        "num_warmup": 2000,
        "target_accept_prob": 0.95,
        "rhat_max": 1.0026044906411302,
        "ess_min": 1913.7058878312464,
        "n_divergences": 0,
        "passes_rhat": true,
        "passes_ess": true,
        "passes_gate": true
      }
    ],
    "params": {
      "H": {
        "mean": 0.3477192521095276,
        "median": 0.3684189021587372,
        "sd": 0.10188623517751694,
        "hdi_2.5": 0.12833184003829956,
        "hdi_97.5": 0.5164718627929688,
        "rhat": 1.0017033032885199,
        "ess_bulk": 2060.821718053362
      },
      "LW": {
        "mean": 0.01990056224167347,
        "median": 0.016135362908244133,
        "sd": 0.015481092035770416,
        "hdi_2.5": 0.0005436530918814242,
        "hdi_97.5": 0.04835979640483856,
        "rhat": 1.0022098578507084,
        "ess_bulk": 2199.8796811726306
      },
      "log_UU": {
        "mean": 0.0018723352113738656,
        "median": 0.001299950061365962,
        "sd": 0.0018683060770854354,
        "hdi_2.5": 1.0913940968748648e-06,
        "hdi_97.5": 0.005540207959711552,
        "rhat": 0.9999074769129339,
        "ess_bulk": 4390.902126547597
      },
      "sigma_motor": {
        "mean": 14.130818367004395,
        "median": 13.92997932434082,
        "sd": 1.7223986387252808,
        "hdi_2.5": 10.917515754699707,
        "hdi_97.5": 17.641069412231445,
        "rhat": 1.0018962898208592,
        "ess_bulk": 2337.9244648712456
      },
      "sigma_LR": {
        "mean": 2.581382989883423,
        "median": 2.526379108428955,
        "sd": 0.47531089186668396,
        "hdi_2.5": 1.756024956703186,
        "hdi_97.5": 3.5657548904418945,
        "rhat": 1.000870167077765,
        "ess_bulk": 3084.3272150927023
      }
    },
    "n_divergences": 0,
    "n_chains": 4,
    "n_samples_per_chain": 2000
  },
  "behavior": {
    "r_obs_vs_pred": -0.34384347918830876,
    "rmse": 37.62179134150495,
    "mae": 15.75624341633499,
    "n_trials": 193
  },
  "elapsed_seconds": 77.29113864898682
}