{
  "subject_idx": 101,
  "subject_id": "SP_85263",
  "is_patient": true,
  "condition": "changepoint",
  "n_trials": 194,
  "n_blocks": 2,
  "sub_blocks_avoid_seek": [
    0,
    1
  ],
  "mcmc_config": {
    "num_warmup": 2000,
    "num_samples": 2000,
    "num_chains": 4
  },
  "fit": {
    "dataset_idx": 101,
    "condition": "changepoint",
    "status": "PASS",
    "attempts": [
      {
        "attempt": 1,
        "num_warmup": 2000,
        "target_accept_prob": 0.95,
        "rhat_max": 1.0018831870372868,
        "ess_min": 4907.424575901282,
        "n_divergences": 0,
        "passes_rhat": true,
        "passes_ess": true,
        "passes_gate": true
      }
    ],
    "params": {
      "H": {
        "mean": 0.008959298953413963,
        "median": 0.008455254137516022,
        "sd": 0.003533522365614772,
        "hdi_2.5": 0.002896747784689069,
        "hdi_97.5": 0.015873441472649574,
        "rhat": 1.000731139144967,
        "ess_bulk": 4999.437199507472
      },
      "LW": {
        "mean": 0.15954333543777466,
        "median": 0.15746483206748962,
        "sd": 0.03314615786075592,
        "hdi_2.5": 0.09770742803812027,
        "hdi_97.5": 0.22459980845451355,
        "rhat": 1.0007574882237464,
        "ess_bulk": 5783.089616375285
      },
      "log_UU": {
        "mean": 0.8442947864532471,
        "median": 0.8322902917861938,
        "sd": 0.1726028025150299,
        "hdi_2.5": 0.5224013328552246,
        "hdi_97.5": 1.1882233619689941,
        "rhat": 0.9999027905333667,
        "ess_bulk": 5569.051375707789
      },
      "sigma_motor": {
        "mean": 14.84335708618164,
        "median": 14.795124053955078,
        "sd": 1.3378000259399414,
        "hdi_2.5": 12.26513385772705,
        "hdi_97.5": 17.463340759277344,
        "rhat": 1.0006683875951712,
        "ess_bulk": 5747.238148148817
      },
      "sigma_LR": {
        "mean": 4.195036888122559,
        "median": 4.170939922332764,
        "sd": 0.537552535533905,
        "hdi_2.5": 3.1604483127593994,
        "hdi_97.5": 5.256906986236572,
        "rhat": 1.0001112562671357,
        "ess_bulk": 5407.075024477635
      }
    },
    "n_divergences": 0,
    "n_chains": 4,
    "n_samples_per_chain": 2000
  },
  "behavior": {
    "r_obs_vs_pred": 0.08022322570693516,
    "rmse": 40.53874022433124,
    "mae": 21.182377765350854,
    "n_trials": 193
  },
  "elapsed_seconds": 60.913159132003784
}